id,Polling Center,Party_ID,Party,Votes,Municipality
2,0201C,121,ALEANCA PËR ARDHMËRINË E KOSOVËS,915,Gjakovë
2,0201C,144,LËVIZJA VETËVENDOSJE!,1516,Gjakovë
2,0202C,121,ALEANCA PËR ARDHMËRINË E KOSOVËS,1332,Gjakovë
2,0202C,144,LËVIZJA VETËVENDOSJE!,2142,Gjakovë
2,0202X,121,ALEANCA PËR ARDHMËRINË E KOSOVËS,2029,Gjakovë
2,0202X,144,LËVIZJA VETËVENDOSJE!,3522,Gjakovë
2,0203C,121,ALEANCA PËR ARDHMËRINË E KOSOVËS,683,Gjakovë
2,0203C,144,LËVIZJA VETËVENDOSJE!,1196,Gjakovë
2,0203X,121,ALEANCA PËR ARDHMËRINË E KOSOVËS,582,Gjakovë
2,0203X,144,LËVIZJA VETËVENDOSJE!,1051,Gjakovë
2,0204C,121,ALEANCA PËR ARDHMËRINË E KOSOVËS,1001,Gjakovë
2,0204C,144,LËVIZJA VETËVENDOSJE!,1718,Gjakovë
2,0205C,121,ALEANCA PËR ARDHMËRINË E KOSOVËS,1359,Gjakovë
2,0205C,144,LËVIZJA VETËVENDOSJE!,2086,Gjakovë
2,0206C,121,ALEANCA PËR ARDHMËRINË E KOSOVËS,293,Gjakovë
2,0206C,144,LËVIZJA VETËVENDOSJE!,153,Gjakovë
2,0207C,121,ALEANCA PËR ARDHMËRINË E KOSOVËS,568,Gjakovë
2,0207C,144,LËVIZJA VETËVENDOSJE!,139,Gjakovë
2,0208C,121,ALEANCA PËR ARDHMËRINË E KOSOVËS,715,Gjakovë
2,0208C,144,LËVIZJA VETËVENDOSJE!,92,Gjakovë
2,0209C,121,ALEANCA PËR ARDHMËRINË E KOSOVËS,300,Gjakovë
2,0209C,144,LËVIZJA VETËVENDOSJE!,39,Gjakovë
2,0210C,121,ALEANCA PËR ARDHMËRINË E KOSOVËS,576,Gjakovë
2,0210C,144,LËVIZJA VETËVENDOSJE!,162,Gjakovë
2,0211C,121,ALEANCA PËR ARDHMËRINË E KOSOVËS,365,Gjakovë
2,0211C,144,LËVIZJA VETËVENDOSJE!,56,Gjakovë
2,0212C,121,ALEANCA PËR ARDHMËRINË E KOSOVËS,620,Gjakovë
2,0212C,144,LËVIZJA VETËVENDOSJE!,400,Gjakovë
2,0213C,121,ALEANCA PËR ARDHMËRINË E KOSOVËS,506,Gjakovë
2,0213C,144,LËVIZJA VETËVENDOSJE!,96,Gjakovë
2,0214C,121,ALEANCA PËR ARDHMËRINË E KOSOVËS,776,Gjakovë
2,0214C,144,LËVIZJA VETËVENDOSJE!,103,Gjakovë
2,0215C,121,ALEANCA PËR ARDHMËRINË E KOSOVËS,525,Gjakovë
2,0215C,144,LËVIZJA VETËVENDOSJE!,126,Gjakovë
2,0216C,121,ALEANCA PËR ARDHMËRINË E KOSOVËS,496,Gjakovë
2,0216C,144,LËVIZJA VETËVENDOSJE!,54,Gjakovë
2,0217C,121,ALEANCA PËR ARDHMËRINË E KOSOVËS,132,Gjakovë
2,0217C,144,LËVIZJA VETËVENDOSJE!,34,Gjakovë
2,0218C,121,ALEANCA PËR ARDHMËRINË E KOSOVËS,321,Gjakovë
2,0218C,144,LËVIZJA VETËVENDOSJE!,30,Gjakovë
2,0219C,121,ALEANCA PËR ARDHMËRINË E KOSOVËS,441,Gjakovë
2,0219C,144,LËVIZJA VETËVENDOSJE!,35,Gjakovë
2,0220C,121,ALEANCA PËR ARDHMËRINË E KOSOVËS,315,Gjakovë
2,0220C,144,LËVIZJA VETËVENDOSJE!,25,Gjakovë
2,0221C,121,ALEANCA PËR ARDHMËRINË E KOSOVËS,492,Gjakovë
2,0221C,144,LËVIZJA VETËVENDOSJE!,95,Gjakovë
2,0222C,121,ALEANCA PËR ARDHMËRINË E KOSOVËS,687,Gjakovë
2,0222C,144,LËVIZJA VETËVENDOSJE!,118,Gjakovë
2,0223C,121,ALEANCA PËR ARDHMËRINË E KOSOVËS,486,Gjakovë
2,0223C,144,LËVIZJA VETËVENDOSJE!,153,Gjakovë
2,0224C,121,ALEANCA PËR ARDHMËRINË E KOSOVËS,467,Gjakovë
2,0224C,144,LËVIZJA VETËVENDOSJE!,72,Gjakovë
2,0225C,121,ALEANCA PËR ARDHMËRINË E KOSOVËS,945,Gjakovë
2,0225C,144,LËVIZJA VETËVENDOSJE!,154,Gjakovë
2,0226C,121,ALEANCA PËR ARDHMËRINË E KOSOVËS,537,Gjakovë
2,0226C,144,LËVIZJA VETËVENDOSJE!,181,Gjakovë
2,0227C,121,ALEANCA PËR ARDHMËRINË E KOSOVËS,284,Gjakovë
2,0227C,144,LËVIZJA VETËVENDOSJE!,58,Gjakovë
2,0228C,121,ALEANCA PËR ARDHMËRINË E KOSOVËS,300,Gjakovë
2,0228C,144,LËVIZJA VETËVENDOSJE!,71,Gjakovë
2,0229C,121,ALEANCA PËR ARDHMËRINË E KOSOVËS,385,Gjakovë
2,0229C,144,LËVIZJA VETËVENDOSJE!,79,Gjakovë
2,0230C,121,ALEANCA PËR ARDHMËRINË E KOSOVËS,233,Gjakovë
2,0230C,144,LËVIZJA VETËVENDOSJE!,20,Gjakovë
2,0231C,121,ALEANCA PËR ARDHMËRINË E KOSOVËS,307,Gjakovë
2,0231C,144,LËVIZJA VETËVENDOSJE!,70,Gjakovë
2,0232C,121,ALEANCA PËR ARDHMËRINË E KOSOVËS,270,Gjakovë
2,0232C,144,LËVIZJA VETËVENDOSJE!,27,Gjakovë
2,BM002,121,ALEANCA PËR ARDHMËRINË E KOSOVËS,74,Gjakovë
2,BM002,144,LËVIZJA VETËVENDOSJE!,82,Gjakovë
2,CB102,121,ALEANCA PËR ARDHMËRINË E KOSOVËS,479,Gjakovë
2,CB102,144,LËVIZJA VETËVENDOSJE!,403,Gjakovë
3,0301X,177,PARTIA DEMOKRATIKE E KOSOVËS,559,Drenas
3,0301X,182,DEMOKRATËT PËR DRENASIN,634,Drenas
3,0301E,177,PARTIA DEMOKRATIKE E KOSOVËS,780,Drenas
3,0301E,182,DEMOKRATËT PËR DRENASIN,862,Drenas
3,0302E,177,PARTIA DEMOKRATIKE E KOSOVËS,845,Drenas
3,0302E,182,DEMOKRATËT PËR DRENASIN,901,Drenas
3,0303E,177,PARTIA DEMOKRATIKE E KOSOVËS,387,Drenas
3,0303E,182,DEMOKRATËT PËR DRENASIN,154,Drenas
3,0304E,177,PARTIA DEMOKRATIKE E KOSOVËS,367,Drenas
3,0304E,182,DEMOKRATËT PËR DRENASIN,268,Drenas
3,0305E,177,PARTIA DEMOKRATIKE E KOSOVËS,159,Drenas
3,0305E,182,DEMOKRATËT PËR DRENASIN,104,Drenas
3,0306E,177,PARTIA DEMOKRATIKE E KOSOVËS,886,Drenas
3,0306E,182,DEMOKRATËT PËR DRENASIN,607,Drenas
3,0307E,177,PARTIA DEMOKRATIKE E KOSOVËS,223,Drenas
3,0307E,182,DEMOKRATËT PËR DRENASIN,327,Drenas
3,0308E,177,PARTIA DEMOKRATIKE E KOSOVËS,537,Drenas
3,0308E,182,DEMOKRATËT PËR DRENASIN,294,Drenas
3,0309E,177,PARTIA DEMOKRATIKE E KOSOVËS,485,Drenas
3,0309E,182,DEMOKRATËT PËR DRENASIN,267,Drenas
3,0310E,177,PARTIA DEMOKRATIKE E KOSOVËS,588,Drenas
3,0310E,182,DEMOKRATËT PËR DRENASIN,458,Drenas
3,0311E,177,PARTIA DEMOKRATIKE E KOSOVËS,311,Drenas
3,0311E,182,DEMOKRATËT PËR DRENASIN,565,Drenas
3,0312E,177,PARTIA DEMOKRATIKE E KOSOVËS,177,Drenas
3,0312E,182,DEMOKRATËT PËR DRENASIN,63,Drenas
3,0313E,177,PARTIA DEMOKRATIKE E KOSOVËS,483,Drenas
3,0313E,182,DEMOKRATËT PËR DRENASIN,477,Drenas
3,0314E,177,PARTIA DEMOKRATIKE E KOSOVËS,375,Drenas
3,0314E,182,DEMOKRATËT PËR DRENASIN,223,Drenas
3,0315E,177,PARTIA DEMOKRATIKE E KOSOVËS,408,Drenas
3,0315E,182,DEMOKRATËT PËR DRENASIN,367,Drenas
3,0316E,177,PARTIA DEMOKRATIKE E KOSOVËS,470,Drenas
3,0316E,182,DEMOKRATËT PËR DRENASIN,278,Drenas
3,0317E,177,PARTIA DEMOKRATIKE E KOSOVËS,592,Drenas
3,0317E,182,DEMOKRATËT PËR DRENASIN,520,Drenas
3,0318E,177,PARTIA DEMOKRATIKE E KOSOVËS,217,Drenas
3,0318E,182,DEMOKRATËT PËR DRENASIN,139,Drenas
3,0319E,177,PARTIA DEMOKRATIKE E KOSOVËS,430,Drenas
3,0319E,182,DEMOKRATËT PËR DRENASIN,445,Drenas
3,0320E,177,PARTIA DEMOKRATIKE E KOSOVËS,436,Drenas
3,0320E,182,DEMOKRATËT PËR DRENASIN,367,Drenas
3,0321E,177,PARTIA DEMOKRATIKE E KOSOVËS,350,Drenas
3,0321E,182,DEMOKRATËT PËR DRENASIN,140,Drenas
3,0322E,177,PARTIA DEMOKRATIKE E KOSOVËS,251,Drenas
3,0322E,182,DEMOKRATËT PËR DRENASIN,292,Drenas
3,0323E,177,PARTIA DEMOKRATIKE E KOSOVËS,244,Drenas
3,0323E,182,DEMOKRATËT PËR DRENASIN,190,Drenas
3,0324E,177,PARTIA DEMOKRATIKE E KOSOVËS,105,Drenas
3,0324E,182,DEMOKRATËT PËR DRENASIN,179,Drenas
3,0325E,177,PARTIA DEMOKRATIKE E KOSOVËS,255,Drenas
3,0325E,182,DEMOKRATËT PËR DRENASIN,189,Drenas
3,0326E,177,PARTIA DEMOKRATIKE E KOSOVËS,169,Drenas
3,0326E,182,DEMOKRATËT PËR DRENASIN,113,Drenas
3,0327E,177,PARTIA DEMOKRATIKE E KOSOVËS,317,Drenas
3,0327E,182,DEMOKRATËT PËR DRENASIN,324,Drenas
3,0328E,177,PARTIA DEMOKRATIKE E KOSOVËS,190,Drenas
3,0328E,182,DEMOKRATËT PËR DRENASIN,92,Drenas
3,BM003,177,PARTIA DEMOKRATIKE E KOSOVËS,1,Drenas
3,BM003,182,DEMOKRATËT PËR DRENASIN,4,Drenas
3,CB103,177,PARTIA DEMOKRATIKE E KOSOVËS,307,Drenas
3,CB103,182,DEMOKRATËT PËR DRENASIN,233,Drenas
4,0401D,144,LËVIZJA VETËVENDOSJE!,3456,Gjilan
4,0401D,160,LIDHJA DEMOKRATIKE E KOSOVËS,3024,Gjilan
4,0401X,144,LËVIZJA VETËVENDOSJE!,3751,Gjilan
4,0401X,160,LIDHJA DEMOKRATIKE E KOSOVËS,3104,Gjilan
4,0402D,144,LËVIZJA VETËVENDOSJE!,1791,Gjilan
4,0402D,160,LIDHJA DEMOKRATIKE E KOSOVËS,1686,Gjilan
4,0402X,144,LËVIZJA VETËVENDOSJE!,1787,Gjilan
4,0402X,160,LIDHJA DEMOKRATIKE E KOSOVËS,1499,Gjilan
4,0403D,144,LËVIZJA VETËVENDOSJE!,1404,Gjilan
4,0403D,160,LIDHJA DEMOKRATIKE E KOSOVËS,1242,Gjilan
4,0403X,144,LËVIZJA VETËVENDOSJE!,1536,Gjilan
4,0403X,160,LIDHJA DEMOKRATIKE E KOSOVËS,1268,Gjilan
4,0404D,144,LËVIZJA VETËVENDOSJE!,733,Gjilan
4,0404D,160,LIDHJA DEMOKRATIKE E KOSOVËS,675,Gjilan
4,0405D,144,LËVIZJA VETËVENDOSJE!,108,Gjilan
4,0405D,160,LIDHJA DEMOKRATIKE E KOSOVËS,141,Gjilan
4,0406D,144,LËVIZJA VETËVENDOSJE!,627,Gjilan
4,0406D,160,LIDHJA DEMOKRATIKE E KOSOVËS,622,Gjilan
4,0407D,144,LËVIZJA VETËVENDOSJE!,659,Gjilan
4,0407D,160,LIDHJA DEMOKRATIKE E KOSOVËS,780,Gjilan
4,0408D,144,LËVIZJA VETËVENDOSJE!,243,Gjilan
4,0408D,160,LIDHJA DEMOKRATIKE E KOSOVËS,323,Gjilan
4,0409D,144,LËVIZJA VETËVENDOSJE!,843,Gjilan
4,0409D,160,LIDHJA DEMOKRATIKE E KOSOVËS,943,Gjilan
4,0410D,144,LËVIZJA VETËVENDOSJE!,534,Gjilan
4,0410D,160,LIDHJA DEMOKRATIKE E KOSOVËS,550,Gjilan
4,0411D,144,LËVIZJA VETËVENDOSJE!,228,Gjilan
4,0411D,160,LIDHJA DEMOKRATIKE E KOSOVËS,197,Gjilan
4,0412D,144,LËVIZJA VETËVENDOSJE!,2,Gjilan
4,0412D,160,LIDHJA DEMOKRATIKE E KOSOVËS,31,Gjilan
4,0415D,144,LËVIZJA VETËVENDOSJE!,44,Gjilan
4,0415D,160,LIDHJA DEMOKRATIKE E KOSOVËS,384,Gjilan
4,0420D,144,LËVIZJA VETËVENDOSJE!,103,Gjilan
4,0420D,160,LIDHJA DEMOKRATIKE E KOSOVËS,180,Gjilan
4,0422D,144,LËVIZJA VETËVENDOSJE!,6,Gjilan
4,0422D,160,LIDHJA DEMOKRATIKE E KOSOVËS,47,Gjilan
4,0423D,144,LËVIZJA VETËVENDOSJE!,624,Gjilan
4,0423D,160,LIDHJA DEMOKRATIKE E KOSOVËS,480,Gjilan
4,0428D,144,LËVIZJA VETËVENDOSJE!,46,Gjilan
4,0428D,160,LIDHJA DEMOKRATIKE E KOSOVËS,146,Gjilan
4,0429D,144,LËVIZJA VETËVENDOSJE!,557,Gjilan
4,0429D,160,LIDHJA DEMOKRATIKE E KOSOVËS,523,Gjilan
4,0430D,144,LËVIZJA VETËVENDOSJE!,541,Gjilan
4,0430D,160,LIDHJA DEMOKRATIKE E KOSOVËS,537,Gjilan
4,0434D,144,LËVIZJA VETËVENDOSJE!,4,Gjilan
4,0434D,160,LIDHJA DEMOKRATIKE E KOSOVËS,13,Gjilan
4,0437D,144,LËVIZJA VETËVENDOSJE!,339,Gjilan
4,0437D,160,LIDHJA DEMOKRATIKE E KOSOVËS,366,Gjilan
4,0438D,144,LËVIZJA VETËVENDOSJE!,74,Gjilan
4,0438D,160,LIDHJA DEMOKRATIKE E KOSOVËS,195,Gjilan
4,0439D,144,LËVIZJA VETËVENDOSJE!,513,Gjilan
4,0439D,160,LIDHJA DEMOKRATIKE E KOSOVËS,518,Gjilan
4,0440D,144,LËVIZJA VETËVENDOSJE!,196,Gjilan
4,0440D,160,LIDHJA DEMOKRATIKE E KOSOVËS,262,Gjilan
4,0441D,144,LËVIZJA VETËVENDOSJE!,256,Gjilan
4,0441D,160,LIDHJA DEMOKRATIKE E KOSOVËS,251,Gjilan
4,0442D,144,LËVIZJA VETËVENDOSJE!,104,Gjilan
4,0442D,160,LIDHJA DEMOKRATIKE E KOSOVËS,162,Gjilan
4,0443D,144,LËVIZJA VETËVENDOSJE!,79,Gjilan
4,0443D,160,LIDHJA DEMOKRATIKE E KOSOVËS,62,Gjilan
4,0444D,144,LËVIZJA VETËVENDOSJE!,70,Gjilan
4,0444D,160,LIDHJA DEMOKRATIKE E KOSOVËS,51,Gjilan
4,0445D,144,LËVIZJA VETËVENDOSJE!,40,Gjilan
4,0445D,160,LIDHJA DEMOKRATIKE E KOSOVËS,105,Gjilan
4,0446D,144,LËVIZJA VETËVENDOSJE!,7,Gjilan
4,0446D,160,LIDHJA DEMOKRATIKE E KOSOVËS,90,Gjilan
4,0447D,144,LËVIZJA VETËVENDOSJE!,69,Gjilan
4,0447D,160,LIDHJA DEMOKRATIKE E KOSOVËS,58,Gjilan
4,BM004,144,LËVIZJA VETËVENDOSJE!,148,Gjilan
4,BM004,160,LIDHJA DEMOKRATIKE E KOSOVËS,65,Gjilan
4,CB104,144,LËVIZJA VETËVENDOSJE!,278,Gjilan
4,CB104,160,LIDHJA DEMOKRATIKE E KOSOVËS,285,Gjilan
5,0501A,160,LIDHJA DEMOKRATIKE E KOSOVËS,132,Dragash
5,0501A,177,PARTIA DEMOKRATIKE E KOSOVËS,157,Dragash
5,0501X,160,LIDHJA DEMOKRATIKE E KOSOVËS,176,Dragash
5,0501X,177,PARTIA DEMOKRATIKE E KOSOVËS,190,Dragash
5,0502A,160,LIDHJA DEMOKRATIKE E KOSOVËS,117,Dragash
5,0502A,177,PARTIA DEMOKRATIKE E KOSOVËS,204,Dragash
5,0503A,160,LIDHJA DEMOKRATIKE E KOSOVËS,97,Dragash
5,0503A,177,PARTIA DEMOKRATIKE E KOSOVËS,292,Dragash
5,0504A,160,LIDHJA DEMOKRATIKE E KOSOVËS,81,Dragash
5,0504A,177,PARTIA DEMOKRATIKE E KOSOVËS,112,Dragash
5,0505A,160,LIDHJA DEMOKRATIKE E KOSOVËS,129,Dragash
5,0505A,177,PARTIA DEMOKRATIKE E KOSOVËS,57,Dragash
5,0506A,160,LIDHJA DEMOKRATIKE E KOSOVËS,308,Dragash
5,0506A,177,PARTIA DEMOKRATIKE E KOSOVËS,272,Dragash
5,0507A,160,LIDHJA DEMOKRATIKE E KOSOVËS,908,Dragash
5,0507A,177,PARTIA DEMOKRATIKE E KOSOVËS,949,Dragash
5,0508A,160,LIDHJA DEMOKRATIKE E KOSOVËS,385,Dragash
5,0508A,177,PARTIA DEMOKRATIKE E KOSOVËS,433,Dragash
5,0509A,160,LIDHJA DEMOKRATIKE E KOSOVËS,313,Dragash
5,0509A,177,PARTIA DEMOKRATIKE E KOSOVËS,104,Dragash
5,0510A,160,LIDHJA DEMOKRATIKE E KOSOVËS,449,Dragash
5,0510A,177,PARTIA DEMOKRATIKE E KOSOVËS,471,Dragash
5,0511A,160,LIDHJA DEMOKRATIKE E KOSOVËS,239,Dragash
5,0511A,177,PARTIA DEMOKRATIKE E KOSOVËS,250,Dragash
5,0512A,160,LIDHJA DEMOKRATIKE E KOSOVËS,204,Dragash
5,0512A,177,PARTIA DEMOKRATIKE E KOSOVËS,172,Dragash
5,0513A,160,LIDHJA DEMOKRATIKE E KOSOVËS,199,Dragash
5,0513A,177,PARTIA DEMOKRATIKE E KOSOVËS,209,Dragash
5,0514A,160,LIDHJA DEMOKRATIKE E KOSOVËS,18,Dragash
5,0514A,177,PARTIA DEMOKRATIKE E KOSOVËS,23,Dragash
5,0515A,160,LIDHJA DEMOKRATIKE E KOSOVËS,128,Dragash
5,0515A,177,PARTIA DEMOKRATIKE E KOSOVËS,127,Dragash
5,0516A,160,LIDHJA DEMOKRATIKE E KOSOVËS,55,Dragash
5,0516A,177,PARTIA DEMOKRATIKE E KOSOVËS,104,Dragash
5,0517A,160,LIDHJA DEMOKRATIKE E KOSOVËS,31,Dragash
5,0517A,177,PARTIA DEMOKRATIKE E KOSOVËS,45,Dragash
5,0518A,160,LIDHJA DEMOKRATIKE E KOSOVËS,238,Dragash
5,0518A,177,PARTIA DEMOKRATIKE E KOSOVËS,232,Dragash
5,0519A,160,LIDHJA DEMOKRATIKE E KOSOVËS,48,Dragash
5,0519A,177,PARTIA DEMOKRATIKE E KOSOVËS,40,Dragash
5,0520A,160,LIDHJA DEMOKRATIKE E KOSOVËS,47,Dragash
5,0520A,177,PARTIA DEMOKRATIKE E KOSOVËS,96,Dragash
5,0521A,160,LIDHJA DEMOKRATIKE E KOSOVËS,47,Dragash
5,0521A,177,PARTIA DEMOKRATIKE E KOSOVËS,58,Dragash
5,0522A,160,LIDHJA DEMOKRATIKE E KOSOVËS,129,Dragash
5,0522A,177,PARTIA DEMOKRATIKE E KOSOVËS,84,Dragash
5,0523A,160,LIDHJA DEMOKRATIKE E KOSOVËS,402,Dragash
5,0523A,177,PARTIA DEMOKRATIKE E KOSOVËS,245,Dragash
5,0524A,160,LIDHJA DEMOKRATIKE E KOSOVËS,226,Dragash
5,0524A,177,PARTIA DEMOKRATIKE E KOSOVËS,190,Dragash
5,0525A,160,LIDHJA DEMOKRATIKE E KOSOVËS,41,Dragash
5,0525A,177,PARTIA DEMOKRATIKE E KOSOVËS,29,Dragash
5,0526A,160,LIDHJA DEMOKRATIKE E KOSOVËS,103,Dragash
5,0526A,177,PARTIA DEMOKRATIKE E KOSOVËS,161,Dragash
5,0527A,160,LIDHJA DEMOKRATIKE E KOSOVËS,77,Dragash
5,0527A,177,PARTIA DEMOKRATIKE E KOSOVËS,27,Dragash
5,0528A,160,LIDHJA DEMOKRATIKE E KOSOVËS,97,Dragash
5,0528A,177,PARTIA DEMOKRATIKE E KOSOVËS,75,Dragash
5,0529A,160,LIDHJA DEMOKRATIKE E KOSOVËS,15,Dragash
5,0529A,177,PARTIA DEMOKRATIKE E KOSOVËS,12,Dragash
5,0530A,160,LIDHJA DEMOKRATIKE E KOSOVËS,13,Dragash
5,0530A,177,PARTIA DEMOKRATIKE E KOSOVËS,12,Dragash
5,0531A,160,LIDHJA DEMOKRATIKE E KOSOVËS,12,Dragash
5,0531A,177,PARTIA DEMOKRATIKE E KOSOVËS,45,Dragash
5,0532A,160,LIDHJA DEMOKRATIKE E KOSOVËS,42,Dragash
5,0532A,177,PARTIA DEMOKRATIKE E KOSOVËS,70,Dragash
5,0533A,160,LIDHJA DEMOKRATIKE E KOSOVËS,95,Dragash
5,0533A,177,PARTIA DEMOKRATIKE E KOSOVËS,101,Dragash
5,BM005,160,LIDHJA DEMOKRATIKE E KOSOVËS,470,Dragash
5,BM005,177,PARTIA DEMOKRATIKE E KOSOVËS,173,Dragash
5,CB105,160,LIDHJA DEMOKRATIKE E KOSOVËS,121,Dragash
5,CB105,177,PARTIA DEMOKRATIKE E KOSOVËS,91,Dragash
6,0601C,121,ALEANCA PËR ARDHMËRINË E KOSOVËS,1252,Istog
6,0601C,160,LIDHJA DEMOKRATIKE E KOSOVËS,1992,Istog
6,0602C,121,ALEANCA PËR ARDHMËRINË E KOSOVËS,857,Istog
6,0602C,160,LIDHJA DEMOKRATIKE E KOSOVËS,1212,Istog
6,0603C,121,ALEANCA PËR ARDHMËRINË E KOSOVËS,129,Istog
6,0603C,160,LIDHJA DEMOKRATIKE E KOSOVËS,183,Istog
6,0604C,121,ALEANCA PËR ARDHMËRINË E KOSOVËS,611,Istog
6,0604C,160,LIDHJA DEMOKRATIKE E KOSOVËS,1049,Istog
6,0605C,121,ALEANCA PËR ARDHMËRINË E KOSOVËS,307,Istog
6,0605C,160,LIDHJA DEMOKRATIKE E KOSOVËS,462,Istog
6,0606C,121,ALEANCA PËR ARDHMËRINË E KOSOVËS,929,Istog
6,0606C,160,LIDHJA DEMOKRATIKE E KOSOVËS,941,Istog
6,0607C,121,ALEANCA PËR ARDHMËRINË E KOSOVËS,252,Istog
6,0607C,160,LIDHJA DEMOKRATIKE E KOSOVËS,269,Istog
6,0608C,121,ALEANCA PËR ARDHMËRINË E KOSOVËS,340,Istog
6,0608C,160,LIDHJA DEMOKRATIKE E KOSOVËS,475,Istog
6,0609C,121,ALEANCA PËR ARDHMËRINË E KOSOVËS,172,Istog
6,0609C,160,LIDHJA DEMOKRATIKE E KOSOVËS,161,Istog
6,0610C,121,ALEANCA PËR ARDHMËRINË E KOSOVËS,125,Istog
6,0610C,160,LIDHJA DEMOKRATIKE E KOSOVËS,107,Istog
6,0612C,121,ALEANCA PËR ARDHMËRINË E KOSOVËS,191,Istog
6,0612C,160,LIDHJA DEMOKRATIKE E KOSOVËS,345,Istog
6,0613C,121,ALEANCA PËR ARDHMËRINË E KOSOVËS,128,Istog
6,0613C,160,LIDHJA DEMOKRATIKE E KOSOVËS,223,Istog
6,0614C,121,ALEANCA PËR ARDHMËRINË E KOSOVËS,101,Istog
6,0614C,160,LIDHJA DEMOKRATIKE E KOSOVËS,152,Istog
6,0615C,121,ALEANCA PËR ARDHMËRINË E KOSOVËS,189,Istog
6,0615C,160,LIDHJA DEMOKRATIKE E KOSOVËS,142,Istog
6,0617C,121,ALEANCA PËR ARDHMËRINË E KOSOVËS,251,Istog
6,0617C,160,LIDHJA DEMOKRATIKE E KOSOVËS,191,Istog
6,0618C,121,ALEANCA PËR ARDHMËRINË E KOSOVËS,52,Istog
6,0618C,160,LIDHJA DEMOKRATIKE E KOSOVËS,46,Istog
6,0619C,121,ALEANCA PËR ARDHMËRINË E KOSOVËS,486,Istog
6,0619C,160,LIDHJA DEMOKRATIKE E KOSOVËS,256,Istog
6,0620C,121,ALEANCA PËR ARDHMËRINË E KOSOVËS,386,Istog
6,0620C,160,LIDHJA DEMOKRATIKE E KOSOVËS,586,Istog
6,0621C,121,ALEANCA PËR ARDHMËRINË E KOSOVËS,241,Istog
6,0621C,160,LIDHJA DEMOKRATIKE E KOSOVËS,290,Istog
6,0622C,121,ALEANCA PËR ARDHMËRINË E KOSOVËS,248,Istog
6,0622C,160,LIDHJA DEMOKRATIKE E KOSOVËS,254,Istog
6,0623C,121,ALEANCA PËR ARDHMËRINË E KOSOVËS,159,Istog
6,0623C,160,LIDHJA DEMOKRATIKE E KOSOVËS,168,Istog
6,BM006,121,ALEANCA PËR ARDHMËRINË E KOSOVËS,22,Istog
6,BM006,160,LIDHJA DEMOKRATIKE E KOSOVËS,48,Istog
6,CB106,121,ALEANCA PËR ARDHMËRINË E KOSOVËS,145,Istog
6,CB106,160,LIDHJA DEMOKRATIKE E KOSOVËS,148,Istog
7,0701D,144,LËVIZJA VETËVENDOSJE!,1155,Kaçanik
7,0701D,177,PARTIA DEMOKRATIKE E KOSOVËS,532,Kaçanik
7,0701X,144,LËVIZJA VETËVENDOSJE!,2002,Kaçanik
7,0701X,177,PARTIA DEMOKRATIKE E KOSOVËS,701,Kaçanik
7,0702D,144,LËVIZJA VETËVENDOSJE!,245,Kaçanik
7,0702D,177,PARTIA DEMOKRATIKE E KOSOVËS,372,Kaçanik
7,0703D,144,LËVIZJA VETËVENDOSJE!,257,Kaçanik
7,0703D,177,PARTIA DEMOKRATIKE E KOSOVËS,810,Kaçanik
7,0704D,144,LËVIZJA VETËVENDOSJE!,173,Kaçanik
7,0704D,177,PARTIA DEMOKRATIKE E KOSOVËS,274,Kaçanik
7,0705D,144,LËVIZJA VETËVENDOSJE!,170,Kaçanik
7,0705D,177,PARTIA DEMOKRATIKE E KOSOVËS,422,Kaçanik
7,0706D,144,LËVIZJA VETËVENDOSJE!,359,Kaçanik
7,0706D,177,PARTIA DEMOKRATIKE E KOSOVËS,890,Kaçanik
7,0707D,144,LËVIZJA VETËVENDOSJE!,223,Kaçanik
7,0707D,177,PARTIA DEMOKRATIKE E KOSOVËS,646,Kaçanik
7,0708D,144,LËVIZJA VETËVENDOSJE!,106,Kaçanik
7,0708D,177,PARTIA DEMOKRATIKE E KOSOVËS,270,Kaçanik
7,0709D,144,LËVIZJA VETËVENDOSJE!,201,Kaçanik
7,0709D,177,PARTIA DEMOKRATIKE E KOSOVËS,163,Kaçanik
7,0710D,144,LËVIZJA VETËVENDOSJE!,48,Kaçanik
7,0710D,177,PARTIA DEMOKRATIKE E KOSOVËS,130,Kaçanik
7,0711D,144,LËVIZJA VETËVENDOSJE!,69,Kaçanik
7,0711D,177,PARTIA DEMOKRATIKE E KOSOVËS,119,Kaçanik
7,0712D,144,LËVIZJA VETËVENDOSJE!,236,Kaçanik
7,0712D,177,PARTIA DEMOKRATIKE E KOSOVËS,354,Kaçanik
7,0713D,144,LËVIZJA VETËVENDOSJE!,320,Kaçanik
7,0713D,177,PARTIA DEMOKRATIKE E KOSOVËS,448,Kaçanik
7,0714D,144,LËVIZJA VETËVENDOSJE!,29,Kaçanik
7,0714D,177,PARTIA DEMOKRATIKE E KOSOVËS,67,Kaçanik
7,0715D,144,LËVIZJA VETËVENDOSJE!,44,Kaçanik
7,0715D,177,PARTIA DEMOKRATIKE E KOSOVËS,61,Kaçanik
7,0716D,144,LËVIZJA VETËVENDOSJE!,70,Kaçanik
7,0716D,177,PARTIA DEMOKRATIKE E KOSOVËS,162,Kaçanik
7,0717D,144,LËVIZJA VETËVENDOSJE!,24,Kaçanik
7,0717D,177,PARTIA DEMOKRATIKE E KOSOVËS,49,Kaçanik
7,0718D,144,LËVIZJA VETËVENDOSJE!,1,Kaçanik
7,0718D,177,PARTIA DEMOKRATIKE E KOSOVËS,16,Kaçanik
7,0719D,144,LËVIZJA VETËVENDOSJE!,182,Kaçanik
7,0719D,177,PARTIA DEMOKRATIKE E KOSOVËS,341,Kaçanik
7,0720D,144,LËVIZJA VETËVENDOSJE!,292,Kaçanik
7,0720D,177,PARTIA DEMOKRATIKE E KOSOVËS,472,Kaçanik
7,BM007,144,LËVIZJA VETËVENDOSJE!,19,Kaçanik
7,BM007,177,PARTIA DEMOKRATIKE E KOSOVËS,2,Kaçanik
7,CB107,144,LËVIZJA VETËVENDOSJE!,79,Kaçanik
7,CB107,177,PARTIA DEMOKRATIKE E KOSOVËS,72,Kaçanik
8,0801C,121,ALEANCA PËR ARDHMËRINË E KOSOVËS,2071,Klinë
8,0801C,177,PARTIA DEMOKRATIKE E KOSOVËS,1598,Klinë
8,0802C,121,ALEANCA PËR ARDHMËRINË E KOSOVËS,460,Klinë
8,0802C,177,PARTIA DEMOKRATIKE E KOSOVËS,171,Klinë
8,0803C,121,ALEANCA PËR ARDHMËRINË E KOSOVËS,372,Klinë
8,0803C,177,PARTIA DEMOKRATIKE E KOSOVËS,333,Klinë
8,0804C,121,ALEANCA PËR ARDHMËRINË E KOSOVËS,534,Klinë
8,0804C,177,PARTIA DEMOKRATIKE E KOSOVËS,165,Klinë
8,0805C,121,ALEANCA PËR ARDHMËRINË E KOSOVËS,313,Klinë
8,0805C,177,PARTIA DEMOKRATIKE E KOSOVËS,392,Klinë
8,0806C,121,ALEANCA PËR ARDHMËRINË E KOSOVËS,428,Klinë
8,0806C,177,PARTIA DEMOKRATIKE E KOSOVËS,193,Klinë
8,0807C,121,ALEANCA PËR ARDHMËRINË E KOSOVËS,460,Klinë
8,0807C,177,PARTIA DEMOKRATIKE E KOSOVËS,911,Klinë
8,0808C,121,ALEANCA PËR ARDHMËRINË E KOSOVËS,464,Klinë
8,0808C,177,PARTIA DEMOKRATIKE E KOSOVËS,548,Klinë
8,0809C,121,ALEANCA PËR ARDHMËRINË E KOSOVËS,424,Klinë
8,0809C,177,PARTIA DEMOKRATIKE E KOSOVËS,194,Klinë
8,0810C,121,ALEANCA PËR ARDHMËRINË E KOSOVËS,301,Klinë
8,0810C,177,PARTIA DEMOKRATIKE E KOSOVËS,174,Klinë
8,0811C,121,ALEANCA PËR ARDHMËRINË E KOSOVËS,421,Klinë
8,0811C,177,PARTIA DEMOKRATIKE E KOSOVËS,328,Klinë
8,0812C,121,ALEANCA PËR ARDHMËRINË E KOSOVËS,283,Klinë
8,0812C,177,PARTIA DEMOKRATIKE E KOSOVËS,300,Klinë
8,0813C,121,ALEANCA PËR ARDHMËRINË E KOSOVËS,3,Klinë
8,0813C,177,PARTIA DEMOKRATIKE E KOSOVËS,1,Klinë
8,0814C,121,ALEANCA PËR ARDHMËRINË E KOSOVËS,339,Klinë
8,0814C,177,PARTIA DEMOKRATIKE E KOSOVËS,234,Klinë
8,0815C,121,ALEANCA PËR ARDHMËRINË E KOSOVËS,171,Klinë
8,0815C,177,PARTIA DEMOKRATIKE E KOSOVËS,295,Klinë
8,0816C,121,ALEANCA PËR ARDHMËRINË E KOSOVËS,164,Klinë
8,0816C,177,PARTIA DEMOKRATIKE E KOSOVËS,199,Klinë
8,0817C,121,ALEANCA PËR ARDHMËRINË E KOSOVËS,252,Klinë
8,0817C,177,PARTIA DEMOKRATIKE E KOSOVËS,172,Klinë
8,0818C,121,ALEANCA PËR ARDHMËRINË E KOSOVËS,161,Klinë
8,0818C,177,PARTIA DEMOKRATIKE E KOSOVËS,114,Klinë
8,0819C,121,ALEANCA PËR ARDHMËRINË E KOSOVËS,23,Klinë
8,0819C,177,PARTIA DEMOKRATIKE E KOSOVËS,19,Klinë
8,0820C,121,ALEANCA PËR ARDHMËRINË E KOSOVËS,222,Klinë
8,0820C,177,PARTIA DEMOKRATIKE E KOSOVËS,65,Klinë
8,BM008,121,ALEANCA PËR ARDHMËRINË E KOSOVËS,19,Klinë
8,BM008,177,PARTIA DEMOKRATIKE E KOSOVËS,3,Klinë
8,CB108,121,ALEANCA PËR ARDHMËRINË E KOSOVËS,89,Klinë
8,CB108,177,PARTIA DEMOKRATIKE E KOSOVËS,74,Klinë
9,0901E,144,LËVIZJA VETËVENDOSJE!,1181,Fushë Kosovë
9,0901E,160,LIDHJA DEMOKRATIKE E KOSOVËS,2134,Fushë Kosovë
9,0901X,144,LËVIZJA VETËVENDOSJE!,931,Fushë Kosovë
9,0901X,160,LIDHJA DEMOKRATIKE E KOSOVËS,1259,Fushë Kosovë
9,0902E,144,LËVIZJA VETËVENDOSJE!,641,Fushë Kosovë
9,0902E,160,LIDHJA DEMOKRATIKE E KOSOVËS,698,Fushë Kosovë
9,0903E,144,LËVIZJA VETËVENDOSJE!,237,Fushë Kosovë
9,0903E,160,LIDHJA DEMOKRATIKE E KOSOVËS,869,Fushë Kosovë
9,0904E,144,LËVIZJA VETËVENDOSJE!,164,Fushë Kosovë
9,0904E,160,LIDHJA DEMOKRATIKE E KOSOVËS,546,Fushë Kosovë
9,0905E,144,LËVIZJA VETËVENDOSJE!,5,Fushë Kosovë
9,0905E,160,LIDHJA DEMOKRATIKE E KOSOVËS,147,Fushë Kosovë
9,0906E,144,LËVIZJA VETËVENDOSJE!,85,Fushë Kosovë
9,0906E,160,LIDHJA DEMOKRATIKE E KOSOVËS,283,Fushë Kosovë
9,0907E,144,LËVIZJA VETËVENDOSJE!,52,Fushë Kosovë
9,0907E,160,LIDHJA DEMOKRATIKE E KOSOVËS,193,Fushë Kosovë
9,0908E,144,LËVIZJA VETËVENDOSJE!,215,Fushë Kosovë
9,0908E,160,LIDHJA DEMOKRATIKE E KOSOVËS,392,Fushë Kosovë
9,0911E,144,LËVIZJA VETËVENDOSJE!,95,Fushë Kosovë
9,0911E,160,LIDHJA DEMOKRATIKE E KOSOVËS,207,Fushë Kosovë
9,0912E,144,LËVIZJA VETËVENDOSJE!,156,Fushë Kosovë
9,0912E,160,LIDHJA DEMOKRATIKE E KOSOVËS,454,Fushë Kosovë
9,0913E,144,LËVIZJA VETËVENDOSJE!,73,Fushë Kosovë
9,0913E,160,LIDHJA DEMOKRATIKE E KOSOVËS,166,Fushë Kosovë
9,0914E,144,LËVIZJA VETËVENDOSJE!,95,Fushë Kosovë
9,0914E,160,LIDHJA DEMOKRATIKE E KOSOVËS,113,Fushë Kosovë
9,0915E,144,LËVIZJA VETËVENDOSJE!,71,Fushë Kosovë
9,0915E,160,LIDHJA DEMOKRATIKE E KOSOVËS,202,Fushë Kosovë
9,0916E,144,LËVIZJA VETËVENDOSJE!,85,Fushë Kosovë
9,0916E,160,LIDHJA DEMOKRATIKE E KOSOVËS,158,Fushë Kosovë
9,BM009,144,LËVIZJA VETËVENDOSJE!,34,Fushë Kosovë
9,BM009,160,LIDHJA DEMOKRATIKE E KOSOVËS,6,Fushë Kosovë
9,CB109,144,LËVIZJA VETËVENDOSJE!,92,Fushë Kosovë
9,CB109,160,LIDHJA DEMOKRATIKE E KOSOVËS,151,Fushë Kosovë
10,1001D,127,PARTIA SOCIALDEMOKRATE,1186,Kamenicë
10,1001D,144,LËVIZJA VETËVENDOSJE!,969,Kamenicë
10,1001X,127,PARTIA SOCIALDEMOKRATE,974,Kamenicë
10,1001X,144,LËVIZJA VETËVENDOSJE!,625,Kamenicë
10,1002D,127,PARTIA SOCIALDEMOKRATE,436,Kamenicë
10,1002D,144,LËVIZJA VETËVENDOSJE!,461,Kamenicë
10,1003D,127,PARTIA SOCIALDEMOKRATE,112,Kamenicë
10,1003D,144,LËVIZJA VETËVENDOSJE!,94,Kamenicë
10,1004D,127,PARTIA SOCIALDEMOKRATE,106,Kamenicë
10,1004D,144,LËVIZJA VETËVENDOSJE!,74,Kamenicë
10,1005D,127,PARTIA SOCIALDEMOKRATE,665,Kamenicë
10,1005D,144,LËVIZJA VETËVENDOSJE!,145,Kamenicë
10,1006D,127,PARTIA SOCIALDEMOKRATE,41,Kamenicë
10,1006D,144,LËVIZJA VETËVENDOSJE!,29,Kamenicë
10,1007D,127,PARTIA SOCIALDEMOKRATE,51,Kamenicë
10,1007D,144,LËVIZJA VETËVENDOSJE!,50,Kamenicë
10,1008D,127,PARTIA SOCIALDEMOKRATE,277,Kamenicë
10,1008D,144,LËVIZJA VETËVENDOSJE!,369,Kamenicë
10,1009D,127,PARTIA SOCIALDEMOKRATE,539,Kamenicë
10,1009D,144,LËVIZJA VETËVENDOSJE!,738,Kamenicë
10,1010D,127,PARTIA SOCIALDEMOKRATE,123,Kamenicë
10,1010D,144,LËVIZJA VETËVENDOSJE!,37,Kamenicë
10,1011D,127,PARTIA SOCIALDEMOKRATE,20,Kamenicë
10,1011D,144,LËVIZJA VETËVENDOSJE!,3,Kamenicë
10,1012D,127,PARTIA SOCIALDEMOKRATE,84,Kamenicë
10,1012D,144,LËVIZJA VETËVENDOSJE!,93,Kamenicë
10,1013D,127,PARTIA SOCIALDEMOKRATE,35,Kamenicë
10,1013D,144,LËVIZJA VETËVENDOSJE!,21,Kamenicë
10,1015D,127,PARTIA SOCIALDEMOKRATE,193,Kamenicë
10,1015D,144,LËVIZJA VETËVENDOSJE!,153,Kamenicë
10,1016D,127,PARTIA SOCIALDEMOKRATE,68,Kamenicë
10,1016D,144,LËVIZJA VETËVENDOSJE!,73,Kamenicë
10,1017D,127,PARTIA SOCIALDEMOKRATE,104,Kamenicë
10,1017D,144,LËVIZJA VETËVENDOSJE!,37,Kamenicë
10,1022D,127,PARTIA SOCIALDEMOKRATE,65,Kamenicë
10,1022D,144,LËVIZJA VETËVENDOSJE!,451,Kamenicë
10,1023D,127,PARTIA SOCIALDEMOKRATE,72,Kamenicë
10,1023D,144,LËVIZJA VETËVENDOSJE!,368,Kamenicë
10,1024D,127,PARTIA SOCIALDEMOKRATE,723,Kamenicë
10,1024D,144,LËVIZJA VETËVENDOSJE!,747,Kamenicë
10,1025D,127,PARTIA SOCIALDEMOKRATE,45,Kamenicë
10,1025D,144,LËVIZJA VETËVENDOSJE!,418,Kamenicë
10,1026D,127,PARTIA SOCIALDEMOKRATE,389,Kamenicë
10,1026D,144,LËVIZJA VETËVENDOSJE!,454,Kamenicë
10,1027D,127,PARTIA SOCIALDEMOKRATE,49,Kamenicë
10,1027D,144,LËVIZJA VETËVENDOSJE!,34,Kamenicë
10,1028D,127,PARTIA SOCIALDEMOKRATE,59,Kamenicë
10,1028D,144,LËVIZJA VETËVENDOSJE!,61,Kamenicë
10,1029D,127,PARTIA SOCIALDEMOKRATE,82,Kamenicë
10,1029D,144,LËVIZJA VETËVENDOSJE!,439,Kamenicë
10,1030D,127,PARTIA SOCIALDEMOKRATE,337,Kamenicë
10,1030D,144,LËVIZJA VETËVENDOSJE!,332,Kamenicë
10,1031D,127,PARTIA SOCIALDEMOKRATE,47,Kamenicë
10,1031D,144,LËVIZJA VETËVENDOSJE!,347,Kamenicë
10,1032D,127,PARTIA SOCIALDEMOKRATE,216,Kamenicë
10,1032D,144,LËVIZJA VETËVENDOSJE!,418,Kamenicë
10,BM010,127,PARTIA SOCIALDEMOKRATE,37,Kamenicë
10,BM010,144,LËVIZJA VETËVENDOSJE!,108,Kamenicë
10,CB110,127,PARTIA SOCIALDEMOKRATE,113,Kamenicë
10,CB110,144,LËVIZJA VETËVENDOSJE!,136,Kamenicë
15,1501E,109,INICIATIVA QYTETARE PËR OBILIQ,2292,Obiliq
15,1501E,144,LËVIZJA VETËVENDOSJE!,1228,Obiliq
15,1502E,109,INICIATIVA QYTETARE PËR OBILIQ,721,Obiliq
15,1502E,144,LËVIZJA VETËVENDOSJE!,548,Obiliq
15,1503E,109,INICIATIVA QYTETARE PËR OBILIQ,470,Obiliq
15,1503E,144,LËVIZJA VETËVENDOSJE!,300,Obiliq
15,1505E,109,INICIATIVA QYTETARE PËR OBILIQ,187,Obiliq
15,1505E,144,LËVIZJA VETËVENDOSJE!,391,Obiliq
15,1507E,109,INICIATIVA QYTETARE PËR OBILIQ,196,Obiliq
15,1507E,144,LËVIZJA VETËVENDOSJE!,29,Obiliq
15,1508E,109,INICIATIVA QYTETARE PËR OBILIQ,301,Obiliq
15,1508E,144,LËVIZJA VETËVENDOSJE!,290,Obiliq
15,1509E,109,INICIATIVA QYTETARE PËR OBILIQ,66,Obiliq
15,1509E,144,LËVIZJA VETËVENDOSJE!,7,Obiliq
15,1510E,109,INICIATIVA QYTETARE PËR OBILIQ,358,Obiliq
15,1510E,144,LËVIZJA VETËVENDOSJE!,136,Obiliq
15,1511E,109,INICIATIVA QYTETARE PËR OBILIQ,27,Obiliq
15,1511E,144,LËVIZJA VETËVENDOSJE!,49,Obiliq
15,1512E,109,INICIATIVA QYTETARE PËR OBILIQ,392,Obiliq
15,1512E,144,LËVIZJA VETËVENDOSJE!,216,Obiliq
15,1513E,109,INICIATIVA QYTETARE PËR OBILIQ,234,Obiliq
15,1513E,144,LËVIZJA VETËVENDOSJE!,215,Obiliq
15,1514E,109,INICIATIVA QYTETARE PËR OBILIQ,10,Obiliq
15,1514E,144,LËVIZJA VETËVENDOSJE!,0,Obiliq
15,1519E,109,INICIATIVA QYTETARE PËR OBILIQ,546,Obiliq
15,1519E,144,LËVIZJA VETËVENDOSJE!,130,Obiliq
15,1520E,109,INICIATIVA QYTETARE PËR OBILIQ,430,Obiliq
15,1520E,144,LËVIZJA VETËVENDOSJE!,348,Obiliq
15,1521E,109,INICIATIVA QYTETARE PËR OBILIQ,184,Obiliq
15,1521E,144,LËVIZJA VETËVENDOSJE!,143,Obiliq
15,CB115,109,INICIATIVA QYTETARE PËR OBILIQ,108,Obiliq
15,CB115,144,LËVIZJA VETËVENDOSJE!,87,Obiliq
16,1601A,121,ALEANCA PËR ARDHMËRINË E KOSOVËS,519,Rahovec
16,1601A,144,LËVIZJA VETËVENDOSJE!,1302,Rahovec
16,1602A,121,ALEANCA PËR ARDHMËRINË E KOSOVËS,220,Rahovec
16,1602A,144,LËVIZJA VETËVENDOSJE!,635,Rahovec
16,1602X,121,ALEANCA PËR ARDHMËRINË E KOSOVËS,180,Rahovec
16,1602X,144,LËVIZJA VETËVENDOSJE!,485,Rahovec
16,1603A,121,ALEANCA PËR ARDHMËRINË E KOSOVËS,161,Rahovec
16,1603A,144,LËVIZJA VETËVENDOSJE!,37,Rahovec
16,1604A,121,ALEANCA PËR ARDHMËRINË E KOSOVËS,133,Rahovec
16,1604A,144,LËVIZJA VETËVENDOSJE!,31,Rahovec
16,1605A,121,ALEANCA PËR ARDHMËRINË E KOSOVËS,64,Rahovec
16,1605A,144,LËVIZJA VETËVENDOSJE!,31,Rahovec
16,1606A,121,ALEANCA PËR ARDHMËRINË E KOSOVËS,208,Rahovec
16,1606A,144,LËVIZJA VETËVENDOSJE!,73,Rahovec
16,1607A,121,ALEANCA PËR ARDHMËRINË E KOSOVËS,265,Rahovec
16,1607A,144,LËVIZJA VETËVENDOSJE!,63,Rahovec
16,1608A,121,ALEANCA PËR ARDHMËRINË E KOSOVËS,982,Rahovec
16,1608A,144,LËVIZJA VETËVENDOSJE!,225,Rahovec
16,1609A,121,ALEANCA PËR ARDHMËRINË E KOSOVËS,394,Rahovec
16,1609A,144,LËVIZJA VETËVENDOSJE!,120,Rahovec
16,1610A,121,ALEANCA PËR ARDHMËRINË E KOSOVËS,549,Rahovec
16,1610A,144,LËVIZJA VETËVENDOSJE!,182,Rahovec
16,1611A,121,ALEANCA PËR ARDHMËRINË E KOSOVËS,231,Rahovec
16,1611A,144,LËVIZJA VETËVENDOSJE!,53,Rahovec
16,1612A,121,ALEANCA PËR ARDHMËRINË E KOSOVËS,1479,Rahovec
16,1612A,144,LËVIZJA VETËVENDOSJE!,50,Rahovec
16,1619A,121,ALEANCA PËR ARDHMËRINË E KOSOVËS,7,Rahovec
16,1619A,144,LËVIZJA VETËVENDOSJE!,18,Rahovec
16,1620A,121,ALEANCA PËR ARDHMËRINË E KOSOVËS,109,Rahovec
16,1620A,144,LËVIZJA VETËVENDOSJE!,11,Rahovec
16,1621A,121,ALEANCA PËR ARDHMËRINË E KOSOVËS,660,Rahovec
16,1621A,144,LËVIZJA VETËVENDOSJE!,159,Rahovec
16,1622A,121,ALEANCA PËR ARDHMËRINË E KOSOVËS,498,Rahovec
16,1622A,144,LËVIZJA VETËVENDOSJE!,92,Rahovec
16,1623A,121,ALEANCA PËR ARDHMËRINË E KOSOVËS,451,Rahovec
16,1623A,144,LËVIZJA VETËVENDOSJE!,70,Rahovec
16,1624A,121,ALEANCA PËR ARDHMËRINË E KOSOVËS,642,Rahovec
16,1624A,144,LËVIZJA VETËVENDOSJE!,83,Rahovec
16,1625A,121,ALEANCA PËR ARDHMËRINË E KOSOVËS,607,Rahovec
16,1625A,144,LËVIZJA VETËVENDOSJE!,37,Rahovec
16,1626A,121,ALEANCA PËR ARDHMËRINË E KOSOVËS,587,Rahovec
16,1626A,144,LËVIZJA VETËVENDOSJE!,1825,Rahovec
16,1627A,121,ALEANCA PËR ARDHMËRINË E KOSOVËS,423,Rahovec
16,1627A,144,LËVIZJA VETËVENDOSJE!,59,Rahovec
16,1628A,121,ALEANCA PËR ARDHMËRINË E KOSOVËS,323,Rahovec
16,1628A,144,LËVIZJA VETËVENDOSJE!,78,Rahovec
16,1629A,121,ALEANCA PËR ARDHMËRINË E KOSOVËS,48,Rahovec
16,1629A,144,LËVIZJA VETËVENDOSJE!,5,Rahovec
16,1630A,121,ALEANCA PËR ARDHMËRINË E KOSOVËS,222,Rahovec
16,1630A,144,LËVIZJA VETËVENDOSJE!,40,Rahovec
16,1631A,121,ALEANCA PËR ARDHMËRINË E KOSOVËS,162,Rahovec
16,1631A,144,LËVIZJA VETËVENDOSJE!,47,Rahovec
16,1632A,121,ALEANCA PËR ARDHMËRINË E KOSOVËS,278,Rahovec
16,1632A,144,LËVIZJA VETËVENDOSJE!,53,Rahovec
16,1633A,121,ALEANCA PËR ARDHMËRINË E KOSOVËS,25,Rahovec
16,1633A,144,LËVIZJA VETËVENDOSJE!,39,Rahovec
16,1634A,121,ALEANCA PËR ARDHMËRINË E KOSOVËS,147,Rahovec
16,1634A,144,LËVIZJA VETËVENDOSJE!,38,Rahovec
16,1635A,121,ALEANCA PËR ARDHMËRINË E KOSOVËS,140,Rahovec
16,1635A,144,LËVIZJA VETËVENDOSJE!,19,Rahovec
16,1637A,121,ALEANCA PËR ARDHMËRINË E KOSOVËS,141,Rahovec
16,1637A,144,LËVIZJA VETËVENDOSJE!,18,Rahovec
16,1638A,121,ALEANCA PËR ARDHMËRINË E KOSOVËS,185,Rahovec
16,1638A,144,LËVIZJA VETËVENDOSJE!,24,Rahovec
16,1639A,121,ALEANCA PËR ARDHMËRINË E KOSOVËS,35,Rahovec
16,1639A,144,LËVIZJA VETËVENDOSJE!,18,Rahovec
16,1640A,121,ALEANCA PËR ARDHMËRINË E KOSOVËS,200,Rahovec
16,1640A,144,LËVIZJA VETËVENDOSJE!,23,Rahovec
16,1641A,121,ALEANCA PËR ARDHMËRINË E KOSOVËS,170,Rahovec
16,1641A,144,LËVIZJA VETËVENDOSJE!,33,Rahovec
16,BM016,121,ALEANCA PËR ARDHMËRINË E KOSOVËS,13,Rahovec
16,BM016,144,LËVIZJA VETËVENDOSJE!,43,Rahovec
16,CB116,121,ALEANCA PËR ARDHMËRINË E KOSOVËS,117,Rahovec
16,CB116,144,LËVIZJA VETËVENDOSJE!,61,Rahovec
18,1801E,144,LËVIZJA VETËVENDOSJE!,1104,Podujevë
18,1801E,160,LIDHJA DEMOKRATIKE E KOSOVËS,973,Podujevë
18,1801X,144,LËVIZJA VETËVENDOSJE!,919,Podujevë
18,1801X,160,LIDHJA DEMOKRATIKE E KOSOVËS,747,Podujevë
18,1802E,144,LËVIZJA VETËVENDOSJE!,1031,Podujevë
18,1802E,160,LIDHJA DEMOKRATIKE E KOSOVËS,1063,Podujevë
18,1802X,144,LËVIZJA VETËVENDOSJE!,936,Podujevë
18,1802X,160,LIDHJA DEMOKRATIKE E KOSOVËS,773,Podujevë
18,1803E,144,LËVIZJA VETËVENDOSJE!,620,Podujevë
18,1803E,160,LIDHJA DEMOKRATIKE E KOSOVËS,622,Podujevë
18,1804E,144,LËVIZJA VETËVENDOSJE!,431,Podujevë
18,1804E,160,LIDHJA DEMOKRATIKE E KOSOVËS,406,Podujevë
18,1805E,144,LËVIZJA VETËVENDOSJE!,192,Podujevë
18,1805E,160,LIDHJA DEMOKRATIKE E KOSOVËS,147,Podujevë
18,1806E,144,LËVIZJA VETËVENDOSJE!,62,Podujevë
18,1806E,160,LIDHJA DEMOKRATIKE E KOSOVËS,118,Podujevë
18,1807E,144,LËVIZJA VETËVENDOSJE!,493,Podujevë
18,1807E,160,LIDHJA DEMOKRATIKE E KOSOVËS,665,Podujevë
18,1808E,144,LËVIZJA VETËVENDOSJE!,436,Podujevë
18,1808E,160,LIDHJA DEMOKRATIKE E KOSOVËS,437,Podujevë
18,1809E,144,LËVIZJA VETËVENDOSJE!,342,Podujevë
18,1809E,160,LIDHJA DEMOKRATIKE E KOSOVËS,352,Podujevë
18,1810E,144,LËVIZJA VETËVENDOSJE!,445,Podujevë
18,1810E,160,LIDHJA DEMOKRATIKE E KOSOVËS,400,Podujevë
18,1811E,144,LËVIZJA VETËVENDOSJE!,198,Podujevë
18,1811E,160,LIDHJA DEMOKRATIKE E KOSOVËS,203,Podujevë
18,1812E,144,LËVIZJA VETËVENDOSJE!,732,Podujevë
18,1812E,160,LIDHJA DEMOKRATIKE E KOSOVËS,683,Podujevë
18,1813E,144,LËVIZJA VETËVENDOSJE!,329,Podujevë
18,1813E,160,LIDHJA DEMOKRATIKE E KOSOVËS,364,Podujevë
18,1814E,144,LËVIZJA VETËVENDOSJE!,600,Podujevë
18,1814E,160,LIDHJA DEMOKRATIKE E KOSOVËS,644,Podujevë
18,1815E,144,LËVIZJA VETËVENDOSJE!,445,Podujevë
18,1815E,160,LIDHJA DEMOKRATIKE E KOSOVËS,406,Podujevë
18,1816E,144,LËVIZJA VETËVENDOSJE!,589,Podujevë
18,1816E,160,LIDHJA DEMOKRATIKE E KOSOVËS,730,Podujevë
18,1817E,144,LËVIZJA VETËVENDOSJE!,269,Podujevë
18,1817E,160,LIDHJA DEMOKRATIKE E KOSOVËS,233,Podujevë
18,1818E,144,LËVIZJA VETËVENDOSJE!,245,Podujevë
18,1818E,160,LIDHJA DEMOKRATIKE E KOSOVËS,268,Podujevë
18,1819E,144,LËVIZJA VETËVENDOSJE!,354,Podujevë
18,1819E,160,LIDHJA DEMOKRATIKE E KOSOVËS,360,Podujevë
18,1820E,144,LËVIZJA VETËVENDOSJE!,664,Podujevë
18,1820E,160,LIDHJA DEMOKRATIKE E KOSOVËS,501,Podujevë
18,1821E,144,LËVIZJA VETËVENDOSJE!,130,Podujevë
18,1821E,160,LIDHJA DEMOKRATIKE E KOSOVËS,123,Podujevë
18,1822E,144,LËVIZJA VETËVENDOSJE!,360,Podujevë
18,1822E,160,LIDHJA DEMOKRATIKE E KOSOVËS,335,Podujevë
18,1823E,144,LËVIZJA VETËVENDOSJE!,361,Podujevë
18,1823E,160,LIDHJA DEMOKRATIKE E KOSOVËS,213,Podujevë
18,1824E,144,LËVIZJA VETËVENDOSJE!,2857,Podujevë
18,1824E,160,LIDHJA DEMOKRATIKE E KOSOVËS,2387,Podujevë
18,1825E,144,LËVIZJA VETËVENDOSJE!,153,Podujevë
18,1825E,160,LIDHJA DEMOKRATIKE E KOSOVËS,110,Podujevë
18,1827E,144,LËVIZJA VETËVENDOSJE!,500,Podujevë
18,1827E,160,LIDHJA DEMOKRATIKE E KOSOVËS,362,Podujevë
18,1828E,144,LËVIZJA VETËVENDOSJE!,116,Podujevë
18,1828E,160,LIDHJA DEMOKRATIKE E KOSOVËS,152,Podujevë
18,1829E,144,LËVIZJA VETËVENDOSJE!,366,Podujevë
18,1829E,160,LIDHJA DEMOKRATIKE E KOSOVËS,393,Podujevë
18,1830E,144,LËVIZJA VETËVENDOSJE!,285,Podujevë
18,1830E,160,LIDHJA DEMOKRATIKE E KOSOVËS,252,Podujevë
18,1831E,144,LËVIZJA VETËVENDOSJE!,317,Podujevë
18,1831E,160,LIDHJA DEMOKRATIKE E KOSOVËS,355,Podujevë
18,1832E,144,LËVIZJA VETËVENDOSJE!,352,Podujevë
18,1832E,160,LIDHJA DEMOKRATIKE E KOSOVËS,333,Podujevë
18,1833E,144,LËVIZJA VETËVENDOSJE!,443,Podujevë
18,1833E,160,LIDHJA DEMOKRATIKE E KOSOVËS,417,Podujevë
18,1834E,144,LËVIZJA VETËVENDOSJE!,461,Podujevë
18,1834E,160,LIDHJA DEMOKRATIKE E KOSOVËS,152,Podujevë
18,1835E,144,LËVIZJA VETËVENDOSJE!,216,Podujevë
18,1835E,160,LIDHJA DEMOKRATIKE E KOSOVËS,191,Podujevë
18,1836E,144,LËVIZJA VETËVENDOSJE!,108,Podujevë
18,1836E,160,LIDHJA DEMOKRATIKE E KOSOVËS,132,Podujevë
18,1837E,144,LËVIZJA VETËVENDOSJE!,288,Podujevë
18,1837E,160,LIDHJA DEMOKRATIKE E KOSOVËS,298,Podujevë
18,1838E,144,LËVIZJA VETËVENDOSJE!,222,Podujevë
18,1838E,160,LIDHJA DEMOKRATIKE E KOSOVËS,227,Podujevë
18,1839E,144,LËVIZJA VETËVENDOSJE!,276,Podujevë
18,1839E,160,LIDHJA DEMOKRATIKE E KOSOVËS,381,Podujevë
18,1840E,144,LËVIZJA VETËVENDOSJE!,197,Podujevë
18,1840E,160,LIDHJA DEMOKRATIKE E KOSOVËS,177,Podujevë
18,1841E,144,LËVIZJA VETËVENDOSJE!,301,Podujevë
18,1841E,160,LIDHJA DEMOKRATIKE E KOSOVËS,222,Podujevë
18,1842E,144,LËVIZJA VETËVENDOSJE!,24,Podujevë
18,1842E,160,LIDHJA DEMOKRATIKE E KOSOVËS,47,Podujevë
18,1843E,144,LËVIZJA VETËVENDOSJE!,287,Podujevë
18,1843E,160,LIDHJA DEMOKRATIKE E KOSOVËS,260,Podujevë
18,1844E,144,LËVIZJA VETËVENDOSJE!,226,Podujevë
18,1844E,160,LIDHJA DEMOKRATIKE E KOSOVËS,231,Podujevë
18,BM018,144,LËVIZJA VETËVENDOSJE!,91,Podujevë
18,BM018,160,LIDHJA DEMOKRATIKE E KOSOVËS,11,Podujevë
18,CB118,144,LËVIZJA VETËVENDOSJE!,415,Podujevë
18,CB118,160,LIDHJA DEMOKRATIKE E KOSOVËS,285,Podujevë
19,1901E,144,LËVIZJA VETËVENDOSJE!,865,Prishtinë
19,1901E,160,LIDHJA DEMOKRATIKE E KOSOVËS,857,Prishtinë
19,1902E,144,LËVIZJA VETËVENDOSJE!,1067,Prishtinë
19,1902E,160,LIDHJA DEMOKRATIKE E KOSOVËS,1085,Prishtinë
19,1903E,144,LËVIZJA VETËVENDOSJE!,1526,Prishtinë
19,1903E,160,LIDHJA DEMOKRATIKE E KOSOVËS,1488,Prishtinë
19,1904E,144,LËVIZJA VETËVENDOSJE!,2662,Prishtinë
19,1904E,160,LIDHJA DEMOKRATIKE E KOSOVËS,2777,Prishtinë
19,1905E,144,LËVIZJA VETËVENDOSJE!,968,Prishtinë
19,1905E,160,LIDHJA DEMOKRATIKE E KOSOVËS,926,Prishtinë
19,1906E,144,LËVIZJA VETËVENDOSJE!,2677,Prishtinë
19,1906E,160,LIDHJA DEMOKRATIKE E KOSOVËS,2750,Prishtinë
19,1907E,144,LËVIZJA VETËVENDOSJE!,1257,Prishtinë
19,1907E,160,LIDHJA DEMOKRATIKE E KOSOVËS,1395,Prishtinë
19,1909E,144,LËVIZJA VETËVENDOSJE!,1568,Prishtinë
19,1909E,160,LIDHJA DEMOKRATIKE E KOSOVËS,1611,Prishtinë
19,1910E,144,LËVIZJA VETËVENDOSJE!,1286,Prishtinë
19,1910E,160,LIDHJA DEMOKRATIKE E KOSOVËS,1336,Prishtinë
19,1911E,144,LËVIZJA VETËVENDOSJE!,1993,Prishtinë
19,1911E,160,LIDHJA DEMOKRATIKE E KOSOVËS,1823,Prishtinë
19,1912E,144,LËVIZJA VETËVENDOSJE!,1035,Prishtinë
19,1912E,160,LIDHJA DEMOKRATIKE E KOSOVËS,920,Prishtinë
19,1913E,144,LËVIZJA VETËVENDOSJE!,1245,Prishtinë
19,1913E,160,LIDHJA DEMOKRATIKE E KOSOVËS,1199,Prishtinë
19,1914E,144,LËVIZJA VETËVENDOSJE!,700,Prishtinë
19,1914E,160,LIDHJA DEMOKRATIKE E KOSOVËS,715,Prishtinë
19,1915E,144,LËVIZJA VETËVENDOSJE!,1351,Prishtinë
19,1915E,160,LIDHJA DEMOKRATIKE E KOSOVËS,1363,Prishtinë
19,1916E,144,LËVIZJA VETËVENDOSJE!,866,Prishtinë
19,1916E,160,LIDHJA DEMOKRATIKE E KOSOVËS,763,Prishtinë
19,1917E,144,LËVIZJA VETËVENDOSJE!,1414,Prishtinë
19,1917E,160,LIDHJA DEMOKRATIKE E KOSOVËS,1215,Prishtinë
19,1918E,144,LËVIZJA VETËVENDOSJE!,798,Prishtinë
19,1918E,160,LIDHJA DEMOKRATIKE E KOSOVËS,829,Prishtinë
19,1919E,144,LËVIZJA VETËVENDOSJE!,981,Prishtinë
19,1919E,160,LIDHJA DEMOKRATIKE E KOSOVËS,1387,Prishtinë
19,1919X,144,LËVIZJA VETËVENDOSJE!,641,Prishtinë
19,1919X,160,LIDHJA DEMOKRATIKE E KOSOVËS,708,Prishtinë
19,1920E,144,LËVIZJA VETËVENDOSJE!,1002,Prishtinë
19,1920E,160,LIDHJA DEMOKRATIKE E KOSOVËS,1394,Prishtinë
19,1920X,144,LËVIZJA VETËVENDOSJE!,963,Prishtinë
19,1920X,160,LIDHJA DEMOKRATIKE E KOSOVËS,1114,Prishtinë
19,1921E,144,LËVIZJA VETËVENDOSJE!,806,Prishtinë
19,1921E,160,LIDHJA DEMOKRATIKE E KOSOVËS,1028,Prishtinë
19,1921X,144,LËVIZJA VETËVENDOSJE!,814,Prishtinë
19,1921X,160,LIDHJA DEMOKRATIKE E KOSOVËS,1059,Prishtinë
19,1922E,144,LËVIZJA VETËVENDOSJE!,1400,Prishtinë
19,1922E,160,LIDHJA DEMOKRATIKE E KOSOVËS,1556,Prishtinë
19,1923E,144,LËVIZJA VETËVENDOSJE!,448,Prishtinë
19,1923E,160,LIDHJA DEMOKRATIKE E KOSOVËS,554,Prishtinë
19,1924E,144,LËVIZJA VETËVENDOSJE!,1017,Prishtinë
19,1924E,160,LIDHJA DEMOKRATIKE E KOSOVËS,968,Prishtinë
19,1925E,144,LËVIZJA VETËVENDOSJE!,990,Prishtinë
19,1925E,160,LIDHJA DEMOKRATIKE E KOSOVËS,918,Prishtinë
19,1926E,144,LËVIZJA VETËVENDOSJE!,835,Prishtinë
19,1926E,160,LIDHJA DEMOKRATIKE E KOSOVËS,808,Prishtinë
19,1927E,144,LËVIZJA VETËVENDOSJE!,1680,Prishtinë
19,1927E,160,LIDHJA DEMOKRATIKE E KOSOVËS,1486,Prishtinë
19,1928E,144,LËVIZJA VETËVENDOSJE!,221,Prishtinë
19,1928E,160,LIDHJA DEMOKRATIKE E KOSOVËS,257,Prishtinë
19,1929E,144,LËVIZJA VETËVENDOSJE!,86,Prishtinë
19,1929E,160,LIDHJA DEMOKRATIKE E KOSOVËS,37,Prishtinë
19,1930E,144,LËVIZJA VETËVENDOSJE!,31,Prishtinë
19,1930E,160,LIDHJA DEMOKRATIKE E KOSOVËS,99,Prishtinë
19,1931E,144,LËVIZJA VETËVENDOSJE!,763,Prishtinë
19,1931E,160,LIDHJA DEMOKRATIKE E KOSOVËS,656,Prishtinë
19,1933E,144,LËVIZJA VETËVENDOSJE!,221,Prishtinë
19,1933E,160,LIDHJA DEMOKRATIKE E KOSOVËS,230,Prishtinë
19,1934E,144,LËVIZJA VETËVENDOSJE!,449,Prishtinë
19,1934E,160,LIDHJA DEMOKRATIKE E KOSOVËS,685,Prishtinë
19,1935E,144,LËVIZJA VETËVENDOSJE!,224,Prishtinë
19,1935E,160,LIDHJA DEMOKRATIKE E KOSOVËS,223,Prishtinë
19,1936E,144,LËVIZJA VETËVENDOSJE!,101,Prishtinë
19,1936E,160,LIDHJA DEMOKRATIKE E KOSOVËS,76,Prishtinë
19,1937E,144,LËVIZJA VETËVENDOSJE!,41,Prishtinë
19,1937E,160,LIDHJA DEMOKRATIKE E KOSOVËS,67,Prishtinë
19,1939E,144,LËVIZJA VETËVENDOSJE!,52,Prishtinë
19,1939E,160,LIDHJA DEMOKRATIKE E KOSOVËS,98,Prishtinë
19,1940E,144,LËVIZJA VETËVENDOSJE!,302,Prishtinë
19,1940E,160,LIDHJA DEMOKRATIKE E KOSOVËS,477,Prishtinë
19,1941E,144,LËVIZJA VETËVENDOSJE!,79,Prishtinë
19,1941E,160,LIDHJA DEMOKRATIKE E KOSOVËS,69,Prishtinë
19,1942E,144,LËVIZJA VETËVENDOSJE!,100,Prishtinë
19,1942E,160,LIDHJA DEMOKRATIKE E KOSOVËS,153,Prishtinë
19,1943E,144,LËVIZJA VETËVENDOSJE!,62,Prishtinë
19,1943E,160,LIDHJA DEMOKRATIKE E KOSOVËS,50,Prishtinë
19,1953E,144,LËVIZJA VETËVENDOSJE!,57,Prishtinë
19,1953E,160,LIDHJA DEMOKRATIKE E KOSOVËS,213,Prishtinë
19,1954E,144,LËVIZJA VETËVENDOSJE!,227,Prishtinë
19,1954E,160,LIDHJA DEMOKRATIKE E KOSOVËS,247,Prishtinë
19,1955E,144,LËVIZJA VETËVENDOSJE!,2,Prishtinë
19,1955E,160,LIDHJA DEMOKRATIKE E KOSOVËS,4,Prishtinë
19,1956E,144,LËVIZJA VETËVENDOSJE!,196,Prishtinë
19,1956E,160,LIDHJA DEMOKRATIKE E KOSOVËS,224,Prishtinë
19,1957E,144,LËVIZJA VETËVENDOSJE!,78,Prishtinë
19,1957E,160,LIDHJA DEMOKRATIKE E KOSOVËS,63,Prishtinë
19,1958E,144,LËVIZJA VETËVENDOSJE!,51,Prishtinë
19,1958E,160,LIDHJA DEMOKRATIKE E KOSOVËS,48,Prishtinë
19,1959E,144,LËVIZJA VETËVENDOSJE!,125,Prishtinë
19,1959E,160,LIDHJA DEMOKRATIKE E KOSOVËS,118,Prishtinë
19,1960E,144,LËVIZJA VETËVENDOSJE!,410,Prishtinë
19,1960E,160,LIDHJA DEMOKRATIKE E KOSOVËS,367,Prishtinë
19,1962E,144,LËVIZJA VETËVENDOSJE!,125,Prishtinë
19,1962E,160,LIDHJA DEMOKRATIKE E KOSOVËS,166,Prishtinë
19,BM019,144,LËVIZJA VETËVENDOSJE!,122,Prishtinë
19,BM019,160,LIDHJA DEMOKRATIKE E KOSOVËS,15,Prishtinë
19,CB119,144,LËVIZJA VETËVENDOSJE!,1163,Prishtinë
19,CB119,160,LIDHJA DEMOKRATIKE E KOSOVËS,1072,Prishtinë
20,2001A,144,LËVIZJA VETËVENDOSJE!,1751,Prizren
20,2001A,177,PARTIA DEMOKRATIKE E KOSOVËS,661,Prizren
20,2002A,144,LËVIZJA VETËVENDOSJE!,706,Prizren
20,2002A,177,PARTIA DEMOKRATIKE E KOSOVËS,1185,Prizren
20,2003A,144,LËVIZJA VETËVENDOSJE!,2691,Prizren
20,2003A,177,PARTIA DEMOKRATIKE E KOSOVËS,2058,Prizren
20,2004A,144,LËVIZJA VETËVENDOSJE!,2927,Prizren
20,2004A,177,PARTIA DEMOKRATIKE E KOSOVËS,908,Prizren
20,2005A,144,LËVIZJA VETËVENDOSJE!,1742,Prizren
20,2005A,177,PARTIA DEMOKRATIKE E KOSOVËS,1054,Prizren
20,2005X,144,LËVIZJA VETËVENDOSJE!,1384,Prizren
20,2005X,177,PARTIA DEMOKRATIKE E KOSOVËS,755,Prizren
20,2006A,144,LËVIZJA VETËVENDOSJE!,658,Prizren
20,2006A,177,PARTIA DEMOKRATIKE E KOSOVËS,958,Prizren
20,2006X,144,LËVIZJA VETËVENDOSJE!,477,Prizren
20,2006X,177,PARTIA DEMOKRATIKE E KOSOVËS,521,Prizren
20,2007A,144,LËVIZJA VETËVENDOSJE!,1164,Prizren
20,2007A,177,PARTIA DEMOKRATIKE E KOSOVËS,1025,Prizren
20,2008A,144,LËVIZJA VETËVENDOSJE!,1278,Prizren
20,2008A,177,PARTIA DEMOKRATIKE E KOSOVËS,789,Prizren
20,2009A,144,LËVIZJA VETËVENDOSJE!,1516,Prizren
20,2009A,177,PARTIA DEMOKRATIKE E KOSOVËS,694,Prizren
20,2010A,144,LËVIZJA VETËVENDOSJE!,48,Prizren
20,2010A,177,PARTIA DEMOKRATIKE E KOSOVËS,62,Prizren
20,2011A,144,LËVIZJA VETËVENDOSJE!,323,Prizren
20,2011A,177,PARTIA DEMOKRATIKE E KOSOVËS,134,Prizren
20,2012A,144,LËVIZJA VETËVENDOSJE!,56,Prizren
20,2012A,177,PARTIA DEMOKRATIKE E KOSOVËS,244,Prizren
20,2013A,144,LËVIZJA VETËVENDOSJE!,371,Prizren
20,2013A,177,PARTIA DEMOKRATIKE E KOSOVËS,316,Prizren
20,2014A,144,LËVIZJA VETËVENDOSJE!,150,Prizren
20,2014A,177,PARTIA DEMOKRATIKE E KOSOVËS,307,Prizren
20,2015A,144,LËVIZJA VETËVENDOSJE!,251,Prizren
20,2015A,177,PARTIA DEMOKRATIKE E KOSOVËS,975,Prizren
20,2016A,144,LËVIZJA VETËVENDOSJE!,96,Prizren
20,2016A,177,PARTIA DEMOKRATIKE E KOSOVËS,260,Prizren
20,2017A,144,LËVIZJA VETËVENDOSJE!,15,Prizren
20,2017A,177,PARTIA DEMOKRATIKE E KOSOVËS,62,Prizren
20,2018A,144,LËVIZJA VETËVENDOSJE!,147,Prizren
20,2018A,177,PARTIA DEMOKRATIKE E KOSOVËS,428,Prizren
20,2019A,144,LËVIZJA VETËVENDOSJE!,44,Prizren
20,2019A,177,PARTIA DEMOKRATIKE E KOSOVËS,298,Prizren
20,2020A,144,LËVIZJA VETËVENDOSJE!,150,Prizren
20,2020A,177,PARTIA DEMOKRATIKE E KOSOVËS,523,Prizren
20,2021A,144,LËVIZJA VETËVENDOSJE!,120,Prizren
20,2021A,177,PARTIA DEMOKRATIKE E KOSOVËS,341,Prizren
20,2022A,144,LËVIZJA VETËVENDOSJE!,25,Prizren
20,2022A,177,PARTIA DEMOKRATIKE E KOSOVËS,79,Prizren
20,2023A,144,LËVIZJA VETËVENDOSJE!,539,Prizren
20,2023A,177,PARTIA DEMOKRATIKE E KOSOVËS,968,Prizren
20,2024A,144,LËVIZJA VETËVENDOSJE!,58,Prizren
20,2024A,177,PARTIA DEMOKRATIKE E KOSOVËS,160,Prizren
20,2025A,144,LËVIZJA VETËVENDOSJE!,78,Prizren
20,2025A,177,PARTIA DEMOKRATIKE E KOSOVËS,442,Prizren
20,2026A,144,LËVIZJA VETËVENDOSJE!,184,Prizren
20,2026A,177,PARTIA DEMOKRATIKE E KOSOVËS,564,Prizren
20,2027A,144,LËVIZJA VETËVENDOSJE!,91,Prizren
20,2027A,177,PARTIA DEMOKRATIKE E KOSOVËS,322,Prizren
20,2028A,144,LËVIZJA VETËVENDOSJE!,26,Prizren
20,2028A,177,PARTIA DEMOKRATIKE E KOSOVËS,8,Prizren
20,2029A,144,LËVIZJA VETËVENDOSJE!,97,Prizren
20,2029A,177,PARTIA DEMOKRATIKE E KOSOVËS,363,Prizren
20,2030A,144,LËVIZJA VETËVENDOSJE!,108,Prizren
20,2030A,177,PARTIA DEMOKRATIKE E KOSOVËS,369,Prizren
20,2031A,144,LËVIZJA VETËVENDOSJE!,41,Prizren
20,2031A,177,PARTIA DEMOKRATIKE E KOSOVËS,46,Prizren
20,2032A,144,LËVIZJA VETËVENDOSJE!,227,Prizren
20,2032A,177,PARTIA DEMOKRATIKE E KOSOVËS,321,Prizren
20,2033A,144,LËVIZJA VETËVENDOSJE!,721,Prizren
20,2033A,177,PARTIA DEMOKRATIKE E KOSOVËS,966,Prizren
20,2034A,144,LËVIZJA VETËVENDOSJE!,142,Prizren
20,2034A,177,PARTIA DEMOKRATIKE E KOSOVËS,292,Prizren
20,2035A,144,LËVIZJA VETËVENDOSJE!,180,Prizren
20,2035A,177,PARTIA DEMOKRATIKE E KOSOVËS,89,Prizren
20,2036A,144,LËVIZJA VETËVENDOSJE!,144,Prizren
20,2036A,177,PARTIA DEMOKRATIKE E KOSOVËS,82,Prizren
20,2037A,144,LËVIZJA VETËVENDOSJE!,128,Prizren
20,2037A,177,PARTIA DEMOKRATIKE E KOSOVËS,119,Prizren
20,2038A,144,LËVIZJA VETËVENDOSJE!,201,Prizren
20,2038A,177,PARTIA DEMOKRATIKE E KOSOVËS,186,Prizren
20,2039A,144,LËVIZJA VETËVENDOSJE!,211,Prizren
20,2039A,177,PARTIA DEMOKRATIKE E KOSOVËS,374,Prizren
20,2040A,144,LËVIZJA VETËVENDOSJE!,239,Prizren
20,2040A,177,PARTIA DEMOKRATIKE E KOSOVËS,270,Prizren
20,2041A,144,LËVIZJA VETËVENDOSJE!,93,Prizren
20,2041A,177,PARTIA DEMOKRATIKE E KOSOVËS,265,Prizren
20,2042A,144,LËVIZJA VETËVENDOSJE!,2186,Prizren
20,2042A,177,PARTIA DEMOKRATIKE E KOSOVËS,1563,Prizren
20,2043A,144,LËVIZJA VETËVENDOSJE!,23,Prizren
20,2043A,177,PARTIA DEMOKRATIKE E KOSOVËS,181,Prizren
20,2044A,144,LËVIZJA VETËVENDOSJE!,33,Prizren
20,2044A,177,PARTIA DEMOKRATIKE E KOSOVËS,35,Prizren
20,2045A,144,LËVIZJA VETËVENDOSJE!,29,Prizren
20,2045A,177,PARTIA DEMOKRATIKE E KOSOVËS,110,Prizren
20,2046A,144,LËVIZJA VETËVENDOSJE!,30,Prizren
20,2046A,177,PARTIA DEMOKRATIKE E KOSOVËS,80,Prizren
20,2047A,144,LËVIZJA VETËVENDOSJE!,48,Prizren
20,2047A,177,PARTIA DEMOKRATIKE E KOSOVËS,199,Prizren
20,2048A,144,LËVIZJA VETËVENDOSJE!,97,Prizren
20,2048A,177,PARTIA DEMOKRATIKE E KOSOVËS,206,Prizren
20,2049A,144,LËVIZJA VETËVENDOSJE!,82,Prizren
20,2049A,177,PARTIA DEMOKRATIKE E KOSOVËS,242,Prizren
20,2050A,144,LËVIZJA VETËVENDOSJE!,78,Prizren
20,2050A,177,PARTIA DEMOKRATIKE E KOSOVËS,337,Prizren
20,2051A,144,LËVIZJA VETËVENDOSJE!,44,Prizren
20,2051A,177,PARTIA DEMOKRATIKE E KOSOVËS,35,Prizren
20,2052A,144,LËVIZJA VETËVENDOSJE!,3,Prizren
20,2052A,177,PARTIA DEMOKRATIKE E KOSOVËS,105,Prizren
20,2053A,144,LËVIZJA VETËVENDOSJE!,29,Prizren
20,2053A,177,PARTIA DEMOKRATIKE E KOSOVËS,119,Prizren
20,2054A,144,LËVIZJA VETËVENDOSJE!,25,Prizren
20,2054A,177,PARTIA DEMOKRATIKE E KOSOVËS,133,Prizren
20,2055A,144,LËVIZJA VETËVENDOSJE!,98,Prizren
20,2055A,177,PARTIA DEMOKRATIKE E KOSOVËS,234,Prizren
20,2056A,144,LËVIZJA VETËVENDOSJE!,120,Prizren
20,2056A,177,PARTIA DEMOKRATIKE E KOSOVËS,191,Prizren
20,2057A,144,LËVIZJA VETËVENDOSJE!,39,Prizren
20,2057A,177,PARTIA DEMOKRATIKE E KOSOVËS,101,Prizren
20,2058A,144,LËVIZJA VETËVENDOSJE!,86,Prizren
20,2058A,177,PARTIA DEMOKRATIKE E KOSOVËS,151,Prizren
20,2059A,144,LËVIZJA VETËVENDOSJE!,121,Prizren
20,2059A,177,PARTIA DEMOKRATIKE E KOSOVËS,314,Prizren
20,2060A,144,LËVIZJA VETËVENDOSJE!,14,Prizren
20,2060A,177,PARTIA DEMOKRATIKE E KOSOVËS,17,Prizren
20,2061A,144,LËVIZJA VETËVENDOSJE!,346,Prizren
20,2061A,177,PARTIA DEMOKRATIKE E KOSOVËS,251,Prizren
20,2062A,144,LËVIZJA VETËVENDOSJE!,297,Prizren
20,2062A,177,PARTIA DEMOKRATIKE E KOSOVËS,536,Prizren
20,2065A,144,LËVIZJA VETËVENDOSJE!,60,Prizren
20,2065A,177,PARTIA DEMOKRATIKE E KOSOVËS,317,Prizren
20,2066A,144,LËVIZJA VETËVENDOSJE!,89,Prizren
20,2066A,177,PARTIA DEMOKRATIKE E KOSOVËS,69,Prizren
20,2067A,144,LËVIZJA VETËVENDOSJE!,40,Prizren
20,2067A,177,PARTIA DEMOKRATIKE E KOSOVËS,68,Prizren
20,2068A,144,LËVIZJA VETËVENDOSJE!,141,Prizren
20,2068A,177,PARTIA DEMOKRATIKE E KOSOVËS,144,Prizren
20,2069A,144,LËVIZJA VETËVENDOSJE!,20,Prizren
20,2069A,177,PARTIA DEMOKRATIKE E KOSOVËS,166,Prizren
20,2070A,144,LËVIZJA VETËVENDOSJE!,4,Prizren
20,2070A,177,PARTIA DEMOKRATIKE E KOSOVËS,61,Prizren
20,2071A,144,LËVIZJA VETËVENDOSJE!,162,Prizren
20,2071A,177,PARTIA DEMOKRATIKE E KOSOVËS,209,Prizren
20,BM020,144,LËVIZJA VETËVENDOSJE!,68,Prizren
20,BM020,177,PARTIA DEMOKRATIKE E KOSOVËS,53,Prizren
20,CB120,144,LËVIZJA VETËVENDOSJE!,670,Prizren
20,CB120,177,PARTIA DEMOKRATIKE E KOSOVËS,619,Prizren
22,2201E,144,LËVIZJA VETËVENDOSJE!,981,Shtime
22,2201E,177,PARTIA DEMOKRATIKE E KOSOVËS,1024,Shtime
22,2201X,144,LËVIZJA VETËVENDOSJE!,1020,Shtime
22,2201X,177,PARTIA DEMOKRATIKE E KOSOVËS,959,Shtime
22,2202E,144,LËVIZJA VETËVENDOSJE!,668,Shtime
22,2202E,177,PARTIA DEMOKRATIKE E KOSOVËS,653,Shtime
22,2203E,144,LËVIZJA VETËVENDOSJE!,390,Shtime
22,2203E,177,PARTIA DEMOKRATIKE E KOSOVËS,431,Shtime
22,2204E,144,LËVIZJA VETËVENDOSJE!,418,Shtime
22,2204E,177,PARTIA DEMOKRATIKE E KOSOVËS,448,Shtime
22,2205E,144,LËVIZJA VETËVENDOSJE!,161,Shtime
22,2205E,177,PARTIA DEMOKRATIKE E KOSOVËS,250,Shtime
22,2206E,144,LËVIZJA VETËVENDOSJE!,1149,Shtime
22,2206E,177,PARTIA DEMOKRATIKE E KOSOVËS,594,Shtime
22,2207E,144,LËVIZJA VETËVENDOSJE!,275,Shtime
22,2207E,177,PARTIA DEMOKRATIKE E KOSOVËS,417,Shtime
22,2208E,144,LËVIZJA VETËVENDOSJE!,266,Shtime
22,2208E,177,PARTIA DEMOKRATIKE E KOSOVËS,161,Shtime
22,2209E,144,LËVIZJA VETËVENDOSJE!,245,Shtime
22,2209E,177,PARTIA DEMOKRATIKE E KOSOVËS,586,Shtime
22,2210E,144,LËVIZJA VETËVENDOSJE!,33,Shtime
22,2210E,177,PARTIA DEMOKRATIKE E KOSOVËS,33,Shtime
22,2212E,144,LËVIZJA VETËVENDOSJE!,214,Shtime
22,2212E,177,PARTIA DEMOKRATIKE E KOSOVËS,244,Shtime
22,2213E,144,LËVIZJA VETËVENDOSJE!,387,Shtime
22,2213E,177,PARTIA DEMOKRATIKE E KOSOVËS,193,Shtime
22,2214E,144,LËVIZJA VETËVENDOSJE!,190,Shtime
22,2214E,177,PARTIA DEMOKRATIKE E KOSOVËS,209,Shtime
22,2215E,144,LËVIZJA VETËVENDOSJE!,250,Shtime
22,2215E,177,PARTIA DEMOKRATIKE E KOSOVËS,269,Shtime
22,2216E,144,LËVIZJA VETËVENDOSJE!,273,Shtime
22,2216E,177,PARTIA DEMOKRATIKE E KOSOVËS,255,Shtime
22,BM022,144,LËVIZJA VETËVENDOSJE!,42,Shtime
22,BM022,177,PARTIA DEMOKRATIKE E KOSOVËS,14,Shtime
22,CB122,144,LËVIZJA VETËVENDOSJE!,67,Shtime
22,CB122,177,PARTIA DEMOKRATIKE E KOSOVËS,104,Shtime
26,2601D,144,LËVIZJA VETËVENDOSJE!,585,Viti
26,2601D,160,LIDHJA DEMOKRATIKE E KOSOVËS,730,Viti
26,2601X,144,LËVIZJA VETËVENDOSJE!,577,Viti
26,2601X,160,LIDHJA DEMOKRATIKE E KOSOVËS,518,Viti
26,2602D,144,LËVIZJA VETËVENDOSJE!,48,Viti
26,2602D,160,LIDHJA DEMOKRATIKE E KOSOVËS,76,Viti
26,2603D,144,LËVIZJA VETËVENDOSJE!,122,Viti
26,2603D,160,LIDHJA DEMOKRATIKE E KOSOVËS,219,Viti
26,2604D,144,LËVIZJA VETËVENDOSJE!,196,Viti
26,2604D,160,LIDHJA DEMOKRATIKE E KOSOVËS,689,Viti
26,2605D,144,LËVIZJA VETËVENDOSJE!,989,Viti
26,2605D,160,LIDHJA DEMOKRATIKE E KOSOVËS,787,Viti
26,2606D,144,LËVIZJA VETËVENDOSJE!,132,Viti
26,2606D,160,LIDHJA DEMOKRATIKE E KOSOVËS,132,Viti
26,2607D,144,LËVIZJA VETËVENDOSJE!,456,Viti
26,2607D,160,LIDHJA DEMOKRATIKE E KOSOVËS,425,Viti
26,2608D,144,LËVIZJA VETËVENDOSJE!,272,Viti
26,2608D,160,LIDHJA DEMOKRATIKE E KOSOVËS,317,Viti
26,2609D,144,LËVIZJA VETËVENDOSJE!,424,Viti
26,2609D,160,LIDHJA DEMOKRATIKE E KOSOVËS,356,Viti
26,2610D,144,LËVIZJA VETËVENDOSJE!,303,Viti
26,2610D,160,LIDHJA DEMOKRATIKE E KOSOVËS,236,Viti
26,2611D,144,LËVIZJA VETËVENDOSJE!,615,Viti
26,2611D,160,LIDHJA DEMOKRATIKE E KOSOVËS,243,Viti
26,2612D,144,LËVIZJA VETËVENDOSJE!,107,Viti
26,2612D,160,LIDHJA DEMOKRATIKE E KOSOVËS,113,Viti
26,2613D,144,LËVIZJA VETËVENDOSJE!,46,Viti
26,2613D,160,LIDHJA DEMOKRATIKE E KOSOVËS,75,Viti
26,2614D,144,LËVIZJA VETËVENDOSJE!,51,Viti
26,2614D,160,LIDHJA DEMOKRATIKE E KOSOVËS,153,Viti
26,2615D,144,LËVIZJA VETËVENDOSJE!,103,Viti
26,2615D,160,LIDHJA DEMOKRATIKE E KOSOVËS,107,Viti
26,2616D,144,LËVIZJA VETËVENDOSJE!,0,Viti
26,2616D,160,LIDHJA DEMOKRATIKE E KOSOVËS,3,Viti
26,2617D,144,LËVIZJA VETËVENDOSJE!,556,Viti
26,2617D,160,LIDHJA DEMOKRATIKE E KOSOVËS,583,Viti
26,2620D,144,LËVIZJA VETËVENDOSJE!,272,Viti
26,2620D,160,LIDHJA DEMOKRATIKE E KOSOVËS,371,Viti
26,2621D,144,LËVIZJA VETËVENDOSJE!,290,Viti
26,2621D,160,LIDHJA DEMOKRATIKE E KOSOVËS,407,Viti
26,2622D,144,LËVIZJA VETËVENDOSJE!,1,Viti
26,2622D,160,LIDHJA DEMOKRATIKE E KOSOVËS,31,Viti
26,2623D,144,LËVIZJA VETËVENDOSJE!,169,Viti
26,2623D,160,LIDHJA DEMOKRATIKE E KOSOVËS,258,Viti
26,2625D,144,LËVIZJA VETËVENDOSJE!,202,Viti
26,2625D,160,LIDHJA DEMOKRATIKE E KOSOVËS,188,Viti
26,2626D,144,LËVIZJA VETËVENDOSJE!,154,Viti
26,2626D,160,LIDHJA DEMOKRATIKE E KOSOVËS,189,Viti
26,2627D,144,LËVIZJA VETËVENDOSJE!,236,Viti
26,2627D,160,LIDHJA DEMOKRATIKE E KOSOVËS,282,Viti
26,2628D,144,LËVIZJA VETËVENDOSJE!,147,Viti
26,2628D,160,LIDHJA DEMOKRATIKE E KOSOVËS,214,Viti
26,2629D,144,LËVIZJA VETËVENDOSJE!,202,Viti
26,2629D,160,LIDHJA DEMOKRATIKE E KOSOVËS,167,Viti
26,2630D,144,LËVIZJA VETËVENDOSJE!,273,Viti
26,2630D,160,LIDHJA DEMOKRATIKE E KOSOVËS,305,Viti
26,2631D,144,LËVIZJA VETËVENDOSJE!,189,Viti
26,2631D,160,LIDHJA DEMOKRATIKE E KOSOVËS,192,Viti
26,2632D,144,LËVIZJA VETËVENDOSJE!,170,Viti
26,2632D,160,LIDHJA DEMOKRATIKE E KOSOVËS,197,Viti
26,2633D,144,LËVIZJA VETËVENDOSJE!,298,Viti
26,2633D,160,LIDHJA DEMOKRATIKE E KOSOVËS,121,Viti
26,BM026,144,LËVIZJA VETËVENDOSJE!,33,Viti
26,BM026,160,LIDHJA DEMOKRATIKE E KOSOVËS,24,Viti
26,CB126,144,LËVIZJA VETËVENDOSJE!,85,Viti
26,CB126,160,LIDHJA DEMOKRATIKE E KOSOVËS,89,Viti
27,2701B,160,LIDHJA DEMOKRATIKE E KOSOVËS,1842,Vushtrri
27,2701B,177,PARTIA DEMOKRATIKE E KOSOVËS,2011,Vushtrri
27,2702B,160,LIDHJA DEMOKRATIKE E KOSOVËS,693,Vushtrri
27,2702B,177,PARTIA DEMOKRATIKE E KOSOVËS,721,Vushtrri
27,2702X,160,LIDHJA DEMOKRATIKE E KOSOVËS,731,Vushtrri
27,2702X,177,PARTIA DEMOKRATIKE E KOSOVËS,658,Vushtrri
27,2703B,160,LIDHJA DEMOKRATIKE E KOSOVËS,46,Vushtrri
27,2703B,177,PARTIA DEMOKRATIKE E KOSOVËS,390,Vushtrri
27,2704B,160,LIDHJA DEMOKRATIKE E KOSOVËS,1891,Vushtrri
27,2704B,177,PARTIA DEMOKRATIKE E KOSOVËS,2143,Vushtrri
27,2705B,160,LIDHJA DEMOKRATIKE E KOSOVËS,19,Vushtrri
27,2705B,177,PARTIA DEMOKRATIKE E KOSOVËS,55,Vushtrri
27,2706B,160,LIDHJA DEMOKRATIKE E KOSOVËS,265,Vushtrri
27,2706B,177,PARTIA DEMOKRATIKE E KOSOVËS,195,Vushtrri
27,2707B,160,LIDHJA DEMOKRATIKE E KOSOVËS,260,Vushtrri
27,2707B,177,PARTIA DEMOKRATIKE E KOSOVËS,391,Vushtrri
27,2708B,160,LIDHJA DEMOKRATIKE E KOSOVËS,303,Vushtrri
27,2708B,177,PARTIA DEMOKRATIKE E KOSOVËS,258,Vushtrri
27,2709B,160,LIDHJA DEMOKRATIKE E KOSOVËS,498,Vushtrri
27,2709B,177,PARTIA DEMOKRATIKE E KOSOVËS,500,Vushtrri
27,2710B,160,LIDHJA DEMOKRATIKE E KOSOVËS,383,Vushtrri
27,2710B,177,PARTIA DEMOKRATIKE E KOSOVËS,677,Vushtrri
27,2711B,160,LIDHJA DEMOKRATIKE E KOSOVËS,268,Vushtrri
27,2711B,177,PARTIA DEMOKRATIKE E KOSOVËS,253,Vushtrri
27,2712B,160,LIDHJA DEMOKRATIKE E KOSOVËS,238,Vushtrri
27,2712B,177,PARTIA DEMOKRATIKE E KOSOVËS,449,Vushtrri
27,2713B,160,LIDHJA DEMOKRATIKE E KOSOVËS,758,Vushtrri
27,2713B,177,PARTIA DEMOKRATIKE E KOSOVËS,693,Vushtrri
27,2714B,160,LIDHJA DEMOKRATIKE E KOSOVËS,558,Vushtrri
27,2714B,177,PARTIA DEMOKRATIKE E KOSOVËS,453,Vushtrri
27,2715B,160,LIDHJA DEMOKRATIKE E KOSOVËS,22,Vushtrri
27,2715B,177,PARTIA DEMOKRATIKE E KOSOVËS,10,Vushtrri
27,2716B,160,LIDHJA DEMOKRATIKE E KOSOVËS,99,Vushtrri
27,2716B,177,PARTIA DEMOKRATIKE E KOSOVËS,278,Vushtrri
27,2717B,160,LIDHJA DEMOKRATIKE E KOSOVËS,356,Vushtrri
27,2717B,177,PARTIA DEMOKRATIKE E KOSOVËS,366,Vushtrri
27,2718B,160,LIDHJA DEMOKRATIKE E KOSOVËS,61,Vushtrri
27,2718B,177,PARTIA DEMOKRATIKE E KOSOVËS,66,Vushtrri
27,2719B,160,LIDHJA DEMOKRATIKE E KOSOVËS,16,Vushtrri
27,2719B,177,PARTIA DEMOKRATIKE E KOSOVËS,36,Vushtrri
27,2720B,160,LIDHJA DEMOKRATIKE E KOSOVËS,193,Vushtrri
27,2720B,177,PARTIA DEMOKRATIKE E KOSOVËS,246,Vushtrri
27,2721B,160,LIDHJA DEMOKRATIKE E KOSOVËS,294,Vushtrri
27,2721B,177,PARTIA DEMOKRATIKE E KOSOVËS,196,Vushtrri
27,2722B,160,LIDHJA DEMOKRATIKE E KOSOVËS,232,Vushtrri
27,2722B,177,PARTIA DEMOKRATIKE E KOSOVËS,232,Vushtrri
27,2723B,160,LIDHJA DEMOKRATIKE E KOSOVËS,62,Vushtrri
27,2723B,177,PARTIA DEMOKRATIKE E KOSOVËS,375,Vushtrri
27,2724B,160,LIDHJA DEMOKRATIKE E KOSOVËS,2,Vushtrri
27,2724B,177,PARTIA DEMOKRATIKE E KOSOVËS,4,Vushtrri
27,2725B,160,LIDHJA DEMOKRATIKE E KOSOVËS,40,Vushtrri
27,2725B,177,PARTIA DEMOKRATIKE E KOSOVËS,69,Vushtrri
27,2726B,160,LIDHJA DEMOKRATIKE E KOSOVËS,80,Vushtrri
27,2726B,177,PARTIA DEMOKRATIKE E KOSOVËS,81,Vushtrri
27,2727B,160,LIDHJA DEMOKRATIKE E KOSOVËS,322,Vushtrri
27,2727B,177,PARTIA DEMOKRATIKE E KOSOVËS,333,Vushtrri
27,2728B,160,LIDHJA DEMOKRATIKE E KOSOVËS,129,Vushtrri
27,2728B,177,PARTIA DEMOKRATIKE E KOSOVËS,238,Vushtrri
27,2729B,160,LIDHJA DEMOKRATIKE E KOSOVËS,580,Vushtrri
27,2729B,177,PARTIA DEMOKRATIKE E KOSOVËS,315,Vushtrri
27,2730B,160,LIDHJA DEMOKRATIKE E KOSOVËS,170,Vushtrri
27,2730B,177,PARTIA DEMOKRATIKE E KOSOVËS,232,Vushtrri
27,2731B,160,LIDHJA DEMOKRATIKE E KOSOVËS,215,Vushtrri
27,2731B,177,PARTIA DEMOKRATIKE E KOSOVËS,257,Vushtrri
27,BM027,160,LIDHJA DEMOKRATIKE E KOSOVËS,4,Vushtrri
27,BM027,177,PARTIA DEMOKRATIKE E KOSOVËS,1,Vushtrri
27,CB127,160,LIDHJA DEMOKRATIKE E KOSOVËS,176,Vushtrri
27,CB127,177,PARTIA DEMOKRATIKE E KOSOVËS,232,Vushtrri
30,3001A,119,NISMA SOCIALDEMOKRATE,247,Malishevë
30,3001A,177,PARTIA DEMOKRATIKE E KOSOVËS,348,Malishevë
30,3008A,119,NISMA SOCIALDEMOKRATE,565,Malishevë
30,3008A,177,PARTIA DEMOKRATIKE E KOSOVËS,602,Malishevë
30,3012A,119,NISMA SOCIALDEMOKRATE,251,Malishevë
30,3012A,177,PARTIA DEMOKRATIKE E KOSOVËS,167,Malishevë
30,3013A,119,NISMA SOCIALDEMOKRATE,343,Malishevë
30,3013A,177,PARTIA DEMOKRATIKE E KOSOVËS,192,Malishevë
30,3014A,119,NISMA SOCIALDEMOKRATE,105,Malishevë
30,3014A,177,PARTIA DEMOKRATIKE E KOSOVËS,65,Malishevë
30,3016A,119,NISMA SOCIALDEMOKRATE,814,Malishevë
30,3016A,177,PARTIA DEMOKRATIKE E KOSOVËS,857,Malishevë
30,3017A,119,NISMA SOCIALDEMOKRATE,245,Malishevë
30,3017A,177,PARTIA DEMOKRATIKE E KOSOVËS,236,Malishevë
30,3018A,119,NISMA SOCIALDEMOKRATE,431,Malishevë
30,3018A,177,PARTIA DEMOKRATIKE E KOSOVËS,376,Malishevë
30,3019A,119,NISMA SOCIALDEMOKRATE,393,Malishevë
30,3019A,177,PARTIA DEMOKRATIKE E KOSOVËS,346,Malishevë
30,3020A,119,NISMA SOCIALDEMOKRATE,128,Malishevë
30,3020A,177,PARTIA DEMOKRATIKE E KOSOVËS,356,Malishevë
30,3028A,119,NISMA SOCIALDEMOKRATE,486,Malishevë
30,3028A,177,PARTIA DEMOKRATIKE E KOSOVËS,280,Malishevë
30,3029A,119,NISMA SOCIALDEMOKRATE,372,Malishevë
30,3029A,177,PARTIA DEMOKRATIKE E KOSOVËS,177,Malishevë
30,3030A,119,NISMA SOCIALDEMOKRATE,253,Malishevë
30,3030A,177,PARTIA DEMOKRATIKE E KOSOVËS,187,Malishevë
30,3031A,119,NISMA SOCIALDEMOKRATE,247,Malishevë
30,3031A,177,PARTIA DEMOKRATIKE E KOSOVËS,259,Malishevë
30,3032A,119,NISMA SOCIALDEMOKRATE,978,Malishevë
30,3032A,177,PARTIA DEMOKRATIKE E KOSOVËS,498,Malishevë
30,3033A,119,NISMA SOCIALDEMOKRATE,175,Malishevë
30,3033A,177,PARTIA DEMOKRATIKE E KOSOVËS,242,Malishevë
30,3034A,119,NISMA SOCIALDEMOKRATE,144,Malishevë
30,3034A,177,PARTIA DEMOKRATIKE E KOSOVËS,235,Malishevë
30,3035A,119,NISMA SOCIALDEMOKRATE,128,Malishevë
30,3035A,177,PARTIA DEMOKRATIKE E KOSOVËS,353,Malishevë
30,3036A,119,NISMA SOCIALDEMOKRATE,446,Malishevë
30,3036A,177,PARTIA DEMOKRATIKE E KOSOVËS,326,Malishevë
30,3037A,119,NISMA SOCIALDEMOKRATE,140,Malishevë
30,3037A,177,PARTIA DEMOKRATIKE E KOSOVËS,160,Malishevë
30,3038A,119,NISMA SOCIALDEMOKRATE,259,Malishevë
30,3038A,177,PARTIA DEMOKRATIKE E KOSOVËS,273,Malishevë
30,3039A,119,NISMA SOCIALDEMOKRATE,188,Malishevë
30,3039A,177,PARTIA DEMOKRATIKE E KOSOVËS,102,Malishevë
30,3040A,119,NISMA SOCIALDEMOKRATE,260,Malishevë
30,3040A,177,PARTIA DEMOKRATIKE E KOSOVËS,281,Malishevë
30,3041A,119,NISMA SOCIALDEMOKRATE,220,Malishevë
30,3041A,177,PARTIA DEMOKRATIKE E KOSOVËS,87,Malishevë
30,3042A,119,NISMA SOCIALDEMOKRATE,194,Malishevë
30,3042A,177,PARTIA DEMOKRATIKE E KOSOVËS,392,Malishevë
30,3043A,119,NISMA SOCIALDEMOKRATE,245,Malishevë
30,3043A,177,PARTIA DEMOKRATIKE E KOSOVËS,257,Malishevë
30,3044A,119,NISMA SOCIALDEMOKRATE,71,Malishevë
30,3044A,177,PARTIA DEMOKRATIKE E KOSOVËS,82,Malishevë
30,3045A,119,NISMA SOCIALDEMOKRATE,289,Malishevë
30,3045A,177,PARTIA DEMOKRATIKE E KOSOVËS,123,Malishevë
30,3046A,119,NISMA SOCIALDEMOKRATE,508,Malishevë
30,3046A,177,PARTIA DEMOKRATIKE E KOSOVËS,195,Malishevë
30,3047A,119,NISMA SOCIALDEMOKRATE,279,Malishevë
30,3047A,177,PARTIA DEMOKRATIKE E KOSOVËS,244,Malishevë
30,3048A,119,NISMA SOCIALDEMOKRATE,164,Malishevë
30,3048A,177,PARTIA DEMOKRATIKE E KOSOVËS,63,Malishevë
30,3049A,119,NISMA SOCIALDEMOKRATE,213,Malishevë
30,3049A,177,PARTIA DEMOKRATIKE E KOSOVËS,103,Malishevë
30,3050A,119,NISMA SOCIALDEMOKRATE,158,Malishevë
30,3050A,177,PARTIA DEMOKRATIKE E KOSOVËS,204,Malishevë
30,3051A,119,NISMA SOCIALDEMOKRATE,149,Malishevë
30,3051A,177,PARTIA DEMOKRATIKE E KOSOVËS,189,Malishevë
30,3052A,119,NISMA SOCIALDEMOKRATE,306,Malishevë
30,3052A,177,PARTIA DEMOKRATIKE E KOSOVËS,290,Malishevë
30,BM030,119,NISMA SOCIALDEMOKRATE,1,Malishevë
30,BM030,177,PARTIA DEMOKRATIKE E KOSOVËS,56,Malishevë
30,CB130,119,NISMA SOCIALDEMOKRATE,177,Malishevë
30,CB130,177,PARTIA DEMOKRATIKE E KOSOVËS,134,Malishevë
31,3101C,121,ALEANCA PËR ARDHMËRINË E KOSOVËS,1170,Junik
31,3101C,160,LIDHJA DEMOKRATIKE E KOSOVËS,1199,Junik
31,BM031,121,ALEANCA PËR ARDHMËRINË E KOSOVËS,232,Junik
31,BM031,160,LIDHJA DEMOKRATIKE E KOSOVËS,436,Junik
31,CB131,121,ALEANCA PËR ARDHMËRINË E KOSOVËS,22,Junik
31,CB131,160,LIDHJA DEMOKRATIKE E KOSOVËS,23,Junik
32,3201A,103,KOSOVA DEMOKRATİK TÜRK PARTİSİ,1580,Mamushë
32,3201A,117,KOSOVA ADALET TÜRK PARTİSİ,913,Mamushë
32,BM032,103,KOSOVA DEMOKRATİK TÜRK PARTİSİ,27,Mamushë
32,BM032,117,KOSOVA ADALET TÜRK PARTİSİ,28,Mamushë
32,CB132,103,KOSOVA DEMOKRATİK TÜRK PARTİSİ,22,Mamushë
32,CB132,117,KOSOVA ADALET TÜRK PARTİSİ,8,Mamushë
37,3701D,147,SRPSKA LISTA,402,Kllokot
37,3701D,187,GI SRPSKA NARODNA SLOGA,246,Kllokot
37,3702D,147,SRPSKA LISTA,175,Kllokot
37,3702D,187,GI SRPSKA NARODNA SLOGA,243,Kllokot
37,3703D,147,SRPSKA LISTA,411,Kllokot
37,3703D,187,GI SRPSKA NARODNA SLOGA,191,Kllokot
37,3704D,147,SRPSKA LISTA,27,Kllokot
37,3704D,187,GI SRPSKA NARODNA SLOGA,115,Kllokot
37,3705D,147,SRPSKA LISTA,6,Kllokot
37,3705D,187,GI SRPSKA NARODNA SLOGA,36,Kllokot
37,CB137,147,SRPSKA LISTA,8,Kllokot
37,CB137,187,GI SRPSKA NARODNA SLOGA,7,Kllokot
