id,Polling Center,Candidate,Party_ID,Party,Votes,Municipality
10,1001D,BEGZAD SINANI,99,PDK - PARTIA DEMOKRATIKE E KOSOVËS,1281,Kamenicë
10,1001D,SHAIP SURDULLI,78,LDK - LIDHJA DEMOKRATIKE E KOSOVËS,923,Kamenicë
10,1001X,BEGZAD SINANI,99,PDK - PARTIA DEMOKRATIKE E KOSOVËS,991,Kamenicë
10,1001X,SHAIP SURDULLI,78,LDK - LIDHJA DEMOKRATIKE E KOSOVËS,727,Kamenicë
10,1002D,BEGZAD SINANI,99,PDK - PARTIA DEMOKRATIKE E KOSOVËS,417,Kamenicë
10,1002D,SHAIP SURDULLI,78,LDK - LIDHJA DEMOKRATIKE E KOSOVËS,545,Kamenicë
10,1003D,BEGZAD SINANI,99,PDK - PARTIA DEMOKRATIKE E KOSOVËS,205,Kamenicë
10,1003D,SHAIP SURDULLI,78,LDK - LIDHJA DEMOKRATIKE E KOSOVËS,55,Kamenicë
10,1004D,BEGZAD SINANI,99,PDK - PARTIA DEMOKRATIKE E KOSOVËS,191,Kamenicë
10,1004D,SHAIP SURDULLI,78,LDK - LIDHJA DEMOKRATIKE E KOSOVËS,86,Kamenicë
10,1005D,BEGZAD SINANI,99,PDK - PARTIA DEMOKRATIKE E KOSOVËS,660,Kamenicë
10,1005D,SHAIP SURDULLI,78,LDK - LIDHJA DEMOKRATIKE E KOSOVËS,230,Kamenicë
10,1006D,BEGZAD SINANI,99,PDK - PARTIA DEMOKRATIKE E KOSOVËS,96,Kamenicë
10,1006D,SHAIP SURDULLI,78,LDK - LIDHJA DEMOKRATIKE E KOSOVËS,91,Kamenicë
10,1007D,BEGZAD SINANI,99,PDK - PARTIA DEMOKRATIKE E KOSOVËS,101,Kamenicë
10,1007D,SHAIP SURDULLI,78,LDK - LIDHJA DEMOKRATIKE E KOSOVËS,51,Kamenicë
10,1008D,BEGZAD SINANI,99,PDK - PARTIA DEMOKRATIKE E KOSOVËS,353,Kamenicë
10,1008D,SHAIP SURDULLI,78,LDK - LIDHJA DEMOKRATIKE E KOSOVËS,339,Kamenicë
10,1009D,BEGZAD SINANI,99,PDK - PARTIA DEMOKRATIKE E KOSOVËS,633,Kamenicë
10,1009D,SHAIP SURDULLI,78,LDK - LIDHJA DEMOKRATIKE E KOSOVËS,805,Kamenicë
10,1010D,BEGZAD SINANI,99,PDK - PARTIA DEMOKRATIKE E KOSOVËS,127,Kamenicë
10,1010D,SHAIP SURDULLI,78,LDK - LIDHJA DEMOKRATIKE E KOSOVËS,66,Kamenicë
10,1013D,BEGZAD SINANI,99,PDK - PARTIA DEMOKRATIKE E KOSOVËS,55,Kamenicë
10,1013D,SHAIP SURDULLI,78,LDK - LIDHJA DEMOKRATIKE E KOSOVËS,25,Kamenicë
10,1015D,BEGZAD SINANI,99,PDK - PARTIA DEMOKRATIKE E KOSOVËS,215,Kamenicë
10,1015D,SHAIP SURDULLI,78,LDK - LIDHJA DEMOKRATIKE E KOSOVËS,86,Kamenicë
10,1016D,BEGZAD SINANI,99,PDK - PARTIA DEMOKRATIKE E KOSOVËS,177,Kamenicë
10,1016D,SHAIP SURDULLI,78,LDK - LIDHJA DEMOKRATIKE E KOSOVËS,21,Kamenicë
10,1017D,BEGZAD SINANI,99,PDK - PARTIA DEMOKRATIKE E KOSOVËS,151,Kamenicë
10,1017D,SHAIP SURDULLI,78,LDK - LIDHJA DEMOKRATIKE E KOSOVËS,81,Kamenicë
10,1022D,BEGZAD SINANI,99,PDK - PARTIA DEMOKRATIKE E KOSOVËS,121,Kamenicë
10,1022D,SHAIP SURDULLI,78,LDK - LIDHJA DEMOKRATIKE E KOSOVËS,490,Kamenicë
10,1023D,BEGZAD SINANI,99,PDK - PARTIA DEMOKRATIKE E KOSOVËS,260,Kamenicë
10,1023D,SHAIP SURDULLI,78,LDK - LIDHJA DEMOKRATIKE E KOSOVËS,122,Kamenicë
10,1024D,BEGZAD SINANI,99,PDK - PARTIA DEMOKRATIKE E KOSOVËS,848,Kamenicë
10,1024D,SHAIP SURDULLI,78,LDK - LIDHJA DEMOKRATIKE E KOSOVËS,688,Kamenicë
10,1025D,BEGZAD SINANI,99,PDK - PARTIA DEMOKRATIKE E KOSOVËS,165,Kamenicë
10,1025D,SHAIP SURDULLI,78,LDK - LIDHJA DEMOKRATIKE E KOSOVËS,311,Kamenicë
10,1026D,BEGZAD SINANI,99,PDK - PARTIA DEMOKRATIKE E KOSOVËS,599,Kamenicë
10,1026D,SHAIP SURDULLI,78,LDK - LIDHJA DEMOKRATIKE E KOSOVËS,310,Kamenicë
10,1027D,BEGZAD SINANI,99,PDK - PARTIA DEMOKRATIKE E KOSOVËS,83,Kamenicë
10,1027D,SHAIP SURDULLI,78,LDK - LIDHJA DEMOKRATIKE E KOSOVËS,95,Kamenicë
10,1028D,BEGZAD SINANI,99,PDK - PARTIA DEMOKRATIKE E KOSOVËS,97,Kamenicë
10,1028D,SHAIP SURDULLI,78,LDK - LIDHJA DEMOKRATIKE E KOSOVËS,94,Kamenicë
10,1029D,BEGZAD SINANI,99,PDK - PARTIA DEMOKRATIKE E KOSOVËS,535,Kamenicë
10,1029D,SHAIP SURDULLI,78,LDK - LIDHJA DEMOKRATIKE E KOSOVËS,47,Kamenicë
10,1030D,BEGZAD SINANI,99,PDK - PARTIA DEMOKRATIKE E KOSOVËS,567,Kamenicë
10,1030D,SHAIP SURDULLI,78,LDK - LIDHJA DEMOKRATIKE E KOSOVËS,418,Kamenicë
10,1031D,BEGZAD SINANI,99,PDK - PARTIA DEMOKRATIKE E KOSOVËS,116,Kamenicë
10,1031D,SHAIP SURDULLI,78,LDK - LIDHJA DEMOKRATIKE E KOSOVËS,177,Kamenicë
10,1032D,BEGZAD SINANI,99,PDK - PARTIA DEMOKRATIKE E KOSOVËS,145,Kamenicë
10,1032D,SHAIP SURDULLI,78,LDK - LIDHJA DEMOKRATIKE E KOSOVËS,630,Kamenicë
11,1102B,AGIM BAHTIRI,89,AKR - ALEANCA KOSOVA E RE,1518,Mitrovicë
11,1102B,AVNI KASTRATI,99,PDK - PARTIA DEMOKRATIKE E KOSOVËS,1705,Mitrovicë
11,1102X,AGIM BAHTIRI,89,AKR - ALEANCA KOSOVA E RE,1884,Mitrovicë
11,1102X,AVNI KASTRATI,99,PDK - PARTIA DEMOKRATIKE E KOSOVËS,1859,Mitrovicë
11,1103B,AGIM BAHTIRI,89,AKR - ALEANCA KOSOVA E RE,905,Mitrovicë
11,1103B,AVNI KASTRATI,99,PDK - PARTIA DEMOKRATIKE E KOSOVËS,901,Mitrovicë
11,1103X,AGIM BAHTIRI,89,AKR - ALEANCA KOSOVA E RE,678,Mitrovicë
11,1103X,AVNI KASTRATI,99,PDK - PARTIA DEMOKRATIKE E KOSOVËS,438,Mitrovicë
11,1104B,AGIM BAHTIRI,89,AKR - ALEANCA KOSOVA E RE,1441,Mitrovicë
11,1104B,AVNI KASTRATI,99,PDK - PARTIA DEMOKRATIKE E KOSOVËS,1427,Mitrovicë
11,1105B,AGIM BAHTIRI,89,AKR - ALEANCA KOSOVA E RE,964,Mitrovicë
11,1105B,AVNI KASTRATI,99,PDK - PARTIA DEMOKRATIKE E KOSOVËS,908,Mitrovicë
11,1109B,AGIM BAHTIRI,89,AKR - ALEANCA KOSOVA E RE,393,Mitrovicë
11,1109B,AVNI KASTRATI,99,PDK - PARTIA DEMOKRATIKE E KOSOVËS,460,Mitrovicë
11,1111B,AGIM BAHTIRI,89,AKR - ALEANCA KOSOVA E RE,735,Mitrovicë
11,1111B,AVNI KASTRATI,99,PDK - PARTIA DEMOKRATIKE E KOSOVËS,637,Mitrovicë
11,1112B,AGIM BAHTIRI,89,AKR - ALEANCA KOSOVA E RE,696,Mitrovicë
11,1112B,AVNI KASTRATI,99,PDK - PARTIA DEMOKRATIKE E KOSOVËS,451,Mitrovicë
11,1113B,AGIM BAHTIRI,89,AKR - ALEANCA KOSOVA E RE,223,Mitrovicë
11,1113B,AVNI KASTRATI,99,PDK - PARTIA DEMOKRATIKE E KOSOVËS,163,Mitrovicë
11,1114B,AGIM BAHTIRI,89,AKR - ALEANCA KOSOVA E RE,565,Mitrovicë
11,1114B,AVNI KASTRATI,99,PDK - PARTIA DEMOKRATIKE E KOSOVËS,149,Mitrovicë
11,1115B,AGIM BAHTIRI,89,AKR - ALEANCA KOSOVA E RE,210,Mitrovicë
11,1115B,AVNI KASTRATI,99,PDK - PARTIA DEMOKRATIKE E KOSOVËS,240,Mitrovicë
11,1116B,AGIM BAHTIRI,89,AKR - ALEANCA KOSOVA E RE,434,Mitrovicë
11,1116B,AVNI KASTRATI,99,PDK - PARTIA DEMOKRATIKE E KOSOVËS,228,Mitrovicë
11,1117B,AGIM BAHTIRI,89,AKR - ALEANCA KOSOVA E RE,274,Mitrovicë
11,1117B,AVNI KASTRATI,99,PDK - PARTIA DEMOKRATIKE E KOSOVËS,202,Mitrovicë
11,1118B,AGIM BAHTIRI,89,AKR - ALEANCA KOSOVA E RE,74,Mitrovicë
11,1118B,AVNI KASTRATI,99,PDK - PARTIA DEMOKRATIKE E KOSOVËS,71,Mitrovicë
11,1119B,AGIM BAHTIRI,89,AKR - ALEANCA KOSOVA E RE,0,Mitrovicë
11,1119B,AVNI KASTRATI,99,PDK - PARTIA DEMOKRATIKE E KOSOVËS,2,Mitrovicë
11,1120B,AGIM BAHTIRI,89,AKR - ALEANCA KOSOVA E RE,93,Mitrovicë
11,1120B,AVNI KASTRATI,99,PDK - PARTIA DEMOKRATIKE E KOSOVËS,70,Mitrovicë
11,1121B,AGIM BAHTIRI,89,AKR - ALEANCA KOSOVA E RE,202,Mitrovicë
11,1121B,AVNI KASTRATI,99,PDK - PARTIA DEMOKRATIKE E KOSOVËS,226,Mitrovicë
11,1122B,AGIM BAHTIRI,89,AKR - ALEANCA KOSOVA E RE,345,Mitrovicë
11,1122B,AVNI KASTRATI,99,PDK - PARTIA DEMOKRATIKE E KOSOVËS,193,Mitrovicë
11,1123B,AGIM BAHTIRI,89,AKR - ALEANCA KOSOVA E RE,5,Mitrovicë
11,1123B,AVNI KASTRATI,99,PDK - PARTIA DEMOKRATIKE E KOSOVËS,37,Mitrovicë
11,1124B,AGIM BAHTIRI,89,AKR - ALEANCA KOSOVA E RE,1,Mitrovicë
11,1124B,AVNI KASTRATI,99,PDK - PARTIA DEMOKRATIKE E KOSOVËS,35,Mitrovicë
11,1125B,AGIM BAHTIRI,89,AKR - ALEANCA KOSOVA E RE,38,Mitrovicë
11,1125B,AVNI KASTRATI,99,PDK - PARTIA DEMOKRATIKE E KOSOVËS,44,Mitrovicë
11,1126B,AGIM BAHTIRI,89,AKR - ALEANCA KOSOVA E RE,23,Mitrovicë
11,1126B,AVNI KASTRATI,99,PDK - PARTIA DEMOKRATIKE E KOSOVËS,42,Mitrovicë
11,1127B,AGIM BAHTIRI,89,AKR - ALEANCA KOSOVA E RE,69,Mitrovicë
11,1127B,AVNI KASTRATI,99,PDK - PARTIA DEMOKRATIKE E KOSOVËS,93,Mitrovicë
11,1128B,AGIM BAHTIRI,89,AKR - ALEANCA KOSOVA E RE,144,Mitrovicë
11,1128B,AVNI KASTRATI,99,PDK - PARTIA DEMOKRATIKE E KOSOVËS,154,Mitrovicë
11,1129B,AGIM BAHTIRI,89,AKR - ALEANCA KOSOVA E RE,110,Mitrovicë
11,1129B,AVNI KASTRATI,99,PDK - PARTIA DEMOKRATIKE E KOSOVËS,285,Mitrovicë
11,1130B,AGIM BAHTIRI,89,AKR - ALEANCA KOSOVA E RE,64,Mitrovicë
11,1130B,AVNI KASTRATI,99,PDK - PARTIA DEMOKRATIKE E KOSOVËS,57,Mitrovicë
11,1132B,AGIM BAHTIRI,89,AKR - ALEANCA KOSOVA E RE,90,Mitrovicë
11,1132B,AVNI KASTRATI,99,PDK - PARTIA DEMOKRATIKE E KOSOVËS,82,Mitrovicë
13,1301E,IMRI AHMETI,78,LDK - LIDHJA DEMOKRATIKE E KOSOVËS,1020,Lipjan
13,1301E,SHUKRI BUJA,99,PDK - PARTIA DEMOKRATIKE E KOSOVËS,697,Lipjan
13,1301X,IMRI AHMETI,78,LDK - LIDHJA DEMOKRATIKE E KOSOVËS,728,Lipjan
13,1301X,SHUKRI BUJA,99,PDK - PARTIA DEMOKRATIKE E KOSOVËS,538,Lipjan
13,1302E,IMRI AHMETI,78,LDK - LIDHJA DEMOKRATIKE E KOSOVËS,1506,Lipjan
13,1302E,SHUKRI BUJA,99,PDK - PARTIA DEMOKRATIKE E KOSOVËS,1120,Lipjan
13,1303E,IMRI AHMETI,78,LDK - LIDHJA DEMOKRATIKE E KOSOVËS,920,Lipjan
13,1303E,SHUKRI BUJA,99,PDK - PARTIA DEMOKRATIKE E KOSOVËS,749,Lipjan
13,1304E,IMRI AHMETI,78,LDK - LIDHJA DEMOKRATIKE E KOSOVËS,261,Lipjan
13,1304E,SHUKRI BUJA,99,PDK - PARTIA DEMOKRATIKE E KOSOVËS,1031,Lipjan
13,1305E,IMRI AHMETI,78,LDK - LIDHJA DEMOKRATIKE E KOSOVËS,464,Lipjan
13,1305E,SHUKRI BUJA,99,PDK - PARTIA DEMOKRATIKE E KOSOVËS,927,Lipjan
13,1306E,IMRI AHMETI,78,LDK - LIDHJA DEMOKRATIKE E KOSOVËS,698,Lipjan
13,1306E,SHUKRI BUJA,99,PDK - PARTIA DEMOKRATIKE E KOSOVËS,620,Lipjan
13,1307E,IMRI AHMETI,78,LDK - LIDHJA DEMOKRATIKE E KOSOVËS,1647,Lipjan
13,1307E,SHUKRI BUJA,99,PDK - PARTIA DEMOKRATIKE E KOSOVËS,1184,Lipjan
13,1308E,IMRI AHMETI,78,LDK - LIDHJA DEMOKRATIKE E KOSOVËS,731,Lipjan
13,1308E,SHUKRI BUJA,99,PDK - PARTIA DEMOKRATIKE E KOSOVËS,499,Lipjan
13,1311E,IMRI AHMETI,78,LDK - LIDHJA DEMOKRATIKE E KOSOVËS,111,Lipjan
13,1311E,SHUKRI BUJA,99,PDK - PARTIA DEMOKRATIKE E KOSOVËS,111,Lipjan
13,1314E,IMRI AHMETI,78,LDK - LIDHJA DEMOKRATIKE E KOSOVËS,110,Lipjan
13,1314E,SHUKRI BUJA,99,PDK - PARTIA DEMOKRATIKE E KOSOVËS,36,Lipjan
13,1315E,IMRI AHMETI,78,LDK - LIDHJA DEMOKRATIKE E KOSOVËS,36,Lipjan
13,1315E,SHUKRI BUJA,99,PDK - PARTIA DEMOKRATIKE E KOSOVËS,80,Lipjan
13,1316E,IMRI AHMETI,78,LDK - LIDHJA DEMOKRATIKE E KOSOVËS,38,Lipjan
13,1316E,SHUKRI BUJA,99,PDK - PARTIA DEMOKRATIKE E KOSOVËS,52,Lipjan
13,1317E,IMRI AHMETI,78,LDK - LIDHJA DEMOKRATIKE E KOSOVËS,1012,Lipjan
13,1317E,SHUKRI BUJA,99,PDK - PARTIA DEMOKRATIKE E KOSOVËS,623,Lipjan
13,1319E,IMRI AHMETI,78,LDK - LIDHJA DEMOKRATIKE E KOSOVËS,56,Lipjan
13,1319E,SHUKRI BUJA,99,PDK - PARTIA DEMOKRATIKE E KOSOVËS,46,Lipjan
13,1320E,IMRI AHMETI,78,LDK - LIDHJA DEMOKRATIKE E KOSOVËS,38,Lipjan
13,1320E,SHUKRI BUJA,99,PDK - PARTIA DEMOKRATIKE E KOSOVËS,15,Lipjan
13,1322E,IMRI AHMETI,78,LDK - LIDHJA DEMOKRATIKE E KOSOVËS,992,Lipjan
13,1322E,SHUKRI BUJA,99,PDK - PARTIA DEMOKRATIKE E KOSOVËS,425,Lipjan
13,1323E,IMRI AHMETI,78,LDK - LIDHJA DEMOKRATIKE E KOSOVËS,960,Lipjan
13,1323E,SHUKRI BUJA,99,PDK - PARTIA DEMOKRATIKE E KOSOVËS,626,Lipjan
13,1324E,IMRI AHMETI,78,LDK - LIDHJA DEMOKRATIKE E KOSOVËS,408,Lipjan
13,1324E,SHUKRI BUJA,99,PDK - PARTIA DEMOKRATIKE E KOSOVËS,608,Lipjan
13,1325E,IMRI AHMETI,78,LDK - LIDHJA DEMOKRATIKE E KOSOVËS,1149,Lipjan
13,1325E,SHUKRI BUJA,99,PDK - PARTIA DEMOKRATIKE E KOSOVËS,806,Lipjan
13,1326E,IMRI AHMETI,78,LDK - LIDHJA DEMOKRATIKE E KOSOVËS,343,Lipjan
13,1326E,SHUKRI BUJA,99,PDK - PARTIA DEMOKRATIKE E KOSOVËS,488,Lipjan
13,1327E,IMRI AHMETI,78,LDK - LIDHJA DEMOKRATIKE E KOSOVËS,524,Lipjan
13,1327E,SHUKRI BUJA,99,PDK - PARTIA DEMOKRATIKE E KOSOVËS,246,Lipjan
13,1328E,IMRI AHMETI,78,LDK - LIDHJA DEMOKRATIKE E KOSOVËS,618,Lipjan
13,1328E,SHUKRI BUJA,99,PDK - PARTIA DEMOKRATIKE E KOSOVËS,684,Lipjan
13,1329E,IMRI AHMETI,78,LDK - LIDHJA DEMOKRATIKE E KOSOVËS,394,Lipjan
13,1329E,SHUKRI BUJA,99,PDK - PARTIA DEMOKRATIKE E KOSOVËS,218,Lipjan
13,1330E,IMRI AHMETI,78,LDK - LIDHJA DEMOKRATIKE E KOSOVËS,391,Lipjan
13,1330E,SHUKRI BUJA,99,PDK - PARTIA DEMOKRATIKE E KOSOVËS,322,Lipjan
13,1331E,IMRI AHMETI,78,LDK - LIDHJA DEMOKRATIKE E KOSOVËS,430,Lipjan
13,1331E,SHUKRI BUJA,99,PDK - PARTIA DEMOKRATIKE E KOSOVËS,574,Lipjan
14,1401D,BAJRUSH YMERI,78,LDK - LIDHJA DEMOKRATIKE E KOSOVËS,339,Novobërdë
14,1401D,SVETISLAV IVANOVIĆ,126,G.I.SRPSKA,6,Novobërdë
14,1402D,BAJRUSH YMERI,78,LDK - LIDHJA DEMOKRATIKE E KOSOVËS,561,Novobërdë
14,1402D,SVETISLAV IVANOVIĆ,126,G.I.SRPSKA,10,Novobërdë
14,1403D,BAJRUSH YMERI,78,LDK - LIDHJA DEMOKRATIKE E KOSOVËS,28,Novobërdë
14,1403D,SVETISLAV IVANOVIĆ,126,G.I.SRPSKA,326,Novobërdë
14,1404D,BAJRUSH YMERI,78,LDK - LIDHJA DEMOKRATIKE E KOSOVËS,30,Novobërdë
14,1404D,SVETISLAV IVANOVIĆ,126,G.I.SRPSKA,243,Novobërdë
14,1406D,BAJRUSH YMERI,78,LDK - LIDHJA DEMOKRATIKE E KOSOVËS,11,Novobërdë
14,1406D,SVETISLAV IVANOVIĆ,126,G.I.SRPSKA,97,Novobërdë
14,1407D,BAJRUSH YMERI,78,LDK - LIDHJA DEMOKRATIKE E KOSOVËS,114,Novobërdë
14,1407D,SVETISLAV IVANOVIĆ,126,G.I.SRPSKA,3,Novobërdë
14,1408D,BAJRUSH YMERI,78,LDK - LIDHJA DEMOKRATIKE E KOSOVËS,391,Novobërdë
14,1408D,SVETISLAV IVANOVIĆ,126,G.I.SRPSKA,1,Novobërdë
14,1409D,BAJRUSH YMERI,78,LDK - LIDHJA DEMOKRATIKE E KOSOVËS,160,Novobërdë
14,1409D,SVETISLAV IVANOVIĆ,126,G.I.SRPSKA,13,Novobërdë
14,1410D,BAJRUSH YMERI,78,LDK - LIDHJA DEMOKRATIKE E KOSOVËS,13,Novobërdë
14,1410D,SVETISLAV IVANOVIĆ,126,G.I.SRPSKA,144,Novobërdë
14,1411D,BAJRUSH YMERI,78,LDK - LIDHJA DEMOKRATIKE E KOSOVËS,14,Novobërdë
14,1411D,SVETISLAV IVANOVIĆ,126,G.I.SRPSKA,117,Novobërdë
14,1412D,BAJRUSH YMERI,78,LDK - LIDHJA DEMOKRATIKE E KOSOVËS,30,Novobërdë
14,1412D,SVETISLAV IVANOVIĆ,126,G.I.SRPSKA,515,Novobërdë
14,1413D,BAJRUSH YMERI,78,LDK - LIDHJA DEMOKRATIKE E KOSOVËS,21,Novobërdë
14,1413D,SVETISLAV IVANOVIĆ,126,G.I.SRPSKA,213,Novobërdë
14,1414D,BAJRUSH YMERI,78,LDK - LIDHJA DEMOKRATIKE E KOSOVËS,3,Novobërdë
14,1414D,SVETISLAV IVANOVIĆ,126,G.I.SRPSKA,188,Novobërdë
14,1415D,BAJRUSH YMERI,78,LDK - LIDHJA DEMOKRATIKE E KOSOVËS,184,Novobërdë
14,1415D,SVETISLAV IVANOVIĆ,126,G.I.SRPSKA,776,Novobërdë
14,1416D,BAJRUSH YMERI,78,LDK - LIDHJA DEMOKRATIKE E KOSOVËS,1,Novobërdë
14,1416D,SVETISLAV IVANOVIĆ,126,G.I.SRPSKA,56,Novobërdë
14,1417D,BAJRUSH YMERI,78,LDK - LIDHJA DEMOKRATIKE E KOSOVËS,3,Novobërdë
14,1417D,SVETISLAV IVANOVIĆ,126,G.I.SRPSKA,58,Novobërdë
14,1418D,BAJRUSH YMERI,78,LDK - LIDHJA DEMOKRATIKE E KOSOVËS,8,Novobërdë
14,1418D,SVETISLAV IVANOVIĆ,126,G.I.SRPSKA,106,Novobërdë
14,1419D,BAJRUSH YMERI,78,LDK - LIDHJA DEMOKRATIKE E KOSOVËS,61,Novobërdë
14,1419D,SVETISLAV IVANOVIĆ,126,G.I.SRPSKA,1,Novobërdë
14,1420D,BAJRUSH YMERI,78,LDK - LIDHJA DEMOKRATIKE E KOSOVËS,250,Novobërdë
14,1420D,SVETISLAV IVANOVIĆ,126,G.I.SRPSKA,19,Novobërdë
15,1501E,MEHMET KRASNIQI,78,LDK - LIDHJA DEMOKRATIKE E KOSOVËS,1491,Obiliq
15,1501E,XHAFER GASHI,62,AAK-LDD ALEANCA PËR ARDHMËRINË E KOSOVËS LDD,1726,Obiliq
15,1502E,MEHMET KRASNIQI,78,LDK - LIDHJA DEMOKRATIKE E KOSOVËS,637,Obiliq
15,1502E,XHAFER GASHI,62,AAK-LDD ALEANCA PËR ARDHMËRINË E KOSOVËS LDD,801,Obiliq
15,1503E,MEHMET KRASNIQI,78,LDK - LIDHJA DEMOKRATIKE E KOSOVËS,364,Obiliq
15,1503E,XHAFER GASHI,62,AAK-LDD ALEANCA PËR ARDHMËRINË E KOSOVËS LDD,444,Obiliq
15,1504E,MEHMET KRASNIQI,78,LDK - LIDHJA DEMOKRATIKE E KOSOVËS,185,Obiliq
15,1504E,XHAFER GASHI,62,AAK-LDD ALEANCA PËR ARDHMËRINË E KOSOVËS LDD,282,Obiliq
15,1505E,MEHMET KRASNIQI,78,LDK - LIDHJA DEMOKRATIKE E KOSOVËS,532,Obiliq
15,1505E,XHAFER GASHI,62,AAK-LDD ALEANCA PËR ARDHMËRINË E KOSOVËS LDD,376,Obiliq
15,1507E,MEHMET KRASNIQI,78,LDK - LIDHJA DEMOKRATIKE E KOSOVËS,110,Obiliq
15,1507E,XHAFER GASHI,62,AAK-LDD ALEANCA PËR ARDHMËRINË E KOSOVËS LDD,95,Obiliq
15,1509E,MEHMET KRASNIQI,78,LDK - LIDHJA DEMOKRATIKE E KOSOVËS,54,Obiliq
15,1509E,XHAFER GASHI,62,AAK-LDD ALEANCA PËR ARDHMËRINË E KOSOVËS LDD,40,Obiliq
15,1511E,MEHMET KRASNIQI,78,LDK - LIDHJA DEMOKRATIKE E KOSOVËS,40,Obiliq
15,1511E,XHAFER GASHI,62,AAK-LDD ALEANCA PËR ARDHMËRINË E KOSOVËS LDD,48,Obiliq
15,1512E,MEHMET KRASNIQI,78,LDK - LIDHJA DEMOKRATIKE E KOSOVËS,187,Obiliq
15,1512E,XHAFER GASHI,62,AAK-LDD ALEANCA PËR ARDHMËRINË E KOSOVËS LDD,151,Obiliq
15,1514E,MEHMET KRASNIQI,78,LDK - LIDHJA DEMOKRATIKE E KOSOVËS,18,Obiliq
15,1514E,XHAFER GASHI,62,AAK-LDD ALEANCA PËR ARDHMËRINË E KOSOVËS LDD,8,Obiliq
15,1515E,MEHMET KRASNIQI,78,LDK - LIDHJA DEMOKRATIKE E KOSOVËS,1,Obiliq
15,1515E,XHAFER GASHI,62,AAK-LDD ALEANCA PËR ARDHMËRINË E KOSOVËS LDD,1,Obiliq
15,1519E,MEHMET KRASNIQI,78,LDK - LIDHJA DEMOKRATIKE E KOSOVËS,182,Obiliq
15,1519E,XHAFER GASHI,62,AAK-LDD ALEANCA PËR ARDHMËRINË E KOSOVËS LDD,545,Obiliq
15,1520E,MEHMET KRASNIQI,78,LDK - LIDHJA DEMOKRATIKE E KOSOVËS,674,Obiliq
15,1520E,XHAFER GASHI,62,AAK-LDD ALEANCA PËR ARDHMËRINË E KOSOVËS LDD,564,Obiliq
15,1521E,MEHMET KRASNIQI,78,LDK - LIDHJA DEMOKRATIKE E KOSOVËS,104,Obiliq
15,1521E,XHAFER GASHI,62,AAK-LDD ALEANCA PËR ARDHMËRINË E KOSOVËS LDD,265,Obiliq
16,1601A,IDRIZ VEHAPI,99,PDK - PARTIA DEMOKRATIKE E KOSOVËS,1971,Rahovec
16,1601A,SMAJL LATIFI,62,AAK-LDD ALEANCA PËR ARDHMËRINË E KOSOVËS LDD,629,Rahovec
16,1602A,IDRIZ VEHAPI,99,PDK - PARTIA DEMOKRATIKE E KOSOVËS,848,Rahovec
16,1602A,SMAJL LATIFI,62,AAK-LDD ALEANCA PËR ARDHMËRINË E KOSOVËS LDD,323,Rahovec
16,1602X,IDRIZ VEHAPI,99,PDK - PARTIA DEMOKRATIKE E KOSOVËS,736,Rahovec
16,1602X,SMAJL LATIFI,62,AAK-LDD ALEANCA PËR ARDHMËRINË E KOSOVËS LDD,219,Rahovec
16,1603A,IDRIZ VEHAPI,99,PDK - PARTIA DEMOKRATIKE E KOSOVËS,151,Rahovec
16,1603A,SMAJL LATIFI,62,AAK-LDD ALEANCA PËR ARDHMËRINË E KOSOVËS LDD,153,Rahovec
16,1604A,IDRIZ VEHAPI,99,PDK - PARTIA DEMOKRATIKE E KOSOVËS,98,Rahovec
16,1604A,SMAJL LATIFI,62,AAK-LDD ALEANCA PËR ARDHMËRINË E KOSOVËS LDD,197,Rahovec
16,1605A,IDRIZ VEHAPI,99,PDK - PARTIA DEMOKRATIKE E KOSOVËS,205,Rahovec
16,1605A,SMAJL LATIFI,62,AAK-LDD ALEANCA PËR ARDHMËRINË E KOSOVËS LDD,50,Rahovec
16,1606A,IDRIZ VEHAPI,99,PDK - PARTIA DEMOKRATIKE E KOSOVËS,128,Rahovec
16,1606A,SMAJL LATIFI,62,AAK-LDD ALEANCA PËR ARDHMËRINË E KOSOVËS LDD,129,Rahovec
16,1607A,IDRIZ VEHAPI,99,PDK - PARTIA DEMOKRATIKE E KOSOVËS,245,Rahovec
16,1607A,SMAJL LATIFI,62,AAK-LDD ALEANCA PËR ARDHMËRINË E KOSOVËS LDD,198,Rahovec
16,1608A,IDRIZ VEHAPI,99,PDK - PARTIA DEMOKRATIKE E KOSOVËS,610,Rahovec
16,1608A,SMAJL LATIFI,62,AAK-LDD ALEANCA PËR ARDHMËRINË E KOSOVËS LDD,1155,Rahovec
16,1609A,IDRIZ VEHAPI,99,PDK - PARTIA DEMOKRATIKE E KOSOVËS,483,Rahovec
16,1609A,SMAJL LATIFI,62,AAK-LDD ALEANCA PËR ARDHMËRINË E KOSOVËS LDD,377,Rahovec
16,1610A,IDRIZ VEHAPI,99,PDK - PARTIA DEMOKRATIKE E KOSOVËS,514,Rahovec
16,1610A,SMAJL LATIFI,62,AAK-LDD ALEANCA PËR ARDHMËRINË E KOSOVËS LDD,642,Rahovec
16,1611A,IDRIZ VEHAPI,99,PDK - PARTIA DEMOKRATIKE E KOSOVËS,223,Rahovec
16,1611A,SMAJL LATIFI,62,AAK-LDD ALEANCA PËR ARDHMËRINË E KOSOVËS LDD,159,Rahovec
16,1612A,IDRIZ VEHAPI,99,PDK - PARTIA DEMOKRATIKE E KOSOVËS,243,Rahovec
16,1612A,SMAJL LATIFI,62,AAK-LDD ALEANCA PËR ARDHMËRINË E KOSOVËS LDD,874,Rahovec
16,1619A,IDRIZ VEHAPI,99,PDK - PARTIA DEMOKRATIKE E KOSOVËS,80,Rahovec
16,1619A,SMAJL LATIFI,62,AAK-LDD ALEANCA PËR ARDHMËRINË E KOSOVËS LDD,20,Rahovec
16,1620A,IDRIZ VEHAPI,99,PDK - PARTIA DEMOKRATIKE E KOSOVËS,105,Rahovec
16,1620A,SMAJL LATIFI,62,AAK-LDD ALEANCA PËR ARDHMËRINË E KOSOVËS LDD,51,Rahovec
16,1621A,IDRIZ VEHAPI,99,PDK - PARTIA DEMOKRATIKE E KOSOVËS,333,Rahovec
16,1621A,SMAJL LATIFI,62,AAK-LDD ALEANCA PËR ARDHMËRINË E KOSOVËS LDD,587,Rahovec
16,1622A,IDRIZ VEHAPI,99,PDK - PARTIA DEMOKRATIKE E KOSOVËS,258,Rahovec
16,1622A,SMAJL LATIFI,62,AAK-LDD ALEANCA PËR ARDHMËRINË E KOSOVËS LDD,496,Rahovec
16,1623A,IDRIZ VEHAPI,99,PDK - PARTIA DEMOKRATIKE E KOSOVËS,199,Rahovec
16,1623A,SMAJL LATIFI,62,AAK-LDD ALEANCA PËR ARDHMËRINË E KOSOVËS LDD,358,Rahovec
16,1624A,IDRIZ VEHAPI,99,PDK - PARTIA DEMOKRATIKE E KOSOVËS,487,Rahovec
16,1624A,SMAJL LATIFI,62,AAK-LDD ALEANCA PËR ARDHMËRINË E KOSOVËS LDD,574,Rahovec
16,1625A,IDRIZ VEHAPI,99,PDK - PARTIA DEMOKRATIKE E KOSOVËS,255,Rahovec
16,1625A,SMAJL LATIFI,62,AAK-LDD ALEANCA PËR ARDHMËRINË E KOSOVËS LDD,373,Rahovec
16,1626A,IDRIZ VEHAPI,99,PDK - PARTIA DEMOKRATIKE E KOSOVËS,64,Rahovec
16,1626A,SMAJL LATIFI,62,AAK-LDD ALEANCA PËR ARDHMËRINË E KOSOVËS LDD,38,Rahovec
16,1627A,IDRIZ VEHAPI,99,PDK - PARTIA DEMOKRATIKE E KOSOVËS,389,Rahovec
16,1627A,SMAJL LATIFI,62,AAK-LDD ALEANCA PËR ARDHMËRINË E KOSOVËS LDD,366,Rahovec
16,1628A,IDRIZ VEHAPI,99,PDK - PARTIA DEMOKRATIKE E KOSOVËS,501,Rahovec
16,1628A,SMAJL LATIFI,62,AAK-LDD ALEANCA PËR ARDHMËRINË E KOSOVËS LDD,633,Rahovec
16,1629A,IDRIZ VEHAPI,99,PDK - PARTIA DEMOKRATIKE E KOSOVËS,15,Rahovec
16,1629A,SMAJL LATIFI,62,AAK-LDD ALEANCA PËR ARDHMËRINË E KOSOVËS LDD,54,Rahovec
16,1630A,IDRIZ VEHAPI,99,PDK - PARTIA DEMOKRATIKE E KOSOVËS,155,Rahovec
16,1630A,SMAJL LATIFI,62,AAK-LDD ALEANCA PËR ARDHMËRINË E KOSOVËS LDD,196,Rahovec
16,1631A,IDRIZ VEHAPI,99,PDK - PARTIA DEMOKRATIKE E KOSOVËS,162,Rahovec
16,1631A,SMAJL LATIFI,62,AAK-LDD ALEANCA PËR ARDHMËRINË E KOSOVËS LDD,179,Rahovec
16,1632A,IDRIZ VEHAPI,99,PDK - PARTIA DEMOKRATIKE E KOSOVËS,186,Rahovec
16,1632A,SMAJL LATIFI,62,AAK-LDD ALEANCA PËR ARDHMËRINË E KOSOVËS LDD,289,Rahovec
16,1633A,IDRIZ VEHAPI,99,PDK - PARTIA DEMOKRATIKE E KOSOVËS,1434,Rahovec
16,1633A,SMAJL LATIFI,62,AAK-LDD ALEANCA PËR ARDHMËRINË E KOSOVËS LDD,463,Rahovec
16,1634A,IDRIZ VEHAPI,99,PDK - PARTIA DEMOKRATIKE E KOSOVËS,155,Rahovec
16,1634A,SMAJL LATIFI,62,AAK-LDD ALEANCA PËR ARDHMËRINË E KOSOVËS LDD,161,Rahovec
16,1635A,IDRIZ VEHAPI,99,PDK - PARTIA DEMOKRATIKE E KOSOVËS,122,Rahovec
16,1635A,SMAJL LATIFI,62,AAK-LDD ALEANCA PËR ARDHMËRINË E KOSOVËS LDD,137,Rahovec
16,1637A,IDRIZ VEHAPI,99,PDK - PARTIA DEMOKRATIKE E KOSOVËS,98,Rahovec
16,1637A,SMAJL LATIFI,62,AAK-LDD ALEANCA PËR ARDHMËRINË E KOSOVËS LDD,88,Rahovec
16,1638A,IDRIZ VEHAPI,99,PDK - PARTIA DEMOKRATIKE E KOSOVËS,53,Rahovec
16,1638A,SMAJL LATIFI,62,AAK-LDD ALEANCA PËR ARDHMËRINË E KOSOVËS LDD,216,Rahovec
16,1639A,IDRIZ VEHAPI,99,PDK - PARTIA DEMOKRATIKE E KOSOVËS,90,Rahovec
16,1639A,SMAJL LATIFI,62,AAK-LDD ALEANCA PËR ARDHMËRINË E KOSOVËS LDD,34,Rahovec
16,1640A,IDRIZ VEHAPI,99,PDK - PARTIA DEMOKRATIKE E KOSOVËS,39,Rahovec
16,1640A,SMAJL LATIFI,62,AAK-LDD ALEANCA PËR ARDHMËRINË E KOSOVËS LDD,155,Rahovec
16,1641A,IDRIZ VEHAPI,99,PDK - PARTIA DEMOKRATIKE E KOSOVËS,115,Rahovec
16,1641A,SMAJL LATIFI,62,AAK-LDD ALEANCA PËR ARDHMËRINË E KOSOVËS LDD,71,Rahovec
17,1701C,ALI BERISHA,62,AAK-LDD ALEANCA PËR ARDHMËRINË E KOSOVËS LDD,511,Pejë
17,1701C,GAZMEND MUHAXHERI,78,LDK - LIDHJA DEMOKRATIKE E KOSOVËS,1301,Pejë
17,1702C,ALI BERISHA,62,AAK-LDD ALEANCA PËR ARDHMËRINË E KOSOVËS LDD,747,Pejë
17,1702C,GAZMEND MUHAXHERI,78,LDK - LIDHJA DEMOKRATIKE E KOSOVËS,1597,Pejë
17,1703C,ALI BERISHA,62,AAK-LDD ALEANCA PËR ARDHMËRINË E KOSOVËS LDD,465,Pejë
17,1703C,GAZMEND MUHAXHERI,78,LDK - LIDHJA DEMOKRATIKE E KOSOVËS,1273,Pejë
17,1704C,ALI BERISHA,62,AAK-LDD ALEANCA PËR ARDHMËRINË E KOSOVËS LDD,1640,Pejë
17,1704C,GAZMEND MUHAXHERI,78,LDK - LIDHJA DEMOKRATIKE E KOSOVËS,3245,Pejë
17,1704X,ALI BERISHA,62,AAK-LDD ALEANCA PËR ARDHMËRINË E KOSOVËS LDD,1141,Pejë
17,1704X,GAZMEND MUHAXHERI,78,LDK - LIDHJA DEMOKRATIKE E KOSOVËS,2707,Pejë
17,1704Y,ALI BERISHA,62,AAK-LDD ALEANCA PËR ARDHMËRINË E KOSOVËS LDD,891,Pejë
17,1704Y,GAZMEND MUHAXHERI,78,LDK - LIDHJA DEMOKRATIKE E KOSOVËS,1890,Pejë
17,1705C,ALI BERISHA,62,AAK-LDD ALEANCA PËR ARDHMËRINË E KOSOVËS LDD,808,Pejë
17,1705C,GAZMEND MUHAXHERI,78,LDK - LIDHJA DEMOKRATIKE E KOSOVËS,1152,Pejë
17,1705X,ALI BERISHA,62,AAK-LDD ALEANCA PËR ARDHMËRINË E KOSOVËS LDD,471,Pejë
17,1705X,GAZMEND MUHAXHERI,78,LDK - LIDHJA DEMOKRATIKE E KOSOVËS,772,Pejë
17,1706C,ALI BERISHA,62,AAK-LDD ALEANCA PËR ARDHMËRINË E KOSOVËS LDD,1358,Pejë
17,1706C,GAZMEND MUHAXHERI,78,LDK - LIDHJA DEMOKRATIKE E KOSOVËS,971,Pejë
17,1707C,ALI BERISHA,62,AAK-LDD ALEANCA PËR ARDHMËRINË E KOSOVËS LDD,1119,Pejë
17,1707C,GAZMEND MUHAXHERI,78,LDK - LIDHJA DEMOKRATIKE E KOSOVËS,1159,Pejë
17,1708C,ALI BERISHA,62,AAK-LDD ALEANCA PËR ARDHMËRINË E KOSOVËS LDD,657,Pejë
17,1708C,GAZMEND MUHAXHERI,78,LDK - LIDHJA DEMOKRATIKE E KOSOVËS,603,Pejë
17,1709C,ALI BERISHA,62,AAK-LDD ALEANCA PËR ARDHMËRINË E KOSOVËS LDD,399,Pejë
17,1709C,GAZMEND MUHAXHERI,78,LDK - LIDHJA DEMOKRATIKE E KOSOVËS,320,Pejë
17,1710C,ALI BERISHA,62,AAK-LDD ALEANCA PËR ARDHMËRINË E KOSOVËS LDD,651,Pejë
17,1710C,GAZMEND MUHAXHERI,78,LDK - LIDHJA DEMOKRATIKE E KOSOVËS,391,Pejë
17,1711C,ALI BERISHA,62,AAK-LDD ALEANCA PËR ARDHMËRINË E KOSOVËS LDD,646,Pejë
17,1711C,GAZMEND MUHAXHERI,78,LDK - LIDHJA DEMOKRATIKE E KOSOVËS,545,Pejë
17,1712C,ALI BERISHA,62,AAK-LDD ALEANCA PËR ARDHMËRINË E KOSOVËS LDD,661,Pejë
17,1712C,GAZMEND MUHAXHERI,78,LDK - LIDHJA DEMOKRATIKE E KOSOVËS,179,Pejë
17,1713C,ALI BERISHA,62,AAK-LDD ALEANCA PËR ARDHMËRINË E KOSOVËS LDD,1347,Pejë
17,1713C,GAZMEND MUHAXHERI,78,LDK - LIDHJA DEMOKRATIKE E KOSOVËS,529,Pejë
17,1714C,ALI BERISHA,62,AAK-LDD ALEANCA PËR ARDHMËRINË E KOSOVËS LDD,866,Pejë
17,1714C,GAZMEND MUHAXHERI,78,LDK - LIDHJA DEMOKRATIKE E KOSOVËS,670,Pejë
17,1715C,ALI BERISHA,62,AAK-LDD ALEANCA PËR ARDHMËRINË E KOSOVËS LDD,148,Pejë
17,1715C,GAZMEND MUHAXHERI,78,LDK - LIDHJA DEMOKRATIKE E KOSOVËS,18,Pejë
17,1723C,ALI BERISHA,62,AAK-LDD ALEANCA PËR ARDHMËRINË E KOSOVËS LDD,1240,Pejë
17,1723C,GAZMEND MUHAXHERI,78,LDK - LIDHJA DEMOKRATIKE E KOSOVËS,1660,Pejë
17,1724C,ALI BERISHA,62,AAK-LDD ALEANCA PËR ARDHMËRINË E KOSOVËS LDD,679,Pejë
17,1724C,GAZMEND MUHAXHERI,78,LDK - LIDHJA DEMOKRATIKE E KOSOVËS,360,Pejë
17,1725C,ALI BERISHA,62,AAK-LDD ALEANCA PËR ARDHMËRINË E KOSOVËS LDD,554,Pejë
17,1725C,GAZMEND MUHAXHERI,78,LDK - LIDHJA DEMOKRATIKE E KOSOVËS,593,Pejë
17,1726C,ALI BERISHA,62,AAK-LDD ALEANCA PËR ARDHMËRINË E KOSOVËS LDD,308,Pejë
17,1726C,GAZMEND MUHAXHERI,78,LDK - LIDHJA DEMOKRATIKE E KOSOVËS,371,Pejë
17,1727C,ALI BERISHA,62,AAK-LDD ALEANCA PËR ARDHMËRINË E KOSOVËS LDD,437,Pejë
17,1727C,GAZMEND MUHAXHERI,78,LDK - LIDHJA DEMOKRATIKE E KOSOVËS,701,Pejë
19,1901E,ISA MUSTAFA,78,LDK - LIDHJA DEMOKRATIKE E KOSOVËS,616,Prishtinë
19,1901E,SHPEND AHMETI,61,LËVIZJA VETËVENDOSJE!,846,Prishtinë
19,1902E,ISA MUSTAFA,78,LDK - LIDHJA DEMOKRATIKE E KOSOVËS,826,Prishtinë
19,1902E,SHPEND AHMETI,61,LËVIZJA VETËVENDOSJE!,1014,Prishtinë
19,1903E,ISA MUSTAFA,78,LDK - LIDHJA DEMOKRATIKE E KOSOVËS,847,Prishtinë
19,1903E,SHPEND AHMETI,61,LËVIZJA VETËVENDOSJE!,1419,Prishtinë
19,1904E,ISA MUSTAFA,78,LDK - LIDHJA DEMOKRATIKE E KOSOVËS,1759,Prishtinë
19,1904E,SHPEND AHMETI,61,LËVIZJA VETËVENDOSJE!,2952,Prishtinë
19,1905E,ISA MUSTAFA,78,LDK - LIDHJA DEMOKRATIKE E KOSOVËS,818,Prishtinë
19,1905E,SHPEND AHMETI,61,LËVIZJA VETËVENDOSJE!,1289,Prishtinë
19,1906E,ISA MUSTAFA,78,LDK - LIDHJA DEMOKRATIKE E KOSOVËS,2103,Prishtinë
19,1906E,SHPEND AHMETI,61,LËVIZJA VETËVENDOSJE!,3044,Prishtinë
19,1907E,ISA MUSTAFA,78,LDK - LIDHJA DEMOKRATIKE E KOSOVËS,238,Prishtinë
19,1907E,SHPEND AHMETI,61,LËVIZJA VETËVENDOSJE!,423,Prishtinë
19,1908E,ISA MUSTAFA,78,LDK - LIDHJA DEMOKRATIKE E KOSOVËS,133,Prishtinë
19,1908E,SHPEND AHMETI,61,LËVIZJA VETËVENDOSJE!,198,Prishtinë
19,1909E,ISA MUSTAFA,78,LDK - LIDHJA DEMOKRATIKE E KOSOVËS,1060,Prishtinë
19,1909E,SHPEND AHMETI,61,LËVIZJA VETËVENDOSJE!,1774,Prishtinë
19,1910E,ISA MUSTAFA,78,LDK - LIDHJA DEMOKRATIKE E KOSOVËS,797,Prishtinë
19,1910E,SHPEND AHMETI,61,LËVIZJA VETËVENDOSJE!,1090,Prishtinë
19,1911E,ISA MUSTAFA,78,LDK - LIDHJA DEMOKRATIKE E KOSOVËS,1021,Prishtinë
19,1911E,SHPEND AHMETI,61,LËVIZJA VETËVENDOSJE!,1856,Prishtinë
19,1912E,ISA MUSTAFA,78,LDK - LIDHJA DEMOKRATIKE E KOSOVËS,842,Prishtinë
19,1912E,SHPEND AHMETI,61,LËVIZJA VETËVENDOSJE!,1527,Prishtinë
19,1913E,ISA MUSTAFA,78,LDK - LIDHJA DEMOKRATIKE E KOSOVËS,1233,Prishtinë
19,1913E,SHPEND AHMETI,61,LËVIZJA VETËVENDOSJE!,1441,Prishtinë
19,1914E,ISA MUSTAFA,78,LDK - LIDHJA DEMOKRATIKE E KOSOVËS,748,Prishtinë
19,1914E,SHPEND AHMETI,61,LËVIZJA VETËVENDOSJE!,816,Prishtinë
19,1915E,ISA MUSTAFA,78,LDK - LIDHJA DEMOKRATIKE E KOSOVËS,1315,Prishtinë
19,1915E,SHPEND AHMETI,61,LËVIZJA VETËVENDOSJE!,1515,Prishtinë
19,1916E,ISA MUSTAFA,78,LDK - LIDHJA DEMOKRATIKE E KOSOVËS,637,Prishtinë
19,1916E,SHPEND AHMETI,61,LËVIZJA VETËVENDOSJE!,924,Prishtinë
19,1917E,ISA MUSTAFA,78,LDK - LIDHJA DEMOKRATIKE E KOSOVËS,1050,Prishtinë
19,1917E,SHPEND AHMETI,61,LËVIZJA VETËVENDOSJE!,1517,Prishtinë
19,1918E,ISA MUSTAFA,78,LDK - LIDHJA DEMOKRATIKE E KOSOVËS,758,Prishtinë
19,1918E,SHPEND AHMETI,61,LËVIZJA VETËVENDOSJE!,983,Prishtinë
19,1919E,ISA MUSTAFA,78,LDK - LIDHJA DEMOKRATIKE E KOSOVËS,1470,Prishtinë
19,1919E,SHPEND AHMETI,61,LËVIZJA VETËVENDOSJE!,910,Prishtinë
19,1919X,ISA MUSTAFA,78,LDK - LIDHJA DEMOKRATIKE E KOSOVËS,799,Prishtinë
19,1919X,SHPEND AHMETI,61,LËVIZJA VETËVENDOSJE!,604,Prishtinë
19,1920E,ISA MUSTAFA,78,LDK - LIDHJA DEMOKRATIKE E KOSOVËS,1459,Prishtinë
19,1920E,SHPEND AHMETI,61,LËVIZJA VETËVENDOSJE!,828,Prishtinë
19,1920X,ISA MUSTAFA,78,LDK - LIDHJA DEMOKRATIKE E KOSOVËS,1205,Prishtinë
19,1920X,SHPEND AHMETI,61,LËVIZJA VETËVENDOSJE!,745,Prishtinë
19,1921E,ISA MUSTAFA,78,LDK - LIDHJA DEMOKRATIKE E KOSOVËS,1268,Prishtinë
19,1921E,SHPEND AHMETI,61,LËVIZJA VETËVENDOSJE!,718,Prishtinë
19,1921X,ISA MUSTAFA,78,LDK - LIDHJA DEMOKRATIKE E KOSOVËS,1249,Prishtinë
19,1921X,SHPEND AHMETI,61,LËVIZJA VETËVENDOSJE!,782,Prishtinë
19,1922E,ISA MUSTAFA,78,LDK - LIDHJA DEMOKRATIKE E KOSOVËS,1691,Prishtinë
19,1922E,SHPEND AHMETI,61,LËVIZJA VETËVENDOSJE!,1059,Prishtinë
19,1923E,ISA MUSTAFA,78,LDK - LIDHJA DEMOKRATIKE E KOSOVËS,462,Prishtinë
19,1923E,SHPEND AHMETI,61,LËVIZJA VETËVENDOSJE!,392,Prishtinë
19,1924E,ISA MUSTAFA,78,LDK - LIDHJA DEMOKRATIKE E KOSOVËS,576,Prishtinë
19,1924E,SHPEND AHMETI,61,LËVIZJA VETËVENDOSJE!,686,Prishtinë
19,1925E,ISA MUSTAFA,78,LDK - LIDHJA DEMOKRATIKE E KOSOVËS,762,Prishtinë
19,1925E,SHPEND AHMETI,61,LËVIZJA VETËVENDOSJE!,1013,Prishtinë
19,1926E,ISA MUSTAFA,78,LDK - LIDHJA DEMOKRATIKE E KOSOVËS,634,Prishtinë
19,1926E,SHPEND AHMETI,61,LËVIZJA VETËVENDOSJE!,747,Prishtinë
19,1927E,ISA MUSTAFA,78,LDK - LIDHJA DEMOKRATIKE E KOSOVËS,1386,Prishtinë
19,1927E,SHPEND AHMETI,61,LËVIZJA VETËVENDOSJE!,1019,Prishtinë
19,1928E,ISA MUSTAFA,78,LDK - LIDHJA DEMOKRATIKE E KOSOVËS,258,Prishtinë
19,1928E,SHPEND AHMETI,61,LËVIZJA VETËVENDOSJE!,144,Prishtinë
19,1931E,ISA MUSTAFA,78,LDK - LIDHJA DEMOKRATIKE E KOSOVËS,492,Prishtinë
19,1931E,SHPEND AHMETI,61,LËVIZJA VETËVENDOSJE!,403,Prishtinë
19,1933E,ISA MUSTAFA,78,LDK - LIDHJA DEMOKRATIKE E KOSOVËS,251,Prishtinë
19,1933E,SHPEND AHMETI,61,LËVIZJA VETËVENDOSJE!,128,Prishtinë
19,1934E,ISA MUSTAFA,78,LDK - LIDHJA DEMOKRATIKE E KOSOVËS,615,Prishtinë
19,1934E,SHPEND AHMETI,61,LËVIZJA VETËVENDOSJE!,431,Prishtinë
19,1935E,ISA MUSTAFA,78,LDK - LIDHJA DEMOKRATIKE E KOSOVËS,421,Prishtinë
19,1935E,SHPEND AHMETI,61,LËVIZJA VETËVENDOSJE!,100,Prishtinë
19,1936E,ISA MUSTAFA,78,LDK - LIDHJA DEMOKRATIKE E KOSOVËS,116,Prishtinë
19,1936E,SHPEND AHMETI,61,LËVIZJA VETËVENDOSJE!,50,Prishtinë
19,1937E,ISA MUSTAFA,78,LDK - LIDHJA DEMOKRATIKE E KOSOVËS,76,Prishtinë
19,1937E,SHPEND AHMETI,61,LËVIZJA VETËVENDOSJE!,33,Prishtinë
19,1939E,ISA MUSTAFA,78,LDK - LIDHJA DEMOKRATIKE E KOSOVËS,107,Prishtinë
19,1939E,SHPEND AHMETI,61,LËVIZJA VETËVENDOSJE!,46,Prishtinë
19,1940E,ISA MUSTAFA,78,LDK - LIDHJA DEMOKRATIKE E KOSOVËS,686,Prishtinë
19,1940E,SHPEND AHMETI,61,LËVIZJA VETËVENDOSJE!,263,Prishtinë
19,1941E,ISA MUSTAFA,78,LDK - LIDHJA DEMOKRATIKE E KOSOVËS,65,Prishtinë
19,1941E,SHPEND AHMETI,61,LËVIZJA VETËVENDOSJE!,87,Prishtinë
19,1942E,ISA MUSTAFA,78,LDK - LIDHJA DEMOKRATIKE E KOSOVËS,191,Prishtinë
19,1942E,SHPEND AHMETI,61,LËVIZJA VETËVENDOSJE!,82,Prishtinë
19,1943E,ISA MUSTAFA,78,LDK - LIDHJA DEMOKRATIKE E KOSOVËS,64,Prishtinë
19,1943E,SHPEND AHMETI,61,LËVIZJA VETËVENDOSJE!,35,Prishtinë
19,1949E,ISA MUSTAFA,78,LDK - LIDHJA DEMOKRATIKE E KOSOVËS,246,Prishtinë
19,1949E,SHPEND AHMETI,61,LËVIZJA VETËVENDOSJE!,279,Prishtinë
19,1951E,ISA MUSTAFA,78,LDK - LIDHJA DEMOKRATIKE E KOSOVËS,2,Prishtinë
19,1951E,SHPEND AHMETI,61,LËVIZJA VETËVENDOSJE!,1,Prishtinë
19,1952E,ISA MUSTAFA,78,LDK - LIDHJA DEMOKRATIKE E KOSOVËS,5,Prishtinë
19,1952E,SHPEND AHMETI,61,LËVIZJA VETËVENDOSJE!,2,Prishtinë
19,1953E,ISA MUSTAFA,78,LDK - LIDHJA DEMOKRATIKE E KOSOVËS,16,Prishtinë
19,1953E,SHPEND AHMETI,61,LËVIZJA VETËVENDOSJE!,4,Prishtinë
19,1954E,ISA MUSTAFA,78,LDK - LIDHJA DEMOKRATIKE E KOSOVËS,53,Prishtinë
19,1954E,SHPEND AHMETI,61,LËVIZJA VETËVENDOSJE!,22,Prishtinë
19,1955E,ISA MUSTAFA,78,LDK - LIDHJA DEMOKRATIKE E KOSOVËS,7,Prishtinë
19,1955E,SHPEND AHMETI,61,LËVIZJA VETËVENDOSJE!,4,Prishtinë
19,1956E,ISA MUSTAFA,78,LDK - LIDHJA DEMOKRATIKE E KOSOVËS,170,Prishtinë
19,1956E,SHPEND AHMETI,61,LËVIZJA VETËVENDOSJE!,205,Prishtinë
19,1957E,ISA MUSTAFA,78,LDK - LIDHJA DEMOKRATIKE E KOSOVËS,49,Prishtinë
19,1957E,SHPEND AHMETI,61,LËVIZJA VETËVENDOSJE!,72,Prishtinë
19,1958E,ISA MUSTAFA,78,LDK - LIDHJA DEMOKRATIKE E KOSOVËS,68,Prishtinë
19,1958E,SHPEND AHMETI,61,LËVIZJA VETËVENDOSJE!,26,Prishtinë
19,1959E,ISA MUSTAFA,78,LDK - LIDHJA DEMOKRATIKE E KOSOVËS,146,Prishtinë
19,1959E,SHPEND AHMETI,61,LËVIZJA VETËVENDOSJE!,59,Prishtinë
19,1960E,ISA MUSTAFA,78,LDK - LIDHJA DEMOKRATIKE E KOSOVËS,400,Prishtinë
19,1960E,SHPEND AHMETI,61,LËVIZJA VETËVENDOSJE!,369,Prishtinë
19,1961E,ISA MUSTAFA,78,LDK - LIDHJA DEMOKRATIKE E KOSOVËS,26,Prishtinë
19,1961E,SHPEND AHMETI,61,LËVIZJA VETËVENDOSJE!,10,Prishtinë
19,1962E,ISA MUSTAFA,78,LDK - LIDHJA DEMOKRATIKE E KOSOVËS,169,Prishtinë
19,1962E,SHPEND AHMETI,61,LËVIZJA VETËVENDOSJE!,55,Prishtinë
19,1963E,ISA MUSTAFA,78,LDK - LIDHJA DEMOKRATIKE E KOSOVËS,42,Prishtinë
19,1963E,SHPEND AHMETI,61,LËVIZJA VETËVENDOSJE!,8,Prishtinë
2,0201C,MIMOZA KUSARI-LILA,89,AKR - ALEANCA KOSOVA E RE,2838,Gjakovë
2,0201C,PAL LEKAJ,62,AAK-LDD ALEANCA PËR ARDHMËRINË E KOSOVËS LDD,835,Gjakovë
2,0202C,MIMOZA KUSARI-LILA,89,AKR - ALEANCA KOSOVA E RE,3245,Gjakovë
2,0202C,PAL LEKAJ,62,AAK-LDD ALEANCA PËR ARDHMËRINË E KOSOVËS LDD,937,Gjakovë
2,0202X,MIMOZA KUSARI-LILA,89,AKR - ALEANCA KOSOVA E RE,5433,Gjakovë
2,0202X,PAL LEKAJ,62,AAK-LDD ALEANCA PËR ARDHMËRINË E KOSOVËS LDD,1442,Gjakovë
2,0203C,MIMOZA KUSARI-LILA,89,AKR - ALEANCA KOSOVA E RE,1985,Gjakovë
2,0203C,PAL LEKAJ,62,AAK-LDD ALEANCA PËR ARDHMËRINË E KOSOVËS LDD,650,Gjakovë
2,0203X,MIMOZA KUSARI-LILA,89,AKR - ALEANCA KOSOVA E RE,1828,Gjakovë
2,0203X,PAL LEKAJ,62,AAK-LDD ALEANCA PËR ARDHMËRINË E KOSOVËS LDD,495,Gjakovë
2,0204C,MIMOZA KUSARI-LILA,89,AKR - ALEANCA KOSOVA E RE,2672,Gjakovë
2,0204C,PAL LEKAJ,62,AAK-LDD ALEANCA PËR ARDHMËRINË E KOSOVËS LDD,666,Gjakovë
2,0205C,MIMOZA KUSARI-LILA,89,AKR - ALEANCA KOSOVA E RE,3495,Gjakovë
2,0205C,PAL LEKAJ,62,AAK-LDD ALEANCA PËR ARDHMËRINË E KOSOVËS LDD,1410,Gjakovë
2,0206C,MIMOZA KUSARI-LILA,89,AKR - ALEANCA KOSOVA E RE,118,Gjakovë
2,0206C,PAL LEKAJ,62,AAK-LDD ALEANCA PËR ARDHMËRINË E KOSOVËS LDD,400,Gjakovë
2,0207C,MIMOZA KUSARI-LILA,89,AKR - ALEANCA KOSOVA E RE,154,Gjakovë
2,0207C,PAL LEKAJ,62,AAK-LDD ALEANCA PËR ARDHMËRINË E KOSOVËS LDD,784,Gjakovë
2,0208C,MIMOZA KUSARI-LILA,89,AKR - ALEANCA KOSOVA E RE,68,Gjakovë
2,0208C,PAL LEKAJ,62,AAK-LDD ALEANCA PËR ARDHMËRINË E KOSOVËS LDD,1229,Gjakovë
2,0209C,MIMOZA KUSARI-LILA,89,AKR - ALEANCA KOSOVA E RE,191,Gjakovë
2,0209C,PAL LEKAJ,62,AAK-LDD ALEANCA PËR ARDHMËRINË E KOSOVËS LDD,418,Gjakovë
2,0210C,MIMOZA KUSARI-LILA,89,AKR - ALEANCA KOSOVA E RE,175,Gjakovë
2,0210C,PAL LEKAJ,62,AAK-LDD ALEANCA PËR ARDHMËRINË E KOSOVËS LDD,1022,Gjakovë
2,0211C,MIMOZA KUSARI-LILA,89,AKR - ALEANCA KOSOVA E RE,55,Gjakovë
2,0211C,PAL LEKAJ,62,AAK-LDD ALEANCA PËR ARDHMËRINË E KOSOVËS LDD,487,Gjakovë
2,0212C,MIMOZA KUSARI-LILA,89,AKR - ALEANCA KOSOVA E RE,828,Gjakovë
2,0212C,PAL LEKAJ,62,AAK-LDD ALEANCA PËR ARDHMËRINË E KOSOVËS LDD,888,Gjakovë
2,0213C,MIMOZA KUSARI-LILA,89,AKR - ALEANCA KOSOVA E RE,253,Gjakovë
2,0213C,PAL LEKAJ,62,AAK-LDD ALEANCA PËR ARDHMËRINË E KOSOVËS LDD,491,Gjakovë
2,0214C,MIMOZA KUSARI-LILA,89,AKR - ALEANCA KOSOVA E RE,303,Gjakovë
2,0214C,PAL LEKAJ,62,AAK-LDD ALEANCA PËR ARDHMËRINË E KOSOVËS LDD,1292,Gjakovë
2,0215C,MIMOZA KUSARI-LILA,89,AKR - ALEANCA KOSOVA E RE,109,Gjakovë
2,0215C,PAL LEKAJ,62,AAK-LDD ALEANCA PËR ARDHMËRINË E KOSOVËS LDD,793,Gjakovë
2,0219C,MIMOZA KUSARI-LILA,89,AKR - ALEANCA KOSOVA E RE,44,Gjakovë
2,0219C,PAL LEKAJ,62,AAK-LDD ALEANCA PËR ARDHMËRINË E KOSOVËS LDD,1112,Gjakovë
2,0220C,MIMOZA KUSARI-LILA,89,AKR - ALEANCA KOSOVA E RE,15,Gjakovë
2,0220C,PAL LEKAJ,62,AAK-LDD ALEANCA PËR ARDHMËRINË E KOSOVËS LDD,357,Gjakovë
2,0221C,MIMOZA KUSARI-LILA,89,AKR - ALEANCA KOSOVA E RE,122,Gjakovë
2,0221C,PAL LEKAJ,62,AAK-LDD ALEANCA PËR ARDHMËRINË E KOSOVËS LDD,500,Gjakovë
2,0222C,MIMOZA KUSARI-LILA,89,AKR - ALEANCA KOSOVA E RE,132,Gjakovë
2,0222C,PAL LEKAJ,62,AAK-LDD ALEANCA PËR ARDHMËRINË E KOSOVËS LDD,874,Gjakovë
2,0223C,MIMOZA KUSARI-LILA,89,AKR - ALEANCA KOSOVA E RE,257,Gjakovë
2,0223C,PAL LEKAJ,62,AAK-LDD ALEANCA PËR ARDHMËRINË E KOSOVËS LDD,622,Gjakovë
2,0224C,MIMOZA KUSARI-LILA,89,AKR - ALEANCA KOSOVA E RE,14,Gjakovë
2,0224C,PAL LEKAJ,62,AAK-LDD ALEANCA PËR ARDHMËRINË E KOSOVËS LDD,888,Gjakovë
2,0225C,MIMOZA KUSARI-LILA,89,AKR - ALEANCA KOSOVA E RE,206,Gjakovë
2,0225C,PAL LEKAJ,62,AAK-LDD ALEANCA PËR ARDHMËRINË E KOSOVËS LDD,1220,Gjakovë
2,0226C,MIMOZA KUSARI-LILA,89,AKR - ALEANCA KOSOVA E RE,23,Gjakovë
2,0226C,PAL LEKAJ,62,AAK-LDD ALEANCA PËR ARDHMËRINË E KOSOVËS LDD,1100,Gjakovë
2,0227C,MIMOZA KUSARI-LILA,89,AKR - ALEANCA KOSOVA E RE,59,Gjakovë
2,0227C,PAL LEKAJ,62,AAK-LDD ALEANCA PËR ARDHMËRINË E KOSOVËS LDD,453,Gjakovë
2,0228C,MIMOZA KUSARI-LILA,89,AKR - ALEANCA KOSOVA E RE,78,Gjakovë
2,0228C,PAL LEKAJ,62,AAK-LDD ALEANCA PËR ARDHMËRINË E KOSOVËS LDD,368,Gjakovë
2,0229C,MIMOZA KUSARI-LILA,89,AKR - ALEANCA KOSOVA E RE,132,Gjakovë
2,0229C,PAL LEKAJ,62,AAK-LDD ALEANCA PËR ARDHMËRINË E KOSOVËS LDD,767,Gjakovë
20,2001A,EQREM KRYEZIU,78,LDK - LIDHJA DEMOKRATIKE E KOSOVËS,780,Prizren
20,2001A,RAMADAN MUJA,99,PDK - PARTIA DEMOKRATIKE E KOSOVËS,962,Prizren
20,2002A,EQREM KRYEZIU,78,LDK - LIDHJA DEMOKRATIKE E KOSOVËS,1127,Prizren
20,2002A,RAMADAN MUJA,99,PDK - PARTIA DEMOKRATIKE E KOSOVËS,885,Prizren
20,2003A,EQREM KRYEZIU,78,LDK - LIDHJA DEMOKRATIKE E KOSOVËS,2458,Prizren
20,2003A,RAMADAN MUJA,99,PDK - PARTIA DEMOKRATIKE E KOSOVËS,1795,Prizren
20,2004A,EQREM KRYEZIU,78,LDK - LIDHJA DEMOKRATIKE E KOSOVËS,1247,Prizren
20,2004A,RAMADAN MUJA,99,PDK - PARTIA DEMOKRATIKE E KOSOVËS,1621,Prizren
20,2005A,EQREM KRYEZIU,78,LDK - LIDHJA DEMOKRATIKE E KOSOVËS,1392,Prizren
20,2005A,RAMADAN MUJA,99,PDK - PARTIA DEMOKRATIKE E KOSOVËS,1325,Prizren
20,2005X,EQREM KRYEZIU,78,LDK - LIDHJA DEMOKRATIKE E KOSOVËS,939,Prizren
20,2005X,RAMADAN MUJA,99,PDK - PARTIA DEMOKRATIKE E KOSOVËS,1024,Prizren
20,2006A,EQREM KRYEZIU,78,LDK - LIDHJA DEMOKRATIKE E KOSOVËS,775,Prizren
20,2006A,RAMADAN MUJA,99,PDK - PARTIA DEMOKRATIKE E KOSOVËS,980,Prizren
20,2006X,EQREM KRYEZIU,78,LDK - LIDHJA DEMOKRATIKE E KOSOVËS,446,Prizren
20,2006X,RAMADAN MUJA,99,PDK - PARTIA DEMOKRATIKE E KOSOVËS,591,Prizren
20,2007A,EQREM KRYEZIU,78,LDK - LIDHJA DEMOKRATIKE E KOSOVËS,920,Prizren
20,2007A,RAMADAN MUJA,99,PDK - PARTIA DEMOKRATIKE E KOSOVËS,1077,Prizren
20,2008A,EQREM KRYEZIU,78,LDK - LIDHJA DEMOKRATIKE E KOSOVËS,861,Prizren
20,2008A,RAMADAN MUJA,99,PDK - PARTIA DEMOKRATIKE E KOSOVËS,995,Prizren
20,2009A,EQREM KRYEZIU,78,LDK - LIDHJA DEMOKRATIKE E KOSOVËS,866,Prizren
20,2009A,RAMADAN MUJA,99,PDK - PARTIA DEMOKRATIKE E KOSOVËS,839,Prizren
20,2010A,EQREM KRYEZIU,78,LDK - LIDHJA DEMOKRATIKE E KOSOVËS,10,Prizren
20,2010A,RAMADAN MUJA,99,PDK - PARTIA DEMOKRATIKE E KOSOVËS,159,Prizren
20,2011A,EQREM KRYEZIU,78,LDK - LIDHJA DEMOKRATIKE E KOSOVËS,196,Prizren
20,2011A,RAMADAN MUJA,99,PDK - PARTIA DEMOKRATIKE E KOSOVËS,365,Prizren
20,2012A,EQREM KRYEZIU,78,LDK - LIDHJA DEMOKRATIKE E KOSOVËS,91,Prizren
20,2012A,RAMADAN MUJA,99,PDK - PARTIA DEMOKRATIKE E KOSOVËS,290,Prizren
20,2013A,EQREM KRYEZIU,78,LDK - LIDHJA DEMOKRATIKE E KOSOVËS,330,Prizren
20,2013A,RAMADAN MUJA,99,PDK - PARTIA DEMOKRATIKE E KOSOVËS,365,Prizren
20,2014A,EQREM KRYEZIU,78,LDK - LIDHJA DEMOKRATIKE E KOSOVËS,404,Prizren
20,2014A,RAMADAN MUJA,99,PDK - PARTIA DEMOKRATIKE E KOSOVËS,170,Prizren
20,2015A,EQREM KRYEZIU,78,LDK - LIDHJA DEMOKRATIKE E KOSOVËS,627,Prizren
20,2015A,RAMADAN MUJA,99,PDK - PARTIA DEMOKRATIKE E KOSOVËS,546,Prizren
20,2016A,EQREM KRYEZIU,78,LDK - LIDHJA DEMOKRATIKE E KOSOVËS,108,Prizren
20,2016A,RAMADAN MUJA,99,PDK - PARTIA DEMOKRATIKE E KOSOVËS,305,Prizren
20,2017A,EQREM KRYEZIU,78,LDK - LIDHJA DEMOKRATIKE E KOSOVËS,34,Prizren
20,2017A,RAMADAN MUJA,99,PDK - PARTIA DEMOKRATIKE E KOSOVËS,31,Prizren
20,2018A,EQREM KRYEZIU,78,LDK - LIDHJA DEMOKRATIKE E KOSOVËS,383,Prizren
20,2018A,RAMADAN MUJA,99,PDK - PARTIA DEMOKRATIKE E KOSOVËS,365,Prizren
20,2019A,EQREM KRYEZIU,78,LDK - LIDHJA DEMOKRATIKE E KOSOVËS,151,Prizren
20,2019A,RAMADAN MUJA,99,PDK - PARTIA DEMOKRATIKE E KOSOVËS,265,Prizren
20,2020A,EQREM KRYEZIU,78,LDK - LIDHJA DEMOKRATIKE E KOSOVËS,561,Prizren
20,2020A,RAMADAN MUJA,99,PDK - PARTIA DEMOKRATIKE E KOSOVËS,416,Prizren
20,2021A,EQREM KRYEZIU,78,LDK - LIDHJA DEMOKRATIKE E KOSOVËS,173,Prizren
20,2021A,RAMADAN MUJA,99,PDK - PARTIA DEMOKRATIKE E KOSOVËS,298,Prizren
20,2022A,EQREM KRYEZIU,78,LDK - LIDHJA DEMOKRATIKE E KOSOVËS,4,Prizren
20,2022A,RAMADAN MUJA,99,PDK - PARTIA DEMOKRATIKE E KOSOVËS,137,Prizren
20,2023A,EQREM KRYEZIU,78,LDK - LIDHJA DEMOKRATIKE E KOSOVËS,760,Prizren
20,2023A,RAMADAN MUJA,99,PDK - PARTIA DEMOKRATIKE E KOSOVËS,814,Prizren
20,2024A,EQREM KRYEZIU,78,LDK - LIDHJA DEMOKRATIKE E KOSOVËS,120,Prizren
20,2024A,RAMADAN MUJA,99,PDK - PARTIA DEMOKRATIKE E KOSOVËS,179,Prizren
20,2025A,EQREM KRYEZIU,78,LDK - LIDHJA DEMOKRATIKE E KOSOVËS,447,Prizren
20,2025A,RAMADAN MUJA,99,PDK - PARTIA DEMOKRATIKE E KOSOVËS,391,Prizren
20,2026A,EQREM KRYEZIU,78,LDK - LIDHJA DEMOKRATIKE E KOSOVËS,267,Prizren
20,2026A,RAMADAN MUJA,99,PDK - PARTIA DEMOKRATIKE E KOSOVËS,656,Prizren
20,2027A,EQREM KRYEZIU,78,LDK - LIDHJA DEMOKRATIKE E KOSOVËS,155,Prizren
20,2027A,RAMADAN MUJA,99,PDK - PARTIA DEMOKRATIKE E KOSOVËS,319,Prizren
20,2028A,EQREM KRYEZIU,78,LDK - LIDHJA DEMOKRATIKE E KOSOVËS,18,Prizren
20,2028A,RAMADAN MUJA,99,PDK - PARTIA DEMOKRATIKE E KOSOVËS,37,Prizren
20,2029A,EQREM KRYEZIU,78,LDK - LIDHJA DEMOKRATIKE E KOSOVËS,182,Prizren
20,2029A,RAMADAN MUJA,99,PDK - PARTIA DEMOKRATIKE E KOSOVËS,374,Prizren
20,2030A,EQREM KRYEZIU,78,LDK - LIDHJA DEMOKRATIKE E KOSOVËS,229,Prizren
20,2030A,RAMADAN MUJA,99,PDK - PARTIA DEMOKRATIKE E KOSOVËS,179,Prizren
20,2031A,EQREM KRYEZIU,78,LDK - LIDHJA DEMOKRATIKE E KOSOVËS,25,Prizren
20,2031A,RAMADAN MUJA,99,PDK - PARTIA DEMOKRATIKE E KOSOVËS,73,Prizren
20,2032A,EQREM KRYEZIU,78,LDK - LIDHJA DEMOKRATIKE E KOSOVËS,431,Prizren
20,2032A,RAMADAN MUJA,99,PDK - PARTIA DEMOKRATIKE E KOSOVËS,386,Prizren
20,2033A,EQREM KRYEZIU,78,LDK - LIDHJA DEMOKRATIKE E KOSOVËS,711,Prizren
20,2033A,RAMADAN MUJA,99,PDK - PARTIA DEMOKRATIKE E KOSOVËS,1414,Prizren
20,2034A,EQREM KRYEZIU,78,LDK - LIDHJA DEMOKRATIKE E KOSOVËS,50,Prizren
20,2034A,RAMADAN MUJA,99,PDK - PARTIA DEMOKRATIKE E KOSOVËS,327,Prizren
20,2035A,EQREM KRYEZIU,78,LDK - LIDHJA DEMOKRATIKE E KOSOVËS,170,Prizren
20,2035A,RAMADAN MUJA,99,PDK - PARTIA DEMOKRATIKE E KOSOVËS,211,Prizren
20,2036A,EQREM KRYEZIU,78,LDK - LIDHJA DEMOKRATIKE E KOSOVËS,59,Prizren
20,2036A,RAMADAN MUJA,99,PDK - PARTIA DEMOKRATIKE E KOSOVËS,218,Prizren
20,2037A,EQREM KRYEZIU,78,LDK - LIDHJA DEMOKRATIKE E KOSOVËS,39,Prizren
20,2037A,RAMADAN MUJA,99,PDK - PARTIA DEMOKRATIKE E KOSOVËS,190,Prizren
20,2038A,EQREM KRYEZIU,78,LDK - LIDHJA DEMOKRATIKE E KOSOVËS,283,Prizren
20,2038A,RAMADAN MUJA,99,PDK - PARTIA DEMOKRATIKE E KOSOVËS,122,Prizren
20,2039A,EQREM KRYEZIU,78,LDK - LIDHJA DEMOKRATIKE E KOSOVËS,245,Prizren
20,2039A,RAMADAN MUJA,99,PDK - PARTIA DEMOKRATIKE E KOSOVËS,351,Prizren
20,2040A,EQREM KRYEZIU,78,LDK - LIDHJA DEMOKRATIKE E KOSOVËS,181,Prizren
20,2040A,RAMADAN MUJA,99,PDK - PARTIA DEMOKRATIKE E KOSOVËS,355,Prizren
20,2041A,EQREM KRYEZIU,78,LDK - LIDHJA DEMOKRATIKE E KOSOVËS,417,Prizren
20,2041A,RAMADAN MUJA,99,PDK - PARTIA DEMOKRATIKE E KOSOVËS,52,Prizren
20,2042A,EQREM KRYEZIU,78,LDK - LIDHJA DEMOKRATIKE E KOSOVËS,1260,Prizren
20,2042A,RAMADAN MUJA,99,PDK - PARTIA DEMOKRATIKE E KOSOVËS,1325,Prizren
20,2043A,EQREM KRYEZIU,78,LDK - LIDHJA DEMOKRATIKE E KOSOVËS,106,Prizren
20,2043A,RAMADAN MUJA,99,PDK - PARTIA DEMOKRATIKE E KOSOVËS,55,Prizren
20,2044A,EQREM KRYEZIU,78,LDK - LIDHJA DEMOKRATIKE E KOSOVËS,11,Prizren
20,2044A,RAMADAN MUJA,99,PDK - PARTIA DEMOKRATIKE E KOSOVËS,114,Prizren
20,2045A,EQREM KRYEZIU,78,LDK - LIDHJA DEMOKRATIKE E KOSOVËS,92,Prizren
20,2045A,RAMADAN MUJA,99,PDK - PARTIA DEMOKRATIKE E KOSOVËS,111,Prizren
20,2048A,EQREM KRYEZIU,78,LDK - LIDHJA DEMOKRATIKE E KOSOVËS,138,Prizren
20,2048A,RAMADAN MUJA,99,PDK - PARTIA DEMOKRATIKE E KOSOVËS,179,Prizren
20,2049A,EQREM KRYEZIU,78,LDK - LIDHJA DEMOKRATIKE E KOSOVËS,186,Prizren
20,2049A,RAMADAN MUJA,99,PDK - PARTIA DEMOKRATIKE E KOSOVËS,130,Prizren
20,2050A,EQREM KRYEZIU,78,LDK - LIDHJA DEMOKRATIKE E KOSOVËS,246,Prizren
20,2050A,RAMADAN MUJA,99,PDK - PARTIA DEMOKRATIKE E KOSOVËS,110,Prizren
20,2051A,EQREM KRYEZIU,78,LDK - LIDHJA DEMOKRATIKE E KOSOVËS,3,Prizren
20,2051A,RAMADAN MUJA,99,PDK - PARTIA DEMOKRATIKE E KOSOVËS,95,Prizren
20,2054A,EQREM KRYEZIU,78,LDK - LIDHJA DEMOKRATIKE E KOSOVËS,68,Prizren
20,2054A,RAMADAN MUJA,99,PDK - PARTIA DEMOKRATIKE E KOSOVËS,109,Prizren
20,2055A,EQREM KRYEZIU,78,LDK - LIDHJA DEMOKRATIKE E KOSOVËS,90,Prizren
20,2055A,RAMADAN MUJA,99,PDK - PARTIA DEMOKRATIKE E KOSOVËS,59,Prizren
20,2056A,EQREM KRYEZIU,78,LDK - LIDHJA DEMOKRATIKE E KOSOVËS,147,Prizren
20,2056A,RAMADAN MUJA,99,PDK - PARTIA DEMOKRATIKE E KOSOVËS,124,Prizren
20,2057A,EQREM KRYEZIU,78,LDK - LIDHJA DEMOKRATIKE E KOSOVËS,96,Prizren
20,2057A,RAMADAN MUJA,99,PDK - PARTIA DEMOKRATIKE E KOSOVËS,72,Prizren
20,2058A,EQREM KRYEZIU,78,LDK - LIDHJA DEMOKRATIKE E KOSOVËS,110,Prizren
20,2058A,RAMADAN MUJA,99,PDK - PARTIA DEMOKRATIKE E KOSOVËS,200,Prizren
20,2059A,EQREM KRYEZIU,78,LDK - LIDHJA DEMOKRATIKE E KOSOVËS,290,Prizren
20,2059A,RAMADAN MUJA,99,PDK - PARTIA DEMOKRATIKE E KOSOVËS,213,Prizren
20,2060A,EQREM KRYEZIU,78,LDK - LIDHJA DEMOKRATIKE E KOSOVËS,13,Prizren
20,2060A,RAMADAN MUJA,99,PDK - PARTIA DEMOKRATIKE E KOSOVËS,47,Prizren
20,2061A,EQREM KRYEZIU,78,LDK - LIDHJA DEMOKRATIKE E KOSOVËS,111,Prizren
20,2061A,RAMADAN MUJA,99,PDK - PARTIA DEMOKRATIKE E KOSOVËS,160,Prizren
20,2062A,EQREM KRYEZIU,78,LDK - LIDHJA DEMOKRATIKE E KOSOVËS,284,Prizren
20,2062A,RAMADAN MUJA,99,PDK - PARTIA DEMOKRATIKE E KOSOVËS,385,Prizren
20,2063A,EQREM KRYEZIU,78,LDK - LIDHJA DEMOKRATIKE E KOSOVËS,3,Prizren
20,2063A,RAMADAN MUJA,99,PDK - PARTIA DEMOKRATIKE E KOSOVËS,8,Prizren
20,2064A,EQREM KRYEZIU,78,LDK - LIDHJA DEMOKRATIKE E KOSOVËS,2,Prizren
20,2064A,RAMADAN MUJA,99,PDK - PARTIA DEMOKRATIKE E KOSOVËS,8,Prizren
20,2065A,EQREM KRYEZIU,78,LDK - LIDHJA DEMOKRATIKE E KOSOVËS,266,Prizren
20,2065A,RAMADAN MUJA,99,PDK - PARTIA DEMOKRATIKE E KOSOVËS,192,Prizren
20,2066A,EQREM KRYEZIU,78,LDK - LIDHJA DEMOKRATIKE E KOSOVËS,23,Prizren
20,2066A,RAMADAN MUJA,99,PDK - PARTIA DEMOKRATIKE E KOSOVËS,99,Prizren
20,2067A,EQREM KRYEZIU,78,LDK - LIDHJA DEMOKRATIKE E KOSOVËS,18,Prizren
20,2067A,RAMADAN MUJA,99,PDK - PARTIA DEMOKRATIKE E KOSOVËS,131,Prizren
20,2068A,EQREM KRYEZIU,78,LDK - LIDHJA DEMOKRATIKE E KOSOVËS,105,Prizren
20,2068A,RAMADAN MUJA,99,PDK - PARTIA DEMOKRATIKE E KOSOVËS,269,Prizren
20,2069A,EQREM KRYEZIU,78,LDK - LIDHJA DEMOKRATIKE E KOSOVËS,59,Prizren
20,2069A,RAMADAN MUJA,99,PDK - PARTIA DEMOKRATIKE E KOSOVËS,89,Prizren
23,2301D,BRATISLAV NIKOLIĆ,130,Samostalna Liberalna Stranka - SLS,116,Shtërpcë
23,2301D,IVAN REDŽIĆ,126,G.I.SRPSKA,84,Shtërpcë
23,2302D,BRATISLAV NIKOLIĆ,130,Samostalna Liberalna Stranka - SLS,276,Shtërpcë
23,2302D,IVAN REDŽIĆ,126,G.I.SRPSKA,257,Shtërpcë
23,2303D,BRATISLAV NIKOLIĆ,130,Samostalna Liberalna Stranka - SLS,1133,Shtërpcë
23,2303D,IVAN REDŽIĆ,126,G.I.SRPSKA,999,Shtërpcë
23,2304D,BRATISLAV NIKOLIĆ,130,Samostalna Liberalna Stranka - SLS,396,Shtërpcë
23,2304D,IVAN REDŽIĆ,126,G.I.SRPSKA,463,Shtërpcë
23,2305D,BRATISLAV NIKOLIĆ,130,Samostalna Liberalna Stranka - SLS,456,Shtërpcë
23,2305D,IVAN REDŽIĆ,126,G.I.SRPSKA,7,Shtërpcë
23,2306D,BRATISLAV NIKOLIĆ,130,Samostalna Liberalna Stranka - SLS,535,Shtërpcë
23,2306D,IVAN REDŽIĆ,126,G.I.SRPSKA,562,Shtërpcë
23,2308D,BRATISLAV NIKOLIĆ,130,Samostalna Liberalna Stranka - SLS,306,Shtërpcë
23,2308D,IVAN REDŽIĆ,126,G.I.SRPSKA,339,Shtërpcë
23,2309D,BRATISLAV NIKOLIĆ,130,Samostalna Liberalna Stranka - SLS,239,Shtërpcë
23,2309D,IVAN REDŽIĆ,126,G.I.SRPSKA,5,Shtërpcë
23,2310D,BRATISLAV NIKOLIĆ,130,Samostalna Liberalna Stranka - SLS,235,Shtërpcë
23,2310D,IVAN REDŽIĆ,126,G.I.SRPSKA,182,Shtërpcë
24,2401A,BALI MUHARREMAJ,62,AAK-LDD ALEANCA PËR ARDHMËRINË E KOSOVËS LDD,1824,Suharekë
24,2401A,SALI ASLLANAJ,78,LDK - LIDHJA DEMOKRATIKE E KOSOVËS,1865,Suharekë
24,2402A,BALI MUHARREMAJ,62,AAK-LDD ALEANCA PËR ARDHMËRINË E KOSOVËS LDD,407,Suharekë
24,2402A,SALI ASLLANAJ,78,LDK - LIDHJA DEMOKRATIKE E KOSOVËS,533,Suharekë
24,2403A,BALI MUHARREMAJ,62,AAK-LDD ALEANCA PËR ARDHMËRINË E KOSOVËS LDD,1014,Suharekë
24,2403A,SALI ASLLANAJ,78,LDK - LIDHJA DEMOKRATIKE E KOSOVËS,941,Suharekë
24,2404A,BALI MUHARREMAJ,62,AAK-LDD ALEANCA PËR ARDHMËRINË E KOSOVËS LDD,268,Suharekë
24,2404A,SALI ASLLANAJ,78,LDK - LIDHJA DEMOKRATIKE E KOSOVËS,271,Suharekë
24,2405A,BALI MUHARREMAJ,62,AAK-LDD ALEANCA PËR ARDHMËRINË E KOSOVËS LDD,650,Suharekë
24,2405A,SALI ASLLANAJ,78,LDK - LIDHJA DEMOKRATIKE E KOSOVËS,612,Suharekë
24,2406A,BALI MUHARREMAJ,62,AAK-LDD ALEANCA PËR ARDHMËRINË E KOSOVËS LDD,212,Suharekë
24,2406A,SALI ASLLANAJ,78,LDK - LIDHJA DEMOKRATIKE E KOSOVËS,361,Suharekë
24,2407A,BALI MUHARREMAJ,62,AAK-LDD ALEANCA PËR ARDHMËRINË E KOSOVËS LDD,744,Suharekë
24,2407A,SALI ASLLANAJ,78,LDK - LIDHJA DEMOKRATIKE E KOSOVËS,411,Suharekë
24,2408A,BALI MUHARREMAJ,62,AAK-LDD ALEANCA PËR ARDHMËRINË E KOSOVËS LDD,613,Suharekë
24,2408A,SALI ASLLANAJ,78,LDK - LIDHJA DEMOKRATIKE E KOSOVËS,573,Suharekë
24,2409A,BALI MUHARREMAJ,62,AAK-LDD ALEANCA PËR ARDHMËRINË E KOSOVËS LDD,513,Suharekë
24,2409A,SALI ASLLANAJ,78,LDK - LIDHJA DEMOKRATIKE E KOSOVËS,558,Suharekë
24,2410A,BALI MUHARREMAJ,62,AAK-LDD ALEANCA PËR ARDHMËRINË E KOSOVËS LDD,199,Suharekë
24,2410A,SALI ASLLANAJ,78,LDK - LIDHJA DEMOKRATIKE E KOSOVËS,271,Suharekë
24,2411A,BALI MUHARREMAJ,62,AAK-LDD ALEANCA PËR ARDHMËRINË E KOSOVËS LDD,173,Suharekë
24,2411A,SALI ASLLANAJ,78,LDK - LIDHJA DEMOKRATIKE E KOSOVËS,377,Suharekë
24,2412A,BALI MUHARREMAJ,62,AAK-LDD ALEANCA PËR ARDHMËRINË E KOSOVËS LDD,306,Suharekë
24,2412A,SALI ASLLANAJ,78,LDK - LIDHJA DEMOKRATIKE E KOSOVËS,350,Suharekë
24,2413A,BALI MUHARREMAJ,62,AAK-LDD ALEANCA PËR ARDHMËRINË E KOSOVËS LDD,419,Suharekë
24,2413A,SALI ASLLANAJ,78,LDK - LIDHJA DEMOKRATIKE E KOSOVËS,570,Suharekë
24,2414A,BALI MUHARREMAJ,62,AAK-LDD ALEANCA PËR ARDHMËRINË E KOSOVËS LDD,263,Suharekë
24,2414A,SALI ASLLANAJ,78,LDK - LIDHJA DEMOKRATIKE E KOSOVËS,449,Suharekë
24,2415A,BALI MUHARREMAJ,62,AAK-LDD ALEANCA PËR ARDHMËRINË E KOSOVËS LDD,254,Suharekë
24,2415A,SALI ASLLANAJ,78,LDK - LIDHJA DEMOKRATIKE E KOSOVËS,267,Suharekë
24,2416A,BALI MUHARREMAJ,62,AAK-LDD ALEANCA PËR ARDHMËRINË E KOSOVËS LDD,208,Suharekë
24,2416A,SALI ASLLANAJ,78,LDK - LIDHJA DEMOKRATIKE E KOSOVËS,219,Suharekë
24,2417A,BALI MUHARREMAJ,62,AAK-LDD ALEANCA PËR ARDHMËRINË E KOSOVËS LDD,469,Suharekë
24,2417A,SALI ASLLANAJ,78,LDK - LIDHJA DEMOKRATIKE E KOSOVËS,825,Suharekë
24,2418A,BALI MUHARREMAJ,62,AAK-LDD ALEANCA PËR ARDHMËRINË E KOSOVËS LDD,793,Suharekë
24,2418A,SALI ASLLANAJ,78,LDK - LIDHJA DEMOKRATIKE E KOSOVËS,623,Suharekë
24,2419A,BALI MUHARREMAJ,62,AAK-LDD ALEANCA PËR ARDHMËRINË E KOSOVËS LDD,179,Suharekë
24,2419A,SALI ASLLANAJ,78,LDK - LIDHJA DEMOKRATIKE E KOSOVËS,290,Suharekë
24,2420A,BALI MUHARREMAJ,62,AAK-LDD ALEANCA PËR ARDHMËRINË E KOSOVËS LDD,229,Suharekë
24,2420A,SALI ASLLANAJ,78,LDK - LIDHJA DEMOKRATIKE E KOSOVËS,414,Suharekë
24,2421A,BALI MUHARREMAJ,62,AAK-LDD ALEANCA PËR ARDHMËRINË E KOSOVËS LDD,171,Suharekë
24,2421A,SALI ASLLANAJ,78,LDK - LIDHJA DEMOKRATIKE E KOSOVËS,397,Suharekë
24,2422A,BALI MUHARREMAJ,62,AAK-LDD ALEANCA PËR ARDHMËRINË E KOSOVËS LDD,337,Suharekë
24,2422A,SALI ASLLANAJ,78,LDK - LIDHJA DEMOKRATIKE E KOSOVËS,434,Suharekë
24,2423A,BALI MUHARREMAJ,62,AAK-LDD ALEANCA PËR ARDHMËRINË E KOSOVËS LDD,148,Suharekë
24,2423A,SALI ASLLANAJ,78,LDK - LIDHJA DEMOKRATIKE E KOSOVËS,279,Suharekë
24,2424A,BALI MUHARREMAJ,62,AAK-LDD ALEANCA PËR ARDHMËRINË E KOSOVËS LDD,298,Suharekë
24,2424A,SALI ASLLANAJ,78,LDK - LIDHJA DEMOKRATIKE E KOSOVËS,312,Suharekë
24,2425A,BALI MUHARREMAJ,62,AAK-LDD ALEANCA PËR ARDHMËRINË E KOSOVËS LDD,47,Suharekë
24,2425A,SALI ASLLANAJ,78,LDK - LIDHJA DEMOKRATIKE E KOSOVËS,138,Suharekë
24,2426A,BALI MUHARREMAJ,62,AAK-LDD ALEANCA PËR ARDHMËRINË E KOSOVËS LDD,425,Suharekë
24,2426A,SALI ASLLANAJ,78,LDK - LIDHJA DEMOKRATIKE E KOSOVËS,655,Suharekë
24,2427A,BALI MUHARREMAJ,62,AAK-LDD ALEANCA PËR ARDHMËRINË E KOSOVËS LDD,113,Suharekë
24,2427A,SALI ASLLANAJ,78,LDK - LIDHJA DEMOKRATIKE E KOSOVËS,88,Suharekë
24,2428A,BALI MUHARREMAJ,62,AAK-LDD ALEANCA PËR ARDHMËRINË E KOSOVËS LDD,114,Suharekë
24,2428A,SALI ASLLANAJ,78,LDK - LIDHJA DEMOKRATIKE E KOSOVËS,83,Suharekë
24,2429A,BALI MUHARREMAJ,62,AAK-LDD ALEANCA PËR ARDHMËRINË E KOSOVËS LDD,115,Suharekë
24,2429A,SALI ASLLANAJ,78,LDK - LIDHJA DEMOKRATIKE E KOSOVËS,59,Suharekë
24,2430A,BALI MUHARREMAJ,62,AAK-LDD ALEANCA PËR ARDHMËRINË E KOSOVËS LDD,259,Suharekë
24,2430A,SALI ASLLANAJ,78,LDK - LIDHJA DEMOKRATIKE E KOSOVËS,310,Suharekë
24,2431A,BALI MUHARREMAJ,62,AAK-LDD ALEANCA PËR ARDHMËRINË E KOSOVËS LDD,204,Suharekë
24,2431A,SALI ASLLANAJ,78,LDK - LIDHJA DEMOKRATIKE E KOSOVËS,186,Suharekë
24,2432A,BALI MUHARREMAJ,62,AAK-LDD ALEANCA PËR ARDHMËRINË E KOSOVËS LDD,105,Suharekë
24,2432A,SALI ASLLANAJ,78,LDK - LIDHJA DEMOKRATIKE E KOSOVËS,113,Suharekë
25,2501D,AGIM ALIU,99,PDK - PARTIA DEMOKRATIKE E KOSOVËS,1485,Ferizaj
25,2501D,MUHAREM SVARQA,78,LDK - LIDHJA DEMOKRATIKE E KOSOVËS,1454,Ferizaj
25,2501X,AGIM ALIU,99,PDK - PARTIA DEMOKRATIKE E KOSOVËS,1431,Ferizaj
25,2501X,MUHAREM SVARQA,78,LDK - LIDHJA DEMOKRATIKE E KOSOVËS,1421,Ferizaj
25,2501Y,AGIM ALIU,99,PDK - PARTIA DEMOKRATIKE E KOSOVËS,1648,Ferizaj
25,2501Y,MUHAREM SVARQA,78,LDK - LIDHJA DEMOKRATIKE E KOSOVËS,1814,Ferizaj
25,2502D,AGIM ALIU,99,PDK - PARTIA DEMOKRATIKE E KOSOVËS,1296,Ferizaj
25,2502D,MUHAREM SVARQA,78,LDK - LIDHJA DEMOKRATIKE E KOSOVËS,1421,Ferizaj
25,2502X,AGIM ALIU,99,PDK - PARTIA DEMOKRATIKE E KOSOVËS,1385,Ferizaj
25,2502X,MUHAREM SVARQA,78,LDK - LIDHJA DEMOKRATIKE E KOSOVËS,1693,Ferizaj
25,2503D,AGIM ALIU,99,PDK - PARTIA DEMOKRATIKE E KOSOVËS,941,Ferizaj
25,2503D,MUHAREM SVARQA,78,LDK - LIDHJA DEMOKRATIKE E KOSOVËS,849,Ferizaj
25,2503X,AGIM ALIU,99,PDK - PARTIA DEMOKRATIKE E KOSOVËS,834,Ferizaj
25,2503X,MUHAREM SVARQA,78,LDK - LIDHJA DEMOKRATIKE E KOSOVËS,735,Ferizaj
25,2504D,AGIM ALIU,99,PDK - PARTIA DEMOKRATIKE E KOSOVËS,981,Ferizaj
25,2504D,MUHAREM SVARQA,78,LDK - LIDHJA DEMOKRATIKE E KOSOVËS,863,Ferizaj
25,2505D,AGIM ALIU,99,PDK - PARTIA DEMOKRATIKE E KOSOVËS,1426,Ferizaj
25,2505D,MUHAREM SVARQA,78,LDK - LIDHJA DEMOKRATIKE E KOSOVËS,794,Ferizaj
25,2506D,AGIM ALIU,99,PDK - PARTIA DEMOKRATIKE E KOSOVËS,702,Ferizaj
25,2506D,MUHAREM SVARQA,78,LDK - LIDHJA DEMOKRATIKE E KOSOVËS,728,Ferizaj
25,2507D,AGIM ALIU,99,PDK - PARTIA DEMOKRATIKE E KOSOVËS,945,Ferizaj
25,2507D,MUHAREM SVARQA,78,LDK - LIDHJA DEMOKRATIKE E KOSOVËS,1095,Ferizaj
25,2508D,AGIM ALIU,99,PDK - PARTIA DEMOKRATIKE E KOSOVËS,510,Ferizaj
25,2508D,MUHAREM SVARQA,78,LDK - LIDHJA DEMOKRATIKE E KOSOVËS,598,Ferizaj
25,2509D,AGIM ALIU,99,PDK - PARTIA DEMOKRATIKE E KOSOVËS,536,Ferizaj
25,2509D,MUHAREM SVARQA,78,LDK - LIDHJA DEMOKRATIKE E KOSOVËS,639,Ferizaj
25,2510D,AGIM ALIU,99,PDK - PARTIA DEMOKRATIKE E KOSOVËS,898,Ferizaj
25,2510D,MUHAREM SVARQA,78,LDK - LIDHJA DEMOKRATIKE E KOSOVËS,1019,Ferizaj
25,2511D,AGIM ALIU,99,PDK - PARTIA DEMOKRATIKE E KOSOVËS,304,Ferizaj
25,2511D,MUHAREM SVARQA,78,LDK - LIDHJA DEMOKRATIKE E KOSOVËS,408,Ferizaj
25,2512D,AGIM ALIU,99,PDK - PARTIA DEMOKRATIKE E KOSOVËS,300,Ferizaj
25,2512D,MUHAREM SVARQA,78,LDK - LIDHJA DEMOKRATIKE E KOSOVËS,418,Ferizaj
25,2513D,AGIM ALIU,99,PDK - PARTIA DEMOKRATIKE E KOSOVËS,551,Ferizaj
25,2513D,MUHAREM SVARQA,78,LDK - LIDHJA DEMOKRATIKE E KOSOVËS,711,Ferizaj
25,2514D,AGIM ALIU,99,PDK - PARTIA DEMOKRATIKE E KOSOVËS,278,Ferizaj
25,2514D,MUHAREM SVARQA,78,LDK - LIDHJA DEMOKRATIKE E KOSOVËS,381,Ferizaj
25,2515D,AGIM ALIU,99,PDK - PARTIA DEMOKRATIKE E KOSOVËS,686,Ferizaj
25,2515D,MUHAREM SVARQA,78,LDK - LIDHJA DEMOKRATIKE E KOSOVËS,755,Ferizaj
25,2516D,AGIM ALIU,99,PDK - PARTIA DEMOKRATIKE E KOSOVËS,451,Ferizaj
25,2516D,MUHAREM SVARQA,78,LDK - LIDHJA DEMOKRATIKE E KOSOVËS,478,Ferizaj
25,2523D,AGIM ALIU,99,PDK - PARTIA DEMOKRATIKE E KOSOVËS,772,Ferizaj
25,2523D,MUHAREM SVARQA,78,LDK - LIDHJA DEMOKRATIKE E KOSOVËS,718,Ferizaj
25,2524D,AGIM ALIU,99,PDK - PARTIA DEMOKRATIKE E KOSOVËS,298,Ferizaj
25,2524D,MUHAREM SVARQA,78,LDK - LIDHJA DEMOKRATIKE E KOSOVËS,357,Ferizaj
25,2525D,AGIM ALIU,99,PDK - PARTIA DEMOKRATIKE E KOSOVËS,536,Ferizaj
25,2525D,MUHAREM SVARQA,78,LDK - LIDHJA DEMOKRATIKE E KOSOVËS,593,Ferizaj
25,2526D,AGIM ALIU,99,PDK - PARTIA DEMOKRATIKE E KOSOVËS,499,Ferizaj
25,2526D,MUHAREM SVARQA,78,LDK - LIDHJA DEMOKRATIKE E KOSOVËS,723,Ferizaj
25,2527D,AGIM ALIU,99,PDK - PARTIA DEMOKRATIKE E KOSOVËS,219,Ferizaj
25,2527D,MUHAREM SVARQA,78,LDK - LIDHJA DEMOKRATIKE E KOSOVËS,39,Ferizaj
25,2528D,AGIM ALIU,99,PDK - PARTIA DEMOKRATIKE E KOSOVËS,335,Ferizaj
25,2528D,MUHAREM SVARQA,78,LDK - LIDHJA DEMOKRATIKE E KOSOVËS,394,Ferizaj
25,2529D,AGIM ALIU,99,PDK - PARTIA DEMOKRATIKE E KOSOVËS,306,Ferizaj
25,2529D,MUHAREM SVARQA,78,LDK - LIDHJA DEMOKRATIKE E KOSOVËS,310,Ferizaj
25,2530D,AGIM ALIU,99,PDK - PARTIA DEMOKRATIKE E KOSOVËS,194,Ferizaj
25,2530D,MUHAREM SVARQA,78,LDK - LIDHJA DEMOKRATIKE E KOSOVËS,143,Ferizaj
25,2531D,AGIM ALIU,99,PDK - PARTIA DEMOKRATIKE E KOSOVËS,270,Ferizaj
25,2531D,MUHAREM SVARQA,78,LDK - LIDHJA DEMOKRATIKE E KOSOVËS,280,Ferizaj
25,2532D,AGIM ALIU,99,PDK - PARTIA DEMOKRATIKE E KOSOVËS,259,Ferizaj
25,2532D,MUHAREM SVARQA,78,LDK - LIDHJA DEMOKRATIKE E KOSOVËS,322,Ferizaj
25,2533D,AGIM ALIU,99,PDK - PARTIA DEMOKRATIKE E KOSOVËS,370,Ferizaj
25,2533D,MUHAREM SVARQA,78,LDK - LIDHJA DEMOKRATIKE E KOSOVËS,352,Ferizaj
25,2534D,AGIM ALIU,99,PDK - PARTIA DEMOKRATIKE E KOSOVËS,252,Ferizaj
25,2534D,MUHAREM SVARQA,78,LDK - LIDHJA DEMOKRATIKE E KOSOVËS,214,Ferizaj
26,2601D,NEXHMEDIN ARIFI,99,PDK - PARTIA DEMOKRATIKE E KOSOVËS,510,Viti
26,2601D,SOKOL HALITI,78,LDK - LIDHJA DEMOKRATIKE E KOSOVËS,874,Viti
26,2601X,NEXHMEDIN ARIFI,99,PDK - PARTIA DEMOKRATIKE E KOSOVËS,391,Viti
26,2601X,SOKOL HALITI,78,LDK - LIDHJA DEMOKRATIKE E KOSOVËS,782,Viti
26,2602D,NEXHMEDIN ARIFI,99,PDK - PARTIA DEMOKRATIKE E KOSOVËS,130,Viti
26,2602D,SOKOL HALITI,78,LDK - LIDHJA DEMOKRATIKE E KOSOVËS,144,Viti
26,2603D,NEXHMEDIN ARIFI,99,PDK - PARTIA DEMOKRATIKE E KOSOVËS,259,Viti
26,2603D,SOKOL HALITI,78,LDK - LIDHJA DEMOKRATIKE E KOSOVËS,274,Viti
26,2604D,NEXHMEDIN ARIFI,99,PDK - PARTIA DEMOKRATIKE E KOSOVËS,137,Viti
26,2604D,SOKOL HALITI,78,LDK - LIDHJA DEMOKRATIKE E KOSOVËS,915,Viti
26,2605D,NEXHMEDIN ARIFI,99,PDK - PARTIA DEMOKRATIKE E KOSOVËS,957,Viti
26,2605D,SOKOL HALITI,78,LDK - LIDHJA DEMOKRATIKE E KOSOVËS,1112,Viti
26,2606D,NEXHMEDIN ARIFI,99,PDK - PARTIA DEMOKRATIKE E KOSOVËS,360,Viti
26,2606D,SOKOL HALITI,78,LDK - LIDHJA DEMOKRATIKE E KOSOVËS,307,Viti
26,2607D,NEXHMEDIN ARIFI,99,PDK - PARTIA DEMOKRATIKE E KOSOVËS,979,Viti
26,2607D,SOKOL HALITI,78,LDK - LIDHJA DEMOKRATIKE E KOSOVËS,264,Viti
26,2608D,NEXHMEDIN ARIFI,99,PDK - PARTIA DEMOKRATIKE E KOSOVËS,216,Viti
26,2608D,SOKOL HALITI,78,LDK - LIDHJA DEMOKRATIKE E KOSOVËS,511,Viti
26,2609D,NEXHMEDIN ARIFI,99,PDK - PARTIA DEMOKRATIKE E KOSOVËS,387,Viti
26,2609D,SOKOL HALITI,78,LDK - LIDHJA DEMOKRATIKE E KOSOVËS,597,Viti
26,2610D,NEXHMEDIN ARIFI,99,PDK - PARTIA DEMOKRATIKE E KOSOVËS,245,Viti
26,2610D,SOKOL HALITI,78,LDK - LIDHJA DEMOKRATIKE E KOSOVËS,366,Viti
26,2611D,NEXHMEDIN ARIFI,99,PDK - PARTIA DEMOKRATIKE E KOSOVËS,352,Viti
26,2611D,SOKOL HALITI,78,LDK - LIDHJA DEMOKRATIKE E KOSOVËS,489,Viti
26,2616D,NEXHMEDIN ARIFI,99,PDK - PARTIA DEMOKRATIKE E KOSOVËS,0,Viti
26,2616D,SOKOL HALITI,78,LDK - LIDHJA DEMOKRATIKE E KOSOVËS,0,Viti
26,2617D,NEXHMEDIN ARIFI,99,PDK - PARTIA DEMOKRATIKE E KOSOVËS,423,Viti
26,2617D,SOKOL HALITI,78,LDK - LIDHJA DEMOKRATIKE E KOSOVËS,846,Viti
26,2620D,NEXHMEDIN ARIFI,99,PDK - PARTIA DEMOKRATIKE E KOSOVËS,364,Viti
26,2620D,SOKOL HALITI,78,LDK - LIDHJA DEMOKRATIKE E KOSOVËS,376,Viti
26,2621D,NEXHMEDIN ARIFI,99,PDK - PARTIA DEMOKRATIKE E KOSOVËS,168,Viti
26,2621D,SOKOL HALITI,78,LDK - LIDHJA DEMOKRATIKE E KOSOVËS,387,Viti
26,2622D,NEXHMEDIN ARIFI,99,PDK - PARTIA DEMOKRATIKE E KOSOVËS,8,Viti
26,2622D,SOKOL HALITI,78,LDK - LIDHJA DEMOKRATIKE E KOSOVËS,29,Viti
26,2623D,NEXHMEDIN ARIFI,99,PDK - PARTIA DEMOKRATIKE E KOSOVËS,282,Viti
26,2623D,SOKOL HALITI,78,LDK - LIDHJA DEMOKRATIKE E KOSOVËS,319,Viti
26,2625D,NEXHMEDIN ARIFI,99,PDK - PARTIA DEMOKRATIKE E KOSOVËS,162,Viti
26,2625D,SOKOL HALITI,78,LDK - LIDHJA DEMOKRATIKE E KOSOVËS,209,Viti
26,2626D,NEXHMEDIN ARIFI,99,PDK - PARTIA DEMOKRATIKE E KOSOVËS,256,Viti
26,2626D,SOKOL HALITI,78,LDK - LIDHJA DEMOKRATIKE E KOSOVËS,350,Viti
26,2627D,NEXHMEDIN ARIFI,99,PDK - PARTIA DEMOKRATIKE E KOSOVËS,196,Viti
26,2627D,SOKOL HALITI,78,LDK - LIDHJA DEMOKRATIKE E KOSOVËS,361,Viti
26,2628D,NEXHMEDIN ARIFI,99,PDK - PARTIA DEMOKRATIKE E KOSOVËS,144,Viti
26,2628D,SOKOL HALITI,78,LDK - LIDHJA DEMOKRATIKE E KOSOVËS,225,Viti
26,2629D,NEXHMEDIN ARIFI,99,PDK - PARTIA DEMOKRATIKE E KOSOVËS,147,Viti
26,2629D,SOKOL HALITI,78,LDK - LIDHJA DEMOKRATIKE E KOSOVËS,181,Viti
26,2630D,NEXHMEDIN ARIFI,99,PDK - PARTIA DEMOKRATIKE E KOSOVËS,225,Viti
26,2630D,SOKOL HALITI,78,LDK - LIDHJA DEMOKRATIKE E KOSOVËS,381,Viti
26,2631D,NEXHMEDIN ARIFI,99,PDK - PARTIA DEMOKRATIKE E KOSOVËS,121,Viti
26,2631D,SOKOL HALITI,78,LDK - LIDHJA DEMOKRATIKE E KOSOVËS,213,Viti
26,2632D,NEXHMEDIN ARIFI,99,PDK - PARTIA DEMOKRATIKE E KOSOVËS,64,Viti
26,2632D,SOKOL HALITI,78,LDK - LIDHJA DEMOKRATIKE E KOSOVËS,282,Viti
26,2633D,NEXHMEDIN ARIFI,99,PDK - PARTIA DEMOKRATIKE E KOSOVËS,212,Viti
26,2633D,SOKOL HALITI,78,LDK - LIDHJA DEMOKRATIKE E KOSOVËS,261,Viti
27,2701B,BAJRAM MULAKU,99,PDK - PARTIA DEMOKRATIKE E KOSOVËS,1226,Vushtrri
27,2701B,MUHARREM SHABANI,62,AAK-LDD ALEANCA PËR ARDHMËRINË E KOSOVËS LDD,1072,Vushtrri
27,2702B,BAJRAM MULAKU,99,PDK - PARTIA DEMOKRATIKE E KOSOVËS,673,Vushtrri
27,2702B,MUHARREM SHABANI,62,AAK-LDD ALEANCA PËR ARDHMËRINË E KOSOVËS LDD,584,Vushtrri
27,2702X,BAJRAM MULAKU,99,PDK - PARTIA DEMOKRATIKE E KOSOVËS,664,Vushtrri
27,2702X,MUHARREM SHABANI,62,AAK-LDD ALEANCA PËR ARDHMËRINË E KOSOVËS LDD,608,Vushtrri
27,2703B,BAJRAM MULAKU,99,PDK - PARTIA DEMOKRATIKE E KOSOVËS,380,Vushtrri
27,2703B,MUHARREM SHABANI,62,AAK-LDD ALEANCA PËR ARDHMËRINË E KOSOVËS LDD,15,Vushtrri
27,2704B,BAJRAM MULAKU,99,PDK - PARTIA DEMOKRATIKE E KOSOVËS,1539,Vushtrri
27,2704B,MUHARREM SHABANI,62,AAK-LDD ALEANCA PËR ARDHMËRINË E KOSOVËS LDD,1523,Vushtrri
27,2705B,BAJRAM MULAKU,99,PDK - PARTIA DEMOKRATIKE E KOSOVËS,54,Vushtrri
27,2705B,MUHARREM SHABANI,62,AAK-LDD ALEANCA PËR ARDHMËRINË E KOSOVËS LDD,44,Vushtrri
27,2706B,BAJRAM MULAKU,99,PDK - PARTIA DEMOKRATIKE E KOSOVËS,564,Vushtrri
27,2706B,MUHARREM SHABANI,62,AAK-LDD ALEANCA PËR ARDHMËRINË E KOSOVËS LDD,440,Vushtrri
27,2707B,BAJRAM MULAKU,99,PDK - PARTIA DEMOKRATIKE E KOSOVËS,370,Vushtrri
27,2707B,MUHARREM SHABANI,62,AAK-LDD ALEANCA PËR ARDHMËRINË E KOSOVËS LDD,211,Vushtrri
27,2708B,BAJRAM MULAKU,99,PDK - PARTIA DEMOKRATIKE E KOSOVËS,293,Vushtrri
27,2708B,MUHARREM SHABANI,62,AAK-LDD ALEANCA PËR ARDHMËRINË E KOSOVËS LDD,388,Vushtrri
27,2709B,BAJRAM MULAKU,99,PDK - PARTIA DEMOKRATIKE E KOSOVËS,448,Vushtrri
27,2709B,MUHARREM SHABANI,62,AAK-LDD ALEANCA PËR ARDHMËRINË E KOSOVËS LDD,430,Vushtrri
27,2710B,BAJRAM MULAKU,99,PDK - PARTIA DEMOKRATIKE E KOSOVËS,500,Vushtrri
27,2710B,MUHARREM SHABANI,62,AAK-LDD ALEANCA PËR ARDHMËRINË E KOSOVËS LDD,352,Vushtrri
27,2711B,BAJRAM MULAKU,99,PDK - PARTIA DEMOKRATIKE E KOSOVËS,444,Vushtrri
27,2711B,MUHARREM SHABANI,62,AAK-LDD ALEANCA PËR ARDHMËRINË E KOSOVËS LDD,353,Vushtrri
27,2712B,BAJRAM MULAKU,99,PDK - PARTIA DEMOKRATIKE E KOSOVËS,436,Vushtrri
27,2712B,MUHARREM SHABANI,62,AAK-LDD ALEANCA PËR ARDHMËRINË E KOSOVËS LDD,308,Vushtrri
27,2713B,BAJRAM MULAKU,99,PDK - PARTIA DEMOKRATIKE E KOSOVËS,597,Vushtrri
27,2713B,MUHARREM SHABANI,62,AAK-LDD ALEANCA PËR ARDHMËRINË E KOSOVËS LDD,509,Vushtrri
27,2714B,BAJRAM MULAKU,99,PDK - PARTIA DEMOKRATIKE E KOSOVËS,300,Vushtrri
27,2714B,MUHARREM SHABANI,62,AAK-LDD ALEANCA PËR ARDHMËRINË E KOSOVËS LDD,368,Vushtrri
27,2715B,BAJRAM MULAKU,99,PDK - PARTIA DEMOKRATIKE E KOSOVËS,6,Vushtrri
27,2715B,MUHARREM SHABANI,62,AAK-LDD ALEANCA PËR ARDHMËRINË E KOSOVËS LDD,12,Vushtrri
27,2716B,BAJRAM MULAKU,99,PDK - PARTIA DEMOKRATIKE E KOSOVËS,60,Vushtrri
27,2716B,MUHARREM SHABANI,62,AAK-LDD ALEANCA PËR ARDHMËRINË E KOSOVËS LDD,87,Vushtrri
27,2717B,BAJRAM MULAKU,99,PDK - PARTIA DEMOKRATIKE E KOSOVËS,406,Vushtrri
27,2717B,MUHARREM SHABANI,62,AAK-LDD ALEANCA PËR ARDHMËRINË E KOSOVËS LDD,257,Vushtrri
27,2719B,BAJRAM MULAKU,99,PDK - PARTIA DEMOKRATIKE E KOSOVËS,33,Vushtrri
27,2719B,MUHARREM SHABANI,62,AAK-LDD ALEANCA PËR ARDHMËRINË E KOSOVËS LDD,3,Vushtrri
27,2723B,BAJRAM MULAKU,99,PDK - PARTIA DEMOKRATIKE E KOSOVËS,242,Vushtrri
27,2723B,MUHARREM SHABANI,62,AAK-LDD ALEANCA PËR ARDHMËRINË E KOSOVËS LDD,74,Vushtrri
27,2724B,BAJRAM MULAKU,99,PDK - PARTIA DEMOKRATIKE E KOSOVËS,1,Vushtrri
27,2724B,MUHARREM SHABANI,62,AAK-LDD ALEANCA PËR ARDHMËRINË E KOSOVËS LDD,6,Vushtrri
27,2725B,BAJRAM MULAKU,99,PDK - PARTIA DEMOKRATIKE E KOSOVËS,90,Vushtrri
27,2725B,MUHARREM SHABANI,62,AAK-LDD ALEANCA PËR ARDHMËRINË E KOSOVËS LDD,52,Vushtrri
27,2726B,BAJRAM MULAKU,99,PDK - PARTIA DEMOKRATIKE E KOSOVËS,49,Vushtrri
27,2726B,MUHARREM SHABANI,62,AAK-LDD ALEANCA PËR ARDHMËRINË E KOSOVËS LDD,90,Vushtrri
27,2727B,BAJRAM MULAKU,99,PDK - PARTIA DEMOKRATIKE E KOSOVËS,221,Vushtrri
27,2727B,MUHARREM SHABANI,62,AAK-LDD ALEANCA PËR ARDHMËRINË E KOSOVËS LDD,261,Vushtrri
27,2728B,BAJRAM MULAKU,99,PDK - PARTIA DEMOKRATIKE E KOSOVËS,232,Vushtrri
27,2728B,MUHARREM SHABANI,62,AAK-LDD ALEANCA PËR ARDHMËRINË E KOSOVËS LDD,70,Vushtrri
27,2729B,BAJRAM MULAKU,99,PDK - PARTIA DEMOKRATIKE E KOSOVËS,337,Vushtrri
27,2729B,MUHARREM SHABANI,62,AAK-LDD ALEANCA PËR ARDHMËRINË E KOSOVËS LDD,148,Vushtrri
30,3001A,RAGIP BEGAJ,109,INICIATIVA QYTETARE PËR MALISHEVËN,357,Malishevë
30,3001A,SALIH MORINA,78,LDK - LIDHJA DEMOKRATIKE E KOSOVËS,161,Malishevë
30,3008A,RAGIP BEGAJ,109,INICIATIVA QYTETARE PËR MALISHEVËN,734,Malishevë
30,3008A,SALIH MORINA,78,LDK - LIDHJA DEMOKRATIKE E KOSOVËS,262,Malishevë
30,3012A,RAGIP BEGAJ,109,INICIATIVA QYTETARE PËR MALISHEVËN,285,Malishevë
30,3012A,SALIH MORINA,78,LDK - LIDHJA DEMOKRATIKE E KOSOVËS,87,Malishevë
30,3013A,RAGIP BEGAJ,109,INICIATIVA QYTETARE PËR MALISHEVËN,280,Malishevë
30,3013A,SALIH MORINA,78,LDK - LIDHJA DEMOKRATIKE E KOSOVËS,171,Malishevë
30,3014A,RAGIP BEGAJ,109,INICIATIVA QYTETARE PËR MALISHEVËN,168,Malishevë
30,3014A,SALIH MORINA,78,LDK - LIDHJA DEMOKRATIKE E KOSOVËS,21,Malishevë
30,3016A,RAGIP BEGAJ,109,INICIATIVA QYTETARE PËR MALISHEVËN,928,Malishevë
30,3016A,SALIH MORINA,78,LDK - LIDHJA DEMOKRATIKE E KOSOVËS,624,Malishevë
30,3017A,RAGIP BEGAJ,109,INICIATIVA QYTETARE PËR MALISHEVËN,381,Malishevë
30,3017A,SALIH MORINA,78,LDK - LIDHJA DEMOKRATIKE E KOSOVËS,259,Malishevë
30,3018A,RAGIP BEGAJ,109,INICIATIVA QYTETARE PËR MALISHEVËN,450,Malishevë
30,3018A,SALIH MORINA,78,LDK - LIDHJA DEMOKRATIKE E KOSOVËS,368,Malishevë
30,3019A,RAGIP BEGAJ,109,INICIATIVA QYTETARE PËR MALISHEVËN,374,Malishevë
30,3019A,SALIH MORINA,78,LDK - LIDHJA DEMOKRATIKE E KOSOVËS,276,Malishevë
30,3020A,RAGIP BEGAJ,109,INICIATIVA QYTETARE PËR MALISHEVËN,79,Malishevë
30,3020A,SALIH MORINA,78,LDK - LIDHJA DEMOKRATIKE E KOSOVËS,419,Malishevë
30,3028A,RAGIP BEGAJ,109,INICIATIVA QYTETARE PËR MALISHEVËN,461,Malishevë
30,3028A,SALIH MORINA,78,LDK - LIDHJA DEMOKRATIKE E KOSOVËS,416,Malishevë
30,3029A,RAGIP BEGAJ,109,INICIATIVA QYTETARE PËR MALISHEVËN,358,Malishevë
30,3029A,SALIH MORINA,78,LDK - LIDHJA DEMOKRATIKE E KOSOVËS,226,Malishevë
30,3030A,RAGIP BEGAJ,109,INICIATIVA QYTETARE PËR MALISHEVËN,327,Malishevë
30,3030A,SALIH MORINA,78,LDK - LIDHJA DEMOKRATIKE E KOSOVËS,114,Malishevë
30,3031A,RAGIP BEGAJ,109,INICIATIVA QYTETARE PËR MALISHEVËN,258,Malishevë
30,3031A,SALIH MORINA,78,LDK - LIDHJA DEMOKRATIKE E KOSOVËS,100,Malishevë
30,3032A,RAGIP BEGAJ,109,INICIATIVA QYTETARE PËR MALISHEVËN,1217,Malishevë
30,3032A,SALIH MORINA,78,LDK - LIDHJA DEMOKRATIKE E KOSOVËS,258,Malishevë
30,3033A,RAGIP BEGAJ,109,INICIATIVA QYTETARE PËR MALISHEVËN,294,Malishevë
30,3033A,SALIH MORINA,78,LDK - LIDHJA DEMOKRATIKE E KOSOVËS,111,Malishevë
30,3034A,RAGIP BEGAJ,109,INICIATIVA QYTETARE PËR MALISHEVËN,158,Malishevë
30,3034A,SALIH MORINA,78,LDK - LIDHJA DEMOKRATIKE E KOSOVËS,187,Malishevë
30,3035A,RAGIP BEGAJ,109,INICIATIVA QYTETARE PËR MALISHEVËN,333,Malishevë
30,3035A,SALIH MORINA,78,LDK - LIDHJA DEMOKRATIKE E KOSOVËS,91,Malishevë
30,3036A,RAGIP BEGAJ,109,INICIATIVA QYTETARE PËR MALISHEVËN,468,Malishevë
30,3036A,SALIH MORINA,78,LDK - LIDHJA DEMOKRATIKE E KOSOVËS,178,Malishevë
30,3037A,RAGIP BEGAJ,109,INICIATIVA QYTETARE PËR MALISHEVËN,243,Malishevë
30,3037A,SALIH MORINA,78,LDK - LIDHJA DEMOKRATIKE E KOSOVËS,95,Malishevë
30,3038A,RAGIP BEGAJ,109,INICIATIVA QYTETARE PËR MALISHEVËN,276,Malishevë
30,3038A,SALIH MORINA,78,LDK - LIDHJA DEMOKRATIKE E KOSOVËS,101,Malishevë
30,3039A,RAGIP BEGAJ,109,INICIATIVA QYTETARE PËR MALISHEVËN,175,Malishevë
30,3039A,SALIH MORINA,78,LDK - LIDHJA DEMOKRATIKE E KOSOVËS,166,Malishevë
30,3040A,RAGIP BEGAJ,109,INICIATIVA QYTETARE PËR MALISHEVËN,371,Malishevë
30,3040A,SALIH MORINA,78,LDK - LIDHJA DEMOKRATIKE E KOSOVËS,170,Malishevë
30,3041A,RAGIP BEGAJ,109,INICIATIVA QYTETARE PËR MALISHEVËN,253,Malishevë
30,3041A,SALIH MORINA,78,LDK - LIDHJA DEMOKRATIKE E KOSOVËS,75,Malishevë
30,3042A,RAGIP BEGAJ,109,INICIATIVA QYTETARE PËR MALISHEVËN,403,Malishevë
30,3042A,SALIH MORINA,78,LDK - LIDHJA DEMOKRATIKE E KOSOVËS,179,Malishevë
30,3043A,RAGIP BEGAJ,109,INICIATIVA QYTETARE PËR MALISHEVËN,335,Malishevë
30,3043A,SALIH MORINA,78,LDK - LIDHJA DEMOKRATIKE E KOSOVËS,76,Malishevë
30,3044A,RAGIP BEGAJ,109,INICIATIVA QYTETARE PËR MALISHEVËN,107,Malishevë
30,3044A,SALIH MORINA,78,LDK - LIDHJA DEMOKRATIKE E KOSOVËS,66,Malishevë
30,3045A,RAGIP BEGAJ,109,INICIATIVA QYTETARE PËR MALISHEVËN,281,Malishevë
30,3045A,SALIH MORINA,78,LDK - LIDHJA DEMOKRATIKE E KOSOVËS,90,Malishevë
30,3046A,RAGIP BEGAJ,109,INICIATIVA QYTETARE PËR MALISHEVËN,298,Malishevë
30,3046A,SALIH MORINA,78,LDK - LIDHJA DEMOKRATIKE E KOSOVËS,311,Malishevë
30,3047A,RAGIP BEGAJ,109,INICIATIVA QYTETARE PËR MALISHEVËN,300,Malishevë
30,3047A,SALIH MORINA,78,LDK - LIDHJA DEMOKRATIKE E KOSOVËS,87,Malishevë
30,3048A,RAGIP BEGAJ,109,INICIATIVA QYTETARE PËR MALISHEVËN,190,Malishevë
30,3048A,SALIH MORINA,78,LDK - LIDHJA DEMOKRATIKE E KOSOVËS,79,Malishevë
30,3049A,RAGIP BEGAJ,109,INICIATIVA QYTETARE PËR MALISHEVËN,224,Malishevë
30,3049A,SALIH MORINA,78,LDK - LIDHJA DEMOKRATIKE E KOSOVËS,32,Malishevë
30,3050A,RAGIP BEGAJ,109,INICIATIVA QYTETARE PËR MALISHEVËN,260,Malishevë
30,3050A,SALIH MORINA,78,LDK - LIDHJA DEMOKRATIKE E KOSOVËS,100,Malishevë
30,3051A,RAGIP BEGAJ,109,INICIATIVA QYTETARE PËR MALISHEVËN,118,Malishevë
30,3051A,SALIH MORINA,78,LDK - LIDHJA DEMOKRATIKE E KOSOVËS,133,Malishevë
30,3052A,RAGIP BEGAJ,109,INICIATIVA QYTETARE PËR MALISHEVËN,285,Malishevë
30,3052A,SALIH MORINA,78,LDK - LIDHJA DEMOKRATIKE E KOSOVËS,150,Malishevë
31,3101C,AGRON KUÇI,62,AAK-LDD ALEANCA PËR ARDHMËRINË E KOSOVËS LDD,1406,Junik
31,3101C,ZENUN SHALA,78,LDK - LIDHJA DEMOKRATIKE E KOSOVËS,848,Junik
34,3401E,BOJAN STOJANOVIĆ,108,SAVEZ KOSOVSKIH SRBA,1372,Graçanicë
34,3401E,BRANIMIR STOJANOVIĆ,126,G.I.SRPSKA,2088,Graçanicë
34,3402E,BOJAN STOJANOVIĆ,108,SAVEZ KOSOVSKIH SRBA,438,Graçanicë
34,3402E,BRANIMIR STOJANOVIĆ,126,G.I.SRPSKA,884,Graçanicë
34,3403E,BOJAN STOJANOVIĆ,108,SAVEZ KOSOVSKIH SRBA,105,Graçanicë
34,3403E,BRANIMIR STOJANOVIĆ,126,G.I.SRPSKA,111,Graçanicë
34,3404E,BOJAN STOJANOVIĆ,108,SAVEZ KOSOVSKIH SRBA,234,Graçanicë
34,3404E,BRANIMIR STOJANOVIĆ,126,G.I.SRPSKA,269,Graçanicë
34,3405E,BOJAN STOJANOVIĆ,108,SAVEZ KOSOVSKIH SRBA,1054,Graçanicë
34,3405E,BRANIMIR STOJANOVIĆ,126,G.I.SRPSKA,1146,Graçanicë
34,3406E,BOJAN STOJANOVIĆ,108,SAVEZ KOSOVSKIH SRBA,369,Graçanicë
34,3406E,BRANIMIR STOJANOVIĆ,126,G.I.SRPSKA,422,Graçanicë
34,3412E,BOJAN STOJANOVIĆ,108,SAVEZ KOSOVSKIH SRBA,0,Graçanicë
34,3412E,BRANIMIR STOJANOVIĆ,126,G.I.SRPSKA,10,Graçanicë
34,3413E,BOJAN STOJANOVIĆ,108,SAVEZ KOSOVSKIH SRBA,7,Graçanicë
34,3413E,BRANIMIR STOJANOVIĆ,126,G.I.SRPSKA,16,Graçanicë
34,3414E,BOJAN STOJANOVIĆ,108,SAVEZ KOSOVSKIH SRBA,103,Graçanicë
34,3414E,BRANIMIR STOJANOVIĆ,126,G.I.SRPSKA,327,Graçanicë
34,3415E,BOJAN STOJANOVIĆ,108,SAVEZ KOSOVSKIH SRBA,36,Graçanicë
34,3415E,BRANIMIR STOJANOVIĆ,126,G.I.SRPSKA,5,Graçanicë
35,3501D,GRADIMIR MIKIĆ,126,G.I.SRPSKA,740,Ranillug
35,3501D,MILAN ARITONOVIĆ,134,SRPSKA NARODNA PARTIJA KOSOVA - SNPK,483,Ranillug
35,3502D,GRADIMIR MIKIĆ,126,G.I.SRPSKA,428,Ranillug
35,3502D,MILAN ARITONOVIĆ,134,SRPSKA NARODNA PARTIJA KOSOVA - SNPK,501,Ranillug
35,3503D,GRADIMIR MIKIĆ,126,G.I.SRPSKA,83,Ranillug
35,3503D,MILAN ARITONOVIĆ,134,SRPSKA NARODNA PARTIJA KOSOVA - SNPK,123,Ranillug
35,3504D,GRADIMIR MIKIĆ,126,G.I.SRPSKA,334,Ranillug
35,3504D,MILAN ARITONOVIĆ,134,SRPSKA NARODNA PARTIJA KOSOVA - SNPK,356,Ranillug
36,3601D,DRAGAN NIKOLIĆ,126,G.I.SRPSKA,369,Partesh
36,3601D,NENAD CVETKOVIĆ,130,Samostalna Liberalna Stranka - SLS,238,Partesh
36,3602D,DRAGAN NIKOLIĆ,126,G.I.SRPSKA,375,Partesh
36,3602D,NENAD CVETKOVIĆ,130,Samostalna Liberalna Stranka - SLS,424,Partesh
36,3603D,DRAGAN NIKOLIĆ,126,G.I.SRPSKA,654,Partesh
36,3603D,NENAD CVETKOVIĆ,130,Samostalna Liberalna Stranka - SLS,610,Partesh
37,3701D,SAŠA MIRKOVIĆ,130,Samostalna Liberalna Stranka - SLS,262,Kllokot
37,3701D,SREĆKO SPASIĆ,126,G.I.SRPSKA,399,Kllokot
37,3702D,SAŠA MIRKOVIĆ,130,Samostalna Liberalna Stranka - SLS,73,Kllokot
37,3702D,SREĆKO SPASIĆ,126,G.I.SRPSKA,159,Kllokot
37,3703D,SAŠA MIRKOVIĆ,130,Samostalna Liberalna Stranka - SLS,232,Kllokot
37,3703D,SREĆKO SPASIĆ,126,G.I.SRPSKA,378,Kllokot
37,3704D,SAŠA MIRKOVIĆ,130,Samostalna Liberalna Stranka - SLS,249,Kllokot
37,3704D,SREĆKO SPASIĆ,126,G.I.SRPSKA,80,Kllokot
37,3705D,SAŠA MIRKOVIĆ,130,Samostalna Liberalna Stranka - SLS,38,Kllokot
37,3705D,SREĆKO SPASIĆ,126,G.I.SRPSKA,3,Kllokot
38,3801B,KRSTIMIR PANTIĆ,126,G.I.SRPSKA,8,Mitrovicë e Veriut
38,3801B,OLIVER IVANOVIĆ,41,GI SDP - OLIVER IVANOVIC,11,Mitrovicë e Veriut
38,3802B,KRSTIMIR PANTIĆ,126,G.I.SRPSKA,25,Mitrovicë e Veriut
38,3802B,OLIVER IVANOVIĆ,41,GI SDP - OLIVER IVANOVIC,126,Mitrovicë e Veriut
38,3803B,KRSTIMIR PANTIĆ,126,G.I.SRPSKA,11,Mitrovicë e Veriut
38,3803B,OLIVER IVANOVIĆ,41,GI SDP - OLIVER IVANOVIC,36,Mitrovicë e Veriut
38,3804B,KRSTIMIR PANTIĆ,126,G.I.SRPSKA,61,Mitrovicë e Veriut
38,3804B,OLIVER IVANOVIĆ,41,GI SDP - OLIVER IVANOVIC,34,Mitrovicë e Veriut
38,3805B,KRSTIMIR PANTIĆ,126,G.I.SRPSKA,1270,Mitrovicë e Veriut
38,3805B,OLIVER IVANOVIĆ,41,GI SDP - OLIVER IVANOVIC,1026,Mitrovicë e Veriut
38,3805X,KRSTIMIR PANTIĆ,126,G.I.SRPSKA,771,Mitrovicë e Veriut
38,3805X,OLIVER IVANOVIĆ,41,GI SDP - OLIVER IVANOVIC,582,Mitrovicë e Veriut
38,3806B,KRSTIMIR PANTIĆ,126,G.I.SRPSKA,105,Mitrovicë e Veriut
38,3806B,OLIVER IVANOVIĆ,41,GI SDP - OLIVER IVANOVIC,72,Mitrovicë e Veriut
4,0401D,LUTFI HAZIRI,78,LDK - LIDHJA DEMOKRATIKE E KOSOVËS,3961,Gjilan
4,0401D,QEMAJL MUSTAFA,99,PDK - PARTIA DEMOKRATIKE E KOSOVËS,2348,Gjilan
4,0401X,LUTFI HAZIRI,78,LDK - LIDHJA DEMOKRATIKE E KOSOVËS,3982,Gjilan
4,0401X,QEMAJL MUSTAFA,99,PDK - PARTIA DEMOKRATIKE E KOSOVËS,2393,Gjilan
4,0402D,LUTFI HAZIRI,78,LDK - LIDHJA DEMOKRATIKE E KOSOVËS,2332,Gjilan
4,0402D,QEMAJL MUSTAFA,99,PDK - PARTIA DEMOKRATIKE E KOSOVËS,1208,Gjilan
4,0402X,LUTFI HAZIRI,78,LDK - LIDHJA DEMOKRATIKE E KOSOVËS,2220,Gjilan
4,0402X,QEMAJL MUSTAFA,99,PDK - PARTIA DEMOKRATIKE E KOSOVËS,1201,Gjilan
4,0403D,LUTFI HAZIRI,78,LDK - LIDHJA DEMOKRATIKE E KOSOVËS,1681,Gjilan
4,0403D,QEMAJL MUSTAFA,99,PDK - PARTIA DEMOKRATIKE E KOSOVËS,946,Gjilan
4,0403X,LUTFI HAZIRI,78,LDK - LIDHJA DEMOKRATIKE E KOSOVËS,1784,Gjilan
4,0403X,QEMAJL MUSTAFA,99,PDK - PARTIA DEMOKRATIKE E KOSOVËS,847,Gjilan
4,0404D,LUTFI HAZIRI,78,LDK - LIDHJA DEMOKRATIKE E KOSOVËS,1001,Gjilan
4,0404D,QEMAJL MUSTAFA,99,PDK - PARTIA DEMOKRATIKE E KOSOVËS,800,Gjilan
4,0405D,LUTFI HAZIRI,78,LDK - LIDHJA DEMOKRATIKE E KOSOVËS,196,Gjilan
4,0405D,QEMAJL MUSTAFA,99,PDK - PARTIA DEMOKRATIKE E KOSOVËS,252,Gjilan
4,0406D,LUTFI HAZIRI,78,LDK - LIDHJA DEMOKRATIKE E KOSOVËS,840,Gjilan
4,0406D,QEMAJL MUSTAFA,99,PDK - PARTIA DEMOKRATIKE E KOSOVËS,624,Gjilan
4,0407D,LUTFI HAZIRI,78,LDK - LIDHJA DEMOKRATIKE E KOSOVËS,681,Gjilan
4,0407D,QEMAJL MUSTAFA,99,PDK - PARTIA DEMOKRATIKE E KOSOVËS,939,Gjilan
4,0408D,LUTFI HAZIRI,78,LDK - LIDHJA DEMOKRATIKE E KOSOVËS,488,Gjilan
4,0408D,QEMAJL MUSTAFA,99,PDK - PARTIA DEMOKRATIKE E KOSOVËS,288,Gjilan
4,0409D,LUTFI HAZIRI,78,LDK - LIDHJA DEMOKRATIKE E KOSOVËS,1308,Gjilan
4,0409D,QEMAJL MUSTAFA,99,PDK - PARTIA DEMOKRATIKE E KOSOVËS,869,Gjilan
4,0410D,LUTFI HAZIRI,78,LDK - LIDHJA DEMOKRATIKE E KOSOVËS,656,Gjilan
4,0410D,QEMAJL MUSTAFA,99,PDK - PARTIA DEMOKRATIKE E KOSOVËS,583,Gjilan
4,0412D,LUTFI HAZIRI,78,LDK - LIDHJA DEMOKRATIKE E KOSOVËS,50,Gjilan
4,0412D,QEMAJL MUSTAFA,99,PDK - PARTIA DEMOKRATIKE E KOSOVËS,8,Gjilan
4,0415D,LUTFI HAZIRI,78,LDK - LIDHJA DEMOKRATIKE E KOSOVËS,308,Gjilan
4,0415D,QEMAJL MUSTAFA,99,PDK - PARTIA DEMOKRATIKE E KOSOVËS,59,Gjilan
4,0420D,LUTFI HAZIRI,78,LDK - LIDHJA DEMOKRATIKE E KOSOVËS,64,Gjilan
4,0420D,QEMAJL MUSTAFA,99,PDK - PARTIA DEMOKRATIKE E KOSOVËS,27,Gjilan
4,0422D,LUTFI HAZIRI,78,LDK - LIDHJA DEMOKRATIKE E KOSOVËS,70,Gjilan
4,0422D,QEMAJL MUSTAFA,99,PDK - PARTIA DEMOKRATIKE E KOSOVËS,25,Gjilan
4,0423D,LUTFI HAZIRI,78,LDK - LIDHJA DEMOKRATIKE E KOSOVËS,631,Gjilan
4,0423D,QEMAJL MUSTAFA,99,PDK - PARTIA DEMOKRATIKE E KOSOVËS,763,Gjilan
4,0428D,LUTFI HAZIRI,78,LDK - LIDHJA DEMOKRATIKE E KOSOVËS,55,Gjilan
4,0428D,QEMAJL MUSTAFA,99,PDK - PARTIA DEMOKRATIKE E KOSOVËS,42,Gjilan
4,0429D,LUTFI HAZIRI,78,LDK - LIDHJA DEMOKRATIKE E KOSOVËS,425,Gjilan
4,0429D,QEMAJL MUSTAFA,99,PDK - PARTIA DEMOKRATIKE E KOSOVËS,358,Gjilan
4,0430D,LUTFI HAZIRI,78,LDK - LIDHJA DEMOKRATIKE E KOSOVËS,492,Gjilan
4,0430D,QEMAJL MUSTAFA,99,PDK - PARTIA DEMOKRATIKE E KOSOVËS,389,Gjilan
4,0434D,LUTFI HAZIRI,78,LDK - LIDHJA DEMOKRATIKE E KOSOVËS,22,Gjilan
4,0434D,QEMAJL MUSTAFA,99,PDK - PARTIA DEMOKRATIKE E KOSOVËS,3,Gjilan
4,0437D,LUTFI HAZIRI,78,LDK - LIDHJA DEMOKRATIKE E KOSOVËS,471,Gjilan
4,0437D,QEMAJL MUSTAFA,99,PDK - PARTIA DEMOKRATIKE E KOSOVËS,401,Gjilan
4,0438D,LUTFI HAZIRI,78,LDK - LIDHJA DEMOKRATIKE E KOSOVËS,160,Gjilan
4,0438D,QEMAJL MUSTAFA,99,PDK - PARTIA DEMOKRATIKE E KOSOVËS,169,Gjilan
4,0439D,LUTFI HAZIRI,78,LDK - LIDHJA DEMOKRATIKE E KOSOVËS,461,Gjilan
4,0439D,QEMAJL MUSTAFA,99,PDK - PARTIA DEMOKRATIKE E KOSOVËS,414,Gjilan
4,0440D,LUTFI HAZIRI,78,LDK - LIDHJA DEMOKRATIKE E KOSOVËS,262,Gjilan
4,0440D,QEMAJL MUSTAFA,99,PDK - PARTIA DEMOKRATIKE E KOSOVËS,201,Gjilan
4,0441D,LUTFI HAZIRI,78,LDK - LIDHJA DEMOKRATIKE E KOSOVËS,271,Gjilan
4,0441D,QEMAJL MUSTAFA,99,PDK - PARTIA DEMOKRATIKE E KOSOVËS,297,Gjilan
4,0442D,LUTFI HAZIRI,78,LDK - LIDHJA DEMOKRATIKE E KOSOVËS,150,Gjilan
4,0442D,QEMAJL MUSTAFA,99,PDK - PARTIA DEMOKRATIKE E KOSOVËS,213,Gjilan
4,0443D,LUTFI HAZIRI,78,LDK - LIDHJA DEMOKRATIKE E KOSOVËS,106,Gjilan
4,0443D,QEMAJL MUSTAFA,99,PDK - PARTIA DEMOKRATIKE E KOSOVËS,89,Gjilan
4,0444D,LUTFI HAZIRI,78,LDK - LIDHJA DEMOKRATIKE E KOSOVËS,105,Gjilan
4,0444D,QEMAJL MUSTAFA,99,PDK - PARTIA DEMOKRATIKE E KOSOVËS,81,Gjilan
4,0445D,LUTFI HAZIRI,78,LDK - LIDHJA DEMOKRATIKE E KOSOVËS,105,Gjilan
4,0445D,QEMAJL MUSTAFA,99,PDK - PARTIA DEMOKRATIKE E KOSOVËS,61,Gjilan
4,0446D,LUTFI HAZIRI,78,LDK - LIDHJA DEMOKRATIKE E KOSOVËS,133,Gjilan
4,0446D,QEMAJL MUSTAFA,99,PDK - PARTIA DEMOKRATIKE E KOSOVËS,33,Gjilan
4,0447D,LUTFI HAZIRI,78,LDK - LIDHJA DEMOKRATIKE E KOSOVËS,76,Gjilan
4,0447D,QEMAJL MUSTAFA,99,PDK - PARTIA DEMOKRATIKE E KOSOVËS,63,Gjilan
5,0501A,FATMIR MEHMETI,78,LDK - LIDHJA DEMOKRATIKE E KOSOVËS,166,Dragash
5,0501A,SALIM JENUZI,99,PDK - PARTIA DEMOKRATIKE E KOSOVËS,275,Dragash
5,0501X,FATMIR MEHMETI,78,LDK - LIDHJA DEMOKRATIKE E KOSOVËS,126,Dragash
5,0501X,SALIM JENUZI,99,PDK - PARTIA DEMOKRATIKE E KOSOVËS,273,Dragash
5,0502A,FATMIR MEHMETI,78,LDK - LIDHJA DEMOKRATIKE E KOSOVËS,37,Dragash
5,0502A,SALIM JENUZI,99,PDK - PARTIA DEMOKRATIKE E KOSOVËS,307,Dragash
5,0503A,FATMIR MEHMETI,78,LDK - LIDHJA DEMOKRATIKE E KOSOVËS,39,Dragash
5,0503A,SALIM JENUZI,99,PDK - PARTIA DEMOKRATIKE E KOSOVËS,481,Dragash
5,0504A,FATMIR MEHMETI,78,LDK - LIDHJA DEMOKRATIKE E KOSOVËS,26,Dragash
5,0504A,SALIM JENUZI,99,PDK - PARTIA DEMOKRATIKE E KOSOVËS,146,Dragash
5,0505A,FATMIR MEHMETI,78,LDK - LIDHJA DEMOKRATIKE E KOSOVËS,51,Dragash
5,0505A,SALIM JENUZI,99,PDK - PARTIA DEMOKRATIKE E KOSOVËS,169,Dragash
5,0506A,FATMIR MEHMETI,78,LDK - LIDHJA DEMOKRATIKE E KOSOVËS,235,Dragash
5,0506A,SALIM JENUZI,99,PDK - PARTIA DEMOKRATIKE E KOSOVËS,387,Dragash
5,0507A,FATMIR MEHMETI,78,LDK - LIDHJA DEMOKRATIKE E KOSOVËS,832,Dragash
5,0507A,SALIM JENUZI,99,PDK - PARTIA DEMOKRATIKE E KOSOVËS,785,Dragash
5,0508A,FATMIR MEHMETI,78,LDK - LIDHJA DEMOKRATIKE E KOSOVËS,317,Dragash
5,0508A,SALIM JENUZI,99,PDK - PARTIA DEMOKRATIKE E KOSOVËS,371,Dragash
5,0509A,FATMIR MEHMETI,78,LDK - LIDHJA DEMOKRATIKE E KOSOVËS,320,Dragash
5,0509A,SALIM JENUZI,99,PDK - PARTIA DEMOKRATIKE E KOSOVËS,351,Dragash
5,0510A,FATMIR MEHMETI,78,LDK - LIDHJA DEMOKRATIKE E KOSOVËS,523,Dragash
5,0510A,SALIM JENUZI,99,PDK - PARTIA DEMOKRATIKE E KOSOVËS,432,Dragash
5,0511A,FATMIR MEHMETI,78,LDK - LIDHJA DEMOKRATIKE E KOSOVËS,191,Dragash
5,0511A,SALIM JENUZI,99,PDK - PARTIA DEMOKRATIKE E KOSOVËS,293,Dragash
5,0512A,FATMIR MEHMETI,78,LDK - LIDHJA DEMOKRATIKE E KOSOVËS,83,Dragash
5,0512A,SALIM JENUZI,99,PDK - PARTIA DEMOKRATIKE E KOSOVËS,334,Dragash
5,0513A,FATMIR MEHMETI,78,LDK - LIDHJA DEMOKRATIKE E KOSOVËS,162,Dragash
5,0513A,SALIM JENUZI,99,PDK - PARTIA DEMOKRATIKE E KOSOVËS,216,Dragash
5,0514A,FATMIR MEHMETI,78,LDK - LIDHJA DEMOKRATIKE E KOSOVËS,6,Dragash
5,0514A,SALIM JENUZI,99,PDK - PARTIA DEMOKRATIKE E KOSOVËS,36,Dragash
5,0515A,FATMIR MEHMETI,78,LDK - LIDHJA DEMOKRATIKE E KOSOVËS,88,Dragash
5,0515A,SALIM JENUZI,99,PDK - PARTIA DEMOKRATIKE E KOSOVËS,108,Dragash
5,0516A,FATMIR MEHMETI,78,LDK - LIDHJA DEMOKRATIKE E KOSOVËS,9,Dragash
5,0516A,SALIM JENUZI,99,PDK - PARTIA DEMOKRATIKE E KOSOVËS,175,Dragash
5,0517A,FATMIR MEHMETI,78,LDK - LIDHJA DEMOKRATIKE E KOSOVËS,18,Dragash
5,0517A,SALIM JENUZI,99,PDK - PARTIA DEMOKRATIKE E KOSOVËS,61,Dragash
5,0518A,FATMIR MEHMETI,78,LDK - LIDHJA DEMOKRATIKE E KOSOVËS,185,Dragash
5,0518A,SALIM JENUZI,99,PDK - PARTIA DEMOKRATIKE E KOSOVËS,238,Dragash
5,0519A,FATMIR MEHMETI,78,LDK - LIDHJA DEMOKRATIKE E KOSOVËS,35,Dragash
5,0519A,SALIM JENUZI,99,PDK - PARTIA DEMOKRATIKE E KOSOVËS,60,Dragash
5,0520A,FATMIR MEHMETI,78,LDK - LIDHJA DEMOKRATIKE E KOSOVËS,17,Dragash
5,0520A,SALIM JENUZI,99,PDK - PARTIA DEMOKRATIKE E KOSOVËS,152,Dragash
5,0521A,FATMIR MEHMETI,78,LDK - LIDHJA DEMOKRATIKE E KOSOVËS,30,Dragash
5,0521A,SALIM JENUZI,99,PDK - PARTIA DEMOKRATIKE E KOSOVËS,81,Dragash
5,0522A,FATMIR MEHMETI,78,LDK - LIDHJA DEMOKRATIKE E KOSOVËS,138,Dragash
5,0522A,SALIM JENUZI,99,PDK - PARTIA DEMOKRATIKE E KOSOVËS,131,Dragash
5,0523A,FATMIR MEHMETI,78,LDK - LIDHJA DEMOKRATIKE E KOSOVËS,370,Dragash
5,0523A,SALIM JENUZI,99,PDK - PARTIA DEMOKRATIKE E KOSOVËS,212,Dragash
5,0524A,FATMIR MEHMETI,78,LDK - LIDHJA DEMOKRATIKE E KOSOVËS,222,Dragash
5,0524A,SALIM JENUZI,99,PDK - PARTIA DEMOKRATIKE E KOSOVËS,301,Dragash
5,0525A,FATMIR MEHMETI,78,LDK - LIDHJA DEMOKRATIKE E KOSOVËS,6,Dragash
5,0525A,SALIM JENUZI,99,PDK - PARTIA DEMOKRATIKE E KOSOVËS,69,Dragash
5,0526A,FATMIR MEHMETI,78,LDK - LIDHJA DEMOKRATIKE E KOSOVËS,102,Dragash
5,0526A,SALIM JENUZI,99,PDK - PARTIA DEMOKRATIKE E KOSOVËS,161,Dragash
5,0527A,FATMIR MEHMETI,78,LDK - LIDHJA DEMOKRATIKE E KOSOVËS,4,Dragash
5,0527A,SALIM JENUZI,99,PDK - PARTIA DEMOKRATIKE E KOSOVËS,118,Dragash
5,0528A,FATMIR MEHMETI,78,LDK - LIDHJA DEMOKRATIKE E KOSOVËS,92,Dragash
5,0528A,SALIM JENUZI,99,PDK - PARTIA DEMOKRATIKE E KOSOVËS,96,Dragash
5,0529A,FATMIR MEHMETI,78,LDK - LIDHJA DEMOKRATIKE E KOSOVËS,4,Dragash
5,0529A,SALIM JENUZI,99,PDK - PARTIA DEMOKRATIKE E KOSOVËS,14,Dragash
5,0530A,FATMIR MEHMETI,78,LDK - LIDHJA DEMOKRATIKE E KOSOVËS,3,Dragash
5,0530A,SALIM JENUZI,99,PDK - PARTIA DEMOKRATIKE E KOSOVËS,31,Dragash
8,0801C,ENVER BERISHA,62,AAK-LDD ALEANCA PËR ARDHMËRINË E KOSOVËS LDD,450,Klinë
8,0801C,SOKOL BASHOTA,99,PDK - PARTIA DEMOKRATIKE E KOSOVËS,1313,Klinë
8,0802C,ENVER BERISHA,62,AAK-LDD ALEANCA PËR ARDHMËRINË E KOSOVËS LDD,218,Klinë
8,0802C,SOKOL BASHOTA,99,PDK - PARTIA DEMOKRATIKE E KOSOVËS,286,Klinë
8,0803C,ENVER BERISHA,62,AAK-LDD ALEANCA PËR ARDHMËRINË E KOSOVËS LDD,141,Klinë
8,0803C,SOKOL BASHOTA,99,PDK - PARTIA DEMOKRATIKE E KOSOVËS,563,Klinë
8,0804C,ENVER BERISHA,62,AAK-LDD ALEANCA PËR ARDHMËRINË E KOSOVËS LDD,255,Klinë
8,0804C,SOKOL BASHOTA,99,PDK - PARTIA DEMOKRATIKE E KOSOVËS,408,Klinë
8,0805C,ENVER BERISHA,62,AAK-LDD ALEANCA PËR ARDHMËRINË E KOSOVËS LDD,157,Klinë
8,0805C,SOKOL BASHOTA,99,PDK - PARTIA DEMOKRATIKE E KOSOVËS,510,Klinë
8,0806C,ENVER BERISHA,62,AAK-LDD ALEANCA PËR ARDHMËRINË E KOSOVËS LDD,175,Klinë
8,0806C,SOKOL BASHOTA,99,PDK - PARTIA DEMOKRATIKE E KOSOVËS,229,Klinë
8,0807C,ENVER BERISHA,62,AAK-LDD ALEANCA PËR ARDHMËRINË E KOSOVËS LDD,89,Klinë
8,0807C,SOKOL BASHOTA,99,PDK - PARTIA DEMOKRATIKE E KOSOVËS,738,Klinë
8,0808C,ENVER BERISHA,62,AAK-LDD ALEANCA PËR ARDHMËRINË E KOSOVËS LDD,158,Klinë
8,0808C,SOKOL BASHOTA,99,PDK - PARTIA DEMOKRATIKE E KOSOVËS,739,Klinë
8,0809C,ENVER BERISHA,62,AAK-LDD ALEANCA PËR ARDHMËRINË E KOSOVËS LDD,42,Klinë
8,0809C,SOKOL BASHOTA,99,PDK - PARTIA DEMOKRATIKE E KOSOVËS,221,Klinë
8,0811C,ENVER BERISHA,62,AAK-LDD ALEANCA PËR ARDHMËRINË E KOSOVËS LDD,158,Klinë
8,0811C,SOKOL BASHOTA,99,PDK - PARTIA DEMOKRATIKE E KOSOVËS,237,Klinë
8,0813C,ENVER BERISHA,62,AAK-LDD ALEANCA PËR ARDHMËRINË E KOSOVËS LDD,0,Klinë
8,0813C,SOKOL BASHOTA,99,PDK - PARTIA DEMOKRATIKE E KOSOVËS,12,Klinë
8,0814C,ENVER BERISHA,62,AAK-LDD ALEANCA PËR ARDHMËRINË E KOSOVËS LDD,95,Klinë
8,0814C,SOKOL BASHOTA,99,PDK - PARTIA DEMOKRATIKE E KOSOVËS,353,Klinë
8,0815C,ENVER BERISHA,62,AAK-LDD ALEANCA PËR ARDHMËRINË E KOSOVËS LDD,43,Klinë
8,0815C,SOKOL BASHOTA,99,PDK - PARTIA DEMOKRATIKE E KOSOVËS,599,Klinë
8,0816C,ENVER BERISHA,62,AAK-LDD ALEANCA PËR ARDHMËRINË E KOSOVËS LDD,53,Klinë
8,0816C,SOKOL BASHOTA,99,PDK - PARTIA DEMOKRATIKE E KOSOVËS,210,Klinë
8,0817C,ENVER BERISHA,62,AAK-LDD ALEANCA PËR ARDHMËRINË E KOSOVËS LDD,154,Klinë
8,0817C,SOKOL BASHOTA,99,PDK - PARTIA DEMOKRATIKE E KOSOVËS,153,Klinë
8,0818C,ENVER BERISHA,62,AAK-LDD ALEANCA PËR ARDHMËRINË E KOSOVËS LDD,45,Klinë
8,0818C,SOKOL BASHOTA,99,PDK - PARTIA DEMOKRATIKE E KOSOVËS,169,Klinë
8,0819C,ENVER BERISHA,62,AAK-LDD ALEANCA PËR ARDHMËRINË E KOSOVËS LDD,2,Klinë
8,0819C,SOKOL BASHOTA,99,PDK - PARTIA DEMOKRATIKE E KOSOVËS,58,Klinë
