Candidate,Gender,Party_ID,Party,Acronym,Votes
ABDELNASER ÇUNI,M,19,FJALA,,424
ABDIRAMAN ZULJI,M,22,NOVA DEMOKRATSKA STRANKA,,157
ABDÜLHADİ KRASNİÇ,M,16,KOSOVA DEMOKRATİK TÜRK PARTİSİ,,1082
ABDYL SALIHU,M,2,Partia Demokratike e Kosovës Aleanca për Ardhmërinë e Kosovës Nisma për Kosovën Partia e Drejtësisë Lëvizja për Bashkim Partia Shqiptare Demokristiane e Kosovës Partia Konservatore e Kosovës Alternativa Demokratike e Kosovës Republikanët e Kosovës Partia e Ballit Partia Socialdemokrate Balli Kombëtar i Kosovës,,11464
ABDYL YMERI,M,2,Partia Demokratike e Kosovës Aleanca për Ardhmërinë e Kosovës Nisma për Kosovën Partia e Drejtësisë Lëvizja për Bashkim Partia Shqiptare Demokristiane e Kosovës Partia Konservatore e Kosovës Alternativa Demokratike e Kosovës Republikanët e Kosovës Partia e Ballit Partia Socialdemokrate Balli Kombëtar i Kosovës,,7993
ADEA BATUSHA,F,25,Lëvizja VETËVENDOSJE!,,4700
ADEL JONUZI,M,22,NOVA DEMOKRATSKA STRANKA,,101
ADEM HODŽA,M,1,JEDINSTVENA GORANSKA PARTIJA,,1398
ADEM HOTI,M,9,PARTIA DEMOKRATIKE E ASHKANLIVE TË KOSOVËS,,18
ADEM MIKULLOVCI,M,25,Lëvizja VETËVENDOSJE!,,12639
ADEM ULLURI,M,18,PARTIA DEMOKRATIKE E UNITETIT,,220
ADIS SALAJI,M,20,KOALICIJA VAKAT,,136
ADMIR MAMUTI,M,20,KOALICIJA VAKAT,,56
ADMIR MEHMETI,M,15,KOSOVAKI  NEVI  ROMANI  PARTIA,,17
AFËRDITA MORINA-BIFFAR,F,6,LIDHJA DEMOKRATIKE E KOSOVËS ALEANCA KOSOVA E RE,,1790
AFIT ZULJI,M,20,KOALICIJA VAKAT,,291
AFRIM LIMANI,M,9,PARTIA DEMOKRATIKE E ASHKANLIVE TË KOSOVËS,,207
AFRIM MISINI,M,3,PARTIA E ASHKALINJËVE PËR INTEGRIM,,74
AGIM ADEMAJ,M,6,LIDHJA DEMOKRATIKE E KOSOVËS ALEANCA KOSOVA E RE,,4855
AGIM ALIU,M,2,Partia Demokratike e Kosovës Aleanca për Ardhmërinë e Kosovës Nisma për Kosovën Partia e Drejtësisë Lëvizja për Bashkim Partia Shqiptare Demokristiane e Kosovës Partia Konservatore e Kosovës Alternativa Demokratike e Kosovës Republikanët e Kosovës Partia e Ballit Partia Socialdemokrate Balli Kombëtar i Kosovës,,13868
AGIM BAHTIRI,M,6,LIDHJA DEMOKRATIKE E KOSOVËS ALEANCA KOSOVA E RE,,4813
AGIM BYTYQI,M,18,PARTIA DEMOKRATIKE E UNITETIT,,8
AGIM HADŽI,M,5,GRAĐANSKA INICIJATIVA GORE,,74
AGIM HYSENI,M,9,PARTIA DEMOKRATIKE E ASHKANLIVE TË KOSOVËS,,183
AGIM KRASNIQI,M,6,LIDHJA DEMOKRATIKE E KOSOVËS ALEANCA KOSOVA E RE,,2358
AGIM MIFTARI,M,9,PARTIA DEMOKRATIKE E ASHKANLIVE TË KOSOVËS,,99
AGIM NEZA,M,10,INICIATIVA E RE DEMOKRATIKE E KOSOVËS,,51
AGNESA MULOLLI,F,19,FJALA,,40
AGRON BERISHA,M,3,PARTIA E ASHKALINJËVE PËR INTEGRIM,,31
AGRON SINANAJ,M,9,PARTIA DEMOKRATIKE E ASHKANLIVE TË KOSOVËS,,51
AGRON ZENUNAJ,M,3,PARTIA E ASHKALINJËVE PËR INTEGRIM,,15
AHMET HAXHIMEHMET,M,16,KOSOVA DEMOKRATİK TÜRK PARTİSİ,,122
AHMET ISUFI,M,2,Partia Demokratike e Kosovës Aleanca për Ardhmërinë e Kosovës Nisma për Kosovën Partia e Drejtësisë Lëvizja për Bashkim Partia Shqiptare Demokristiane e Kosovës Partia Konservatore e Kosovës Alternativa Demokratike e Kosovës Republikanët e Kosovës Partia e Ballit Partia Socialdemokrate Balli Kombëtar i Kosovës,,10981
AHMET SIJARIĆ,M,22,NOVA DEMOKRATSKA STRANKA,,56
AIDA DËRGUTI,F,25,Lëvizja VETËVENDOSJE!,,32460
AISHA GUSINAC,F,22,NOVA DEMOKRATSKA STRANKA,,36
AJET POTERA,M,25,Lëvizja VETËVENDOSJE!,,5780
AJET SMAJLI,M,18,PARTIA DEMOKRATIKE E UNITETIT,,3
ALBANA FETOSHI,F,25,Lëvizja VETËVENDOSJE!,,2159
ALBANA GASHI,F,25,Lëvizja VETËVENDOSJE!,,2956
ALBANA HOTI LAKNA,F,19,FJALA,,307
ALBENA RESHITAJ,F,6,LIDHJA DEMOKRATIKE E KOSOVËS ALEANCA KOSOVA E RE,,5630
ALBERT LILA,M,6,LIDHJA DEMOKRATIKE E KOSOVËS ALEANCA KOSOVA E RE,,3364
ALBERT ZEKAJ,M,19,FJALA,,242
ALBIN KURTI,M,25,Lëvizja VETËVENDOSJE!,,143621
ALBULENA BALAJ HALIMAJ,F,2,Partia Demokratike e Kosovës Aleanca për Ardhmërinë e Kosovës Nisma për Kosovën Partia e Drejtësisë Lëvizja për Bashkim Partia Shqiptare Demokristiane e Kosovës Partia Konservatore e Kosovës Alternativa Demokratike e Kosovës Republikanët e Kosovës Partia e Ballit Partia Socialdemokrate Balli Kombëtar i Kosovës,,6819
ALBULENA HAXHIU,F,25,Lëvizja VETËVENDOSJE!,,19520
ALBULENA MULOLLI,F,19,FJALA,,31
ALEKSANDAR ČANOVIĆ,M,17,PARTIJA KOSOVSKIH SRBA-AKTIVNA GRAĐANSKA INICIJATIVA,,166
ALEKSANDAR GRUJIĆ,M,13,NAPREDNA SNAGA KOSOVA,,69
ALEKSANDAR JABLANOVIĆ,M,17,PARTIJA KOSOVSKIH SRBA-AKTIVNA GRAĐANSKA INICIJATIVA,,1503
ALEKSANDRA ĐEKIĆ,F,11,SAMOSTALNA LIBERALNA STRANKA,,2030
ALEKSANDRA DRAGOVIC,F,8,PROGRESIVNA DEMOKRATSKA STRANKA,,86
ALEKSANDRA PERIC,F,11,SAMOSTALNA LIBERALNA STRANKA,,85
ALI BERISHA,M,2,Partia Demokratike e Kosovës Aleanca për Ardhmërinë e Kosovës Nisma për Kosovën Partia e Drejtësisë Lëvizja për Bashkim Partia Shqiptare Demokristiane e Kosovës Partia Konservatore e Kosovës Alternativa Demokratike e Kosovës Republikanët e Kosovës Partia e Ballit Partia Socialdemokrate Balli Kombëtar i Kosovës,,7105
ALI GASHI,M,14,PARTIA LIBERALE EGJIPTIANE,,93
ALI ISMAJLI,M,9,PARTIA DEMOKRATIKE E ASHKANLIVE TË KOSOVËS,,58
ALI LAJÇI,M,25,Lëvizja VETËVENDOSJE!,,10436
ALI MORINA,M,10,INICIATIVA E RE DEMOKRATIKE E KOSOVËS,,101
ALI SADRIU,M,6,LIDHJA DEMOKRATIKE E KOSOVËS ALEANCA KOSOVA E RE,,3905
ALI SINANI,M,14,PARTIA LIBERALE EGJIPTIANE,,17
ALLBERT KINOLLI,M,26,PARTIA ROME E BASHKUAR E KOSOVËS,,539
ALLMIRA QERIMI,F,15,KOSOVAKI  NEVI  ROMANI  PARTIA,,38
ALMA HALITI,F,20,KOALICIJA VAKAT,,269
ALMA RAMADANI,F,1,JEDINSTVENA GORANSKA PARTIJA,,235
ALMIR SAITI,M,22,NOVA DEMOKRATSKA STRANKA,,254
ALMIR VELIJI,M,22,NOVA DEMOKRATSKA STRANKA,,521
AMIL KAPLANI,M,20,KOALICIJA VAKAT,,297
AMIR AHMETI,M,6,LIDHJA DEMOKRATIKE E KOSOVËS ALEANCA KOSOVA E RE,,2933
AMIRA MUSTAFA,F,20,KOALICIJA VAKAT,,111
AMIT GASHI,M,9,PARTIA DEMOKRATIKE E ASHKANLIVE TË KOSOVËS,,21
ANDIN HOTI,M,2,Partia Demokratike e Kosovës Aleanca për Ardhmërinë e Kosovës Nisma për Kosovën Partia e Drejtësisë Lëvizja për Bashkim Partia Shqiptare Demokristiane e Kosovës Partia Konservatore e Kosovës Alternativa Demokratike e Kosovës Republikanët e Kosovës Partia e Ballit Partia Socialdemokrate Balli Kombëtar i Kosovës,,14354
ANITA MULOLLI VRAJOLLI,F,2,Partia Demokratike e Kosovës Aleanca për Ardhmërinë e Kosovës Nisma për Kosovën Partia e Drejtësisë Lëvizja për Bashkim Partia Shqiptare Demokristiane e Kosovës Partia Konservatore e Kosovës Alternativa Demokratike e Kosovës Republikanët e Kosovës Partia e Ballit Partia Socialdemokrate Balli Kombëtar i Kosovës,,1682
ANTIGONA SOFRA,F,9,PARTIA DEMOKRATIKE E ASHKANLIVE TË KOSOVËS,,29
ANTON BERISHA,M,2,Partia Demokratike e Kosovës Aleanca për Ardhmërinë e Kosovës Nisma për Kosovën Partia e Drejtësisë Lëvizja për Bashkim Partia Shqiptare Demokristiane e Kosovës Partia Konservatore e Kosovës Alternativa Demokratike e Kosovës Republikanët e Kosovës Partia e Ballit Partia Socialdemokrate Balli Kombëtar i Kosovës,,4618
ANTON QUNI,M,6,LIDHJA DEMOKRATIKE E KOSOVËS ALEANCA KOSOVA E RE,,28623
ARBAN ABRASHI,M,6,LIDHJA DEMOKRATIKE E KOSOVËS ALEANCA KOSOVA E RE,,8704
ARBEN GASHI,M,6,LIDHJA DEMOKRATIKE E KOSOVËS ALEANCA KOSOVA E RE,,11870
ARBEN SHABANI,M,9,PARTIA DEMOKRATIKE E ASHKANLIVE TË KOSOVËS,,267
ARBËR REXHAJ,M,25,Lëvizja VETËVENDOSJE!,,6749
ARBËRESHA AJDINI-NALLBANI,F,2,Partia Demokratike e Kosovës Aleanca për Ardhmërinë e Kosovës Nisma për Kosovën Partia e Drejtësisë Lëvizja për Bashkim Partia Shqiptare Demokristiane e Kosovës Partia Konservatore e Kosovës Alternativa Demokratike e Kosovës Republikanët e Kosovës Partia e Ballit Partia Socialdemokrate Balli Kombëtar i Kosovës,,1788
ARBERIJE NAGAVCI,F,25,Lëvizja VETËVENDOSJE!,,7314
ARBËRORE RIZA,F,6,LIDHJA DEMOKRATIKE E KOSOVËS ALEANCA KOSOVA E RE,,620
ARDIAN BERISHA,M,18,PARTIA DEMOKRATIKE E UNITETIT,,23
ARDIAN HYSENI,M,19,FJALA,,285
ARDIAN SEJDIU,M,2,Partia Demokratike e Kosovës Aleanca për Ardhmërinë e Kosovës Nisma për Kosovën Partia e Drejtësisë Lëvizja për Bashkim Partia Shqiptare Demokristiane e Kosovës Partia Konservatore e Kosovës Alternativa Demokratike e Kosovës Republikanët e Kosovës Partia e Ballit Partia Socialdemokrate Balli Kombëtar i Kosovës,,2699
ARDIANA BEKA,F,19,FJALA,,558
ARDIANA IMERI,F,19,FJALA,,33
ARDIJAN MAKSUTI,M,15,KOSOVAKI  NEVI  ROMANI  PARTIA,,117
ARDITA RIZVANOLLI,F,6,LIDHJA DEMOKRATIKE E KOSOVËS ALEANCA KOSOVA E RE,,1346
ARHIM AJAZI,M,22,NOVA DEMOKRATSKA STRANKA,,467
ARIAN ÇALLAKAJ,M,19,FJALA,,83
ARIANIT TËRSHNJAKU,M,19,FJALA,,160
ARİF BÜTÜÇ,M,23,KOSOVA TÜRK ADALET PARTISI,,841
ARIF CËRMJANI,M,26,PARTIA ROME E BASHKUAR E KOSOVËS,,107
ARIF HODŽA,M,1,JEDINSTVENA GORANSKA PARTIJA,,283
ARIFE BERISHA,F,24,KOALICIJA SDA,,224
ARIFE LOXHA,F,16,KOSOVA DEMOKRATİK TÜRK PARTİSİ,,66
ARIJETA REXHEPI,F,25,Lëvizja VETËVENDOSJE!,,3572
ARMEND JAMINI,M,7,POKRET ZA GORA,,371
ARMEND REXHEPI,M,19,FJALA,,280
ARMEND ZEMAJ,M,6,LIDHJA DEMOKRATIKE E KOSOVËS ALEANCA KOSOVA E RE,,7478
ARMINA ŠERIFI,F,1,JEDINSTVENA GORANSKA PARTIJA,,98
ARNESA IBRAHIMI,F,19,FJALA,,417
ARSIM BAJRAMI,M,2,Partia Demokratike e Kosovës Aleanca për Ardhmërinë e Kosovës Nisma për Kosovën Partia e Drejtësisë Lëvizja për Bashkim Partia Shqiptare Demokristiane e Kosovës Partia Konservatore e Kosovës Alternativa Demokratike e Kosovës Republikanët e Kosovës Partia e Ballit Partia Socialdemokrate Balli Kombëtar i Kosovës,,8375
ARTA BAJRALIJA,F,25,Lëvizja VETËVENDOSJE!,,2966
ARTA HAXHAJ,F,6,LIDHJA DEMOKRATIKE E KOSOVËS ALEANCA KOSOVA E RE,,2155
ARTAN BERISHA,M,14,PARTIA LIBERALE EGJIPTIANE,,374
ARZIE HALITI,F,3,PARTIA E ASHKALINJËVE PËR INTEGRIM,,259
ARZIJE RIZAHI,F,14,PARTIA LIBERALE EGJIPTIANE,,112
ASLAN KRUEZI,M,3,PARTIA E ASHKALINJËVE PËR INTEGRIM,,473
ASMIR ČUČULJ,M,20,KOALICIJA VAKAT,,32
ASTRIT SHALA,M,14,PARTIA LIBERALE EGJIPTIANE,,65
ATDHE ARIFI,M,25,Lëvizja VETËVENDOSJE!,,3729
ATIM KALJOŠI,M,1,JEDINSTVENA GORANSKA PARTIJA,,57
AVDIL HALIMI,M,6,LIDHJA DEMOKRATIKE E KOSOVËS ALEANCA KOSOVA E RE,,2515
AVDULAH DJEŠEVIĆ,M,22,NOVA DEMOKRATSKA STRANKA,,109
AVDULLAH HOTI,M,6,LIDHJA DEMOKRATIKE E KOSOVËS ALEANCA KOSOVA E RE,,115693
AVDULLAH QAFANI,M,14,PARTIA LIBERALE EGJIPTIANE,,446
AVDUSH BANUSHI,M,9,PARTIA DEMOKRATIKE E ASHKANLIVE TË KOSOVËS,,70
AVDYL BERISHA,M,10,INICIATIVA E RE DEMOKRATIKE E KOSOVËS,,325
AVNI ÇAKMAKU,M,19,FJALA,,137
AVNI KLINAKU,M,2,Partia Demokratike e Kosovës Aleanca për Ardhmërinë e Kosovës Nisma për Kosovën Partia e Drejtësisë Lëvizja për Bashkim Partia Shqiptare Demokristiane e Kosovës Partia Konservatore e Kosovës Alternativa Demokratike e Kosovës Republikanët e Kosovës Partia e Ballit Partia Socialdemokrate Balli Kombëtar i Kosovës,,7510
AVNI KOPILI,M,14,PARTIA LIBERALE EGJIPTIANE,,26
AVNI MUJAJ,M,14,PARTIA LIBERALE EGJIPTIANE,,42
AVNI TAFILI,M,25,Lëvizja VETËVENDOSJE!,,5206
AVNIJA BAHTIJARI,M,7,POKRET ZA GORA,,269
AYSER LESKOVCİ,F,23,KOSOVA TÜRK ADALET PARTISI,,398
BADISHA LALA,F,10,INICIATIVA E RE DEMOKRATIKE E KOSOVËS,,96
BAHRIE HAXHIU,F,6,LIDHJA DEMOKRATIKE E KOSOVËS ALEANCA KOSOVA E RE,,1840
BAHRIM ŠABANI,M,20,KOALICIJA VAKAT,,1802
BAHTIJE SYLEJMANI,F,24,KOALICIJA SDA,,52
BAJRAM AJETI,M,25,Lëvizja VETËVENDOSJE!,,3380
BAJRAM GECAJ,M,6,LIDHJA DEMOKRATIKE E KOSOVËS ALEANCA KOSOVA E RE,,3135
BAJRAM HASANI,M,2,Partia Demokratike e Kosovës Aleanca për Ardhmërinë e Kosovës Nisma për Kosovën Partia e Drejtësisë Lëvizja për Bashkim Partia Shqiptare Demokristiane e Kosovës Partia Konservatore e Kosovës Alternativa Demokratike e Kosovës Republikanët e Kosovës Partia e Ballit Partia Socialdemokrate Balli Kombëtar i Kosovës,,5189
BAJRAM KOVAQI,M,9,PARTIA DEMOKRATIKE E ASHKANLIVE TË KOSOVËS,,54
BAJRAM REDŽEPOVIĆ,M,5,GRAĐANSKA INICIJATIVA GORE,,46
BAJRAM TUTAJ,M,9,PARTIA DEMOKRATIKE E ASHKANLIVE TË KOSOVËS,,74
BAJRAMSHA BRAIMI,F,14,PARTIA LIBERALE EGJIPTIANE,,197
BAJRAMSHA SHALA,F,9,PARTIA DEMOKRATIKE E ASHKANLIVE TË KOSOVËS,,93
BAJRUŠ SEZAIRI,M,22,NOVA DEMOKRATSKA STRANKA,,541
BAJRUSH BERISHA,M,3,PARTIA E ASHKALINJËVE PËR INTEGRIM,,51
BAJRUSH YMERI,M,6,LIDHJA DEMOKRATIKE E KOSOVËS ALEANCA KOSOVA E RE,,4393
BALI MUHARREMAJ,M,2,Partia Demokratike e Kosovës Aleanca për Ardhmërinë e Kosovës Nisma për Kosovën Partia e Drejtësisë Lëvizja për Bashkim Partia Shqiptare Demokristiane e Kosovës Partia Konservatore e Kosovës Alternativa Demokratike e Kosovës Republikanët e Kosovës Partia e Ballit Partia Socialdemokrate Balli Kombëtar i Kosovës,,8780
BARDHYL META,M,6,LIDHJA DEMOKRATIKE E KOSOVËS ALEANCA KOSOVA E RE,,5530
BARIŞ BÖLÜKBAŞ,M,16,KOSOVA DEMOKRATİK TÜRK PARTİSİ,,243
BASHKIM KRASNIQI,M,14,PARTIA LIBERALE EGJIPTIANE,,889
BASHKIM LAJÇI,M,25,Lëvizja VETËVENDOSJE!,,1100
BASRI DUBOVA,M,14,PARTIA LIBERALE EGJIPTIANE,,33
BASRI MEROVCI,M,18,PARTIA DEMOKRATIKE E UNITETIT,,27
BEATRISA DEMIRI,F,2,Partia Demokratike e Kosovës Aleanca për Ardhmërinë e Kosovës Nisma për Kosovën Partia e Drejtësisë Lëvizja për Bashkim Partia Shqiptare Demokristiane e Kosovës Partia Konservatore e Kosovës Alternativa Demokratike e Kosovës Republikanët e Kosovës Partia e Ballit Partia Socialdemokrate Balli Kombëtar i Kosovës,,5948
BEDRI MUSTAFA,M,10,INICIATIVA E RE DEMOKRATIKE E KOSOVËS,,121
BEHGJET PACOLLI,M,6,LIDHJA DEMOKRATIKE E KOSOVËS ALEANCA KOSOVA E RE,,35766
BEHIE SERTOLLI,F,25,Lëvizja VETËVENDOSJE!,,1268
BEHLUL SHALA,M,19,FJALA,,750
BEHXHET OSMANI,M,25,Lëvizja VETËVENDOSJE!,,1326
BEHXHET SAHITI,M,9,PARTIA DEMOKRATIKE E ASHKANLIVE TË KOSOVËS,,46
BEJTA RAMADANI,M,15,KOSOVAKI  NEVI  ROMANI  PARTIA,,24
BEKË BERISHA,M,2,Partia Demokratike e Kosovës Aleanca për Ardhmërinë e Kosovës Nisma për Kosovën Partia e Drejtësisë Lëvizja për Bashkim Partia Shqiptare Demokristiane e Kosovës Partia Konservatore e Kosovës Alternativa Demokratike e Kosovës Republikanët e Kosovës Partia e Ballit Partia Socialdemokrate Balli Kombëtar i Kosovës,,9100
BEKIM HAXHIU,M,2,Partia Demokratike e Kosovës Aleanca për Ardhmërinë e Kosovës Nisma për Kosovën Partia e Drejtësisë Lëvizja për Bashkim Partia Shqiptare Demokristiane e Kosovës Partia Konservatore e Kosovës Alternativa Demokratike e Kosovës Republikanët e Kosovës Partia e Ballit Partia Socialdemokrate Balli Kombëtar i Kosovës,,12754
BEKIM SHABANI,M,9,PARTIA DEMOKRATIKE E ASHKANLIVE TË KOSOVËS,,77
BEKRIJE NAZIFI,F,6,LIDHJA DEMOKRATIKE E KOSOVËS ALEANCA KOSOVA E RE,,3196
BELINDA ŠABANI,F,20,KOALICIJA VAKAT,,399
BELKISE BERISHA XHEMAJLI,F,19,FJALA,,118
BENJAMIN AJDARI,M,14,PARTIA LIBERALE EGJIPTIANE,,34
BERAT DAJAKU,M,19,FJALA,,229
BERAT MAKOLLI,M,19,FJALA,,76
BESA BAFTIU,F,25,Lëvizja VETËVENDOSJE!,,10123
BESA BERISHA,F,9,PARTIA DEMOKRATIKE E ASHKANLIVE TË KOSOVËS,,28
BESA GAXHERRI,F,6,LIDHJA DEMOKRATIKE E KOSOVËS ALEANCA KOSOVA E RE,,6562
BESA ZOGAJ GASHI,F,6,LIDHJA DEMOKRATIKE E KOSOVËS ALEANCA KOSOVA E RE,,3090
BESART JASHARI,M,9,PARTIA DEMOKRATIKE E ASHKANLIVE TË KOSOVËS,,314
BESIM BERISHA,M,14,PARTIA LIBERALE EGJIPTIANE,,6
BESIM SHYTI,M,2,Partia Demokratike e Kosovës Aleanca për Ardhmërinë e Kosovës Nisma për Kosovën Partia e Drejtësisë Lëvizja për Bashkim Partia Shqiptare Demokristiane e Kosovës Partia Konservatore e Kosovës Alternativa Demokratike e Kosovës Republikanët e Kosovës Partia e Ballit Partia Socialdemokrate Balli Kombëtar i Kosovës,,1971
BESIME JETULLAHU,F,19,FJALA,,190
BESNIK KRASNIQI,M,6,LIDHJA DEMOKRATIKE E KOSOVËS ALEANCA KOSOVA E RE,,5398
BESNIK TAHIRI,M,2,Partia Demokratike e Kosovës Aleanca për Ardhmërinë e Kosovës Nisma për Kosovën Partia e Drejtësisë Lëvizja për Bashkim Partia Shqiptare Demokristiane e Kosovës Partia Konservatore e Kosovës Alternativa Demokratike e Kosovës Republikanët e Kosovës Partia e Ballit Partia Socialdemokrate Balli Kombëtar i Kosovës,,8093
BILALL SHERIFI,M,2,Partia Demokratike e Kosovës Aleanca për Ardhmërinë e Kosovës Nisma për Kosovën Partia e Drejtësisë Lëvizja për Bashkim Partia Shqiptare Demokristiane e Kosovës Partia Konservatore e Kosovës Alternativa Demokratike e Kosovës Republikanët e Kosovës Partia e Ballit Partia Socialdemokrate Balli Kombëtar i Kosovës,,11931
BISLIM ZOGAJ,M,2,Partia Demokratike e Kosovës Aleanca për Ardhmërinë e Kosovës Nisma për Kosovën Partia e Drejtësisë Lëvizja për Bashkim Partia Shqiptare Demokristiane e Kosovës Partia Konservatore e Kosovës Alternativa Demokratike e Kosovës Republikanët e Kosovës Partia e Ballit Partia Socialdemokrate Balli Kombëtar i Kosovës,,8614
BLENDI BORDONIQI,M,19,FJALA,,20
BLENDONA SHPATOLLAJ,F,14,PARTIA LIBERALE EGJIPTIANE,,23
BLERAND KRASNIQI,M,14,PARTIA LIBERALE EGJIPTIANE,,22
BLERIM BAJRAMI,M,9,PARTIA DEMOKRATIKE E ASHKANLIVE TË KOSOVËS,,59
BLERIM GRAINCA,M,6,LIDHJA DEMOKRATIKE E KOSOVËS ALEANCA KOSOVA E RE,,6868
BLERIM IBRAHIMI,M,9,PARTIA DEMOKRATIKE E ASHKANLIVE TË KOSOVËS,,430
BLERIM KUÇI,M,2,Partia Demokratike e Kosovës Aleanca për Ardhmërinë e Kosovës Nisma për Kosovën Partia e Drejtësisë Lëvizja për Bashkim Partia Shqiptare Demokristiane e Kosovës Partia Konservatore e Kosovës Alternativa Demokratike e Kosovës Republikanët e Kosovës Partia e Ballit Partia Socialdemokrate Balli Kombëtar i Kosovës,,9905
BLERINA KRASNIQI,F,19,FJALA,,1418
BLERTA ÇAKMAKU,F,19,FJALA,,27
BLERTA DELIU-KODRA,F,2,Partia Demokratike e Kosovës Aleanca për Ardhmërinë e Kosovës Nisma për Kosovën Partia e Drejtësisë Lëvizja për Bashkim Partia Shqiptare Demokristiane e Kosovës Partia Konservatore e Kosovës Alternativa Demokratike e Kosovës Republikanët e Kosovës Partia e Ballit Partia Socialdemokrate Balli Kombëtar i Kosovës,,8711
BOBAN SEKULIĆ,M,21,GI. ZA PROSPERITET KOSOVA,,12
BOGOLJUB MAKSIMOVIĆ,M,11,SAMOSTALNA LIBERALNA STRANKA,,70
BOJAN ARSIĆ,M,8,PROGRESIVNA DEMOKRATSKA STRANKA,,216
BOJAN MILOVANOVIĆ,M,21,GI. ZA PROSPERITET KOSOVA,,106
BOJAN STANISAVLJEVIĆ,M,8,PROGRESIVNA DEMOKRATSKA STRANKA,,86
BOJAN STOJANOVIĆ,M,11,SAMOSTALNA LIBERALNA STRANKA,,2386
BOJANA TODOROVIĆ,F,11,SAMOSTALNA LIBERALNA STRANKA,,291
BRANIMIR STOJANOVIĆ,M,12,GRAĐANSKA INICIJATIVA SRPSKA LISTA,,12464
BRANISLAV MARKOVIĆ,M,11,SAMOSTALNA LIBERALNA STRANKA,,271
BRANISLAV ZDRAVKOVIĆ,M,12,GRAĐANSKA INICIJATIVA SRPSKA LISTA,,1195
BRANKICA NIĆIĆ,F,12,GRAĐANSKA INICIJATIVA SRPSKA LISTA,,3984
BRENDONA BAJRAMI,F,14,PARTIA LIBERALE EGJIPTIANE,,10
BUJAR BEHXHETI,M,19,FJALA,,134
BUKURIJE BUJUPI,F,18,PARTIA DEMOKRATIKE E UNITETIT,,9
BURBUQE BAKIJA DEVA,F,2,Partia Demokratike e Kosovës Aleanca për Ardhmërinë e Kosovës Nisma për Kosovën Partia e Drejtësisë Lëvizja për Bashkim Partia Shqiptare Demokristiane e Kosovës Partia Konservatore e Kosovës Alternativa Demokratike e Kosovës Republikanët e Kosovës Partia e Ballit Partia Socialdemokrate Balli Kombëtar i Kosovës,,3451
BURHAN GASHI,M,14,PARTIA LIBERALE EGJIPTIANE,,28
BURIM HETEMI,M,19,FJALA,,205
ĆAMILJ TUĐARI,M,7,POKRET ZA GORA,,106
ĆERIM BAJRAMI,M,20,KOALICIJA VAKAT,,1622
CÜNEYD USTAİBO,M,16,KOSOVA DEMOKRATİK TÜRK PARTİSİ,,634
CVETKO VELJKOVIĆ,M,8,PROGRESIVNA DEMOKRATSKA STRANKA,,197
DAFINA BYTYQI,F,19,FJALA,,73
DALILA BAHTIJAREVIĆ,F,22,NOVA DEMOKRATSKA STRANKA,,171
DANUSH ADEMI,M,9,PARTIA DEMOKRATIKE E ASHKANLIVE TË KOSOVËS,,1270
DARDAN MOLLIQAJ,M,25,Lëvizja VETËVENDOSJE!,,49026
DARDAN SEJDIU,M,25,Lëvizja VETËVENDOSJE!,,39219
DARDAN VELIJA,M,6,LIDHJA DEMOKRATIKE E KOSOVËS ALEANCA KOSOVA E RE,,1918
DAUT HARADINAJ,M,2,Partia Demokratike e Kosovës Aleanca për Ardhmërinë e Kosovës Nisma për Kosovën Partia e Drejtësisë Lëvizja për Bashkim Partia Shqiptare Demokristiane e Kosovës Partia Konservatore e Kosovës Alternativa Demokratike e Kosovës Republikanët e Kosovës Partia e Ballit Partia Socialdemokrate Balli Kombëtar i Kosovës,,30417
DEIR JELMAZI,M,5,GRAĐANSKA INICIJATIVA GORE,,67
DEJAN JOVANOVIĆ,M,8,PROGRESIVNA DEMOKRATSKA STRANKA,,695
DEJAN NEDELJKOVIĆ,M,21,GI. ZA PROSPERITET KOSOVA,,22
DENIS SENADOVIC,M,22,NOVA DEMOKRATSKA STRANKA,,199
DENIS SOFRA,M,3,PARTIA E ASHKALINJËVE PËR INTEGRIM,,342
DENIZ HAZIRI,F,16,KOSOVA DEMOKRATİK TÜRK PARTİSİ,,68
DERVISH ÇADRAKU,M,25,Lëvizja VETËVENDOSJE!,,1949
DESTAN HOTI,M,18,PARTIA DEMOKRATIKE E UNITETIT,,11
DIELLZA HOTI,F,2,Partia Demokratike e Kosovës Aleanca për Ardhmërinë e Kosovës Nisma për Kosovën Partia e Drejtësisë Lëvizja për Bashkim Partia Shqiptare Demokristiane e Kosovës Partia Konservatore e Kosovës Alternativa Demokratike e Kosovës Republikanët e Kosovës Partia e Ballit Partia Socialdemokrate Balli Kombëtar i Kosovës,,4529
DONIKA KADAJ BUJUPI,F,25,Lëvizja VETËVENDOSJE!,,15886
DORENTINA SAHITI,F,19,FJALA,,70
DORUNTINA DRENOVCI,F,19,FJALA,,25
DORUNTINA KUKAJ,F,18,PARTIA DEMOKRATIKE E UNITETIT,,48
DORUNTINË MALOKU- KASTRATI,F,6,LIDHJA DEMOKRATIKE E KOSOVËS ALEANCA KOSOVA E RE,,5701
DRAGAN AĐANČIĆ,M,11,SAMOSTALNA LIBERALNA STRANKA,,139
DRAGAN DANČETOVIĆ,M,12,GRAĐANSKA INICIJATIVA SRPSKA LISTA,,1528
DRAGIŠA MIRIĆ,M,11,SAMOSTALNA LIBERALNA STRANKA,,219
DRENUSHA ULLURI,F,18,PARTIA DEMOKRATIKE E UNITETIT,,11
DRILON GJOTAJ,M,19,FJALA,,101
DRITA KADRIU,F,2,Partia Demokratike e Kosovës Aleanca për Ardhmërinë e Kosovës Nisma për Kosovën Partia e Drejtësisë Lëvizja për Bashkim Partia Shqiptare Demokristiane e Kosovës Partia Konservatore e Kosovës Alternativa Demokratike e Kosovës Republikanët e Kosovës Partia e Ballit Partia Socialdemokrate Balli Kombëtar i Kosovës,,4053
DRITA KELMENDI-KUKAJ,F,2,Partia Demokratike e Kosovës Aleanca për Ardhmërinë e Kosovës Nisma për Kosovën Partia e Drejtësisë Lëvizja për Bashkim Partia Shqiptare Demokristiane e Kosovës Partia Konservatore e Kosovës Alternativa Demokratike e Kosovës Republikanët e Kosovës Partia e Ballit Partia Socialdemokrate Balli Kombëtar i Kosovës,,1878
DRITA MILLAKU,F,25,Lëvizja VETËVENDOSJE!,,6285
DRITON ÇAUSHI,M,25,Lëvizja VETËVENDOSJE!,,10360
DRITON JANIQI,M,3,PARTIA E ASHKALINJËVE PËR INTEGRIM,,41
DRITON REXHEPI,M,19,FJALA,,150
DRITON SELMANAJ,M,6,LIDHJA DEMOKRATIKE E KOSOVËS ALEANCA KOSOVA E RE,,35307
DRITON TALI,M,25,Lëvizja VETËVENDOSJE!,,2775
DUDA BALJE,F,20,KOALICIJA VAKAT,,2743
DUGAGJIN PALUSHI,M,25,Lëvizja VETËVENDOSJE!,,2016
DUKAGJIN GORANI,M,25,Lëvizja VETËVENDOSJE!,,11624
DŽAVID ALITI,M,22,NOVA DEMOKRATSKA STRANKA,,253
EBRU ZBORÇA,F,16,KOSOVA DEMOKRATİK TÜRK PARTİSİ,,504
EDI IBRAIMI,M,15,KOSOVAKI  NEVI  ROMANI  PARTIA,,81
EDI PUKA,F,6,LIDHJA DEMOKRATIKE E KOSOVËS ALEANCA KOSOVA E RE,,2245
EDIN ISLAMOVIĆ,M,24,KOALICIJA SDA,,21
EDITA SHEHU,F,20,KOALICIJA VAKAT,,75
EDITA TAHIRI,F,2,Partia Demokratike e Kosovës Aleanca për Ardhmërinë e Kosovës Nisma për Kosovën Partia e Drejtësisë Lëvizja për Bashkim Partia Shqiptare Demokristiane e Kosovës Partia Konservatore e Kosovës Alternativa Demokratike e Kosovës Republikanët e Kosovës Partia e Ballit Partia Socialdemokrate Balli Kombëtar i Kosovës,,3856
EDMIR MISINI,M,1,JEDINSTVENA GORANSKA PARTIJA,,488
EDMOND HALILI,M,19,FJALA,,178
EDONA KASTRATI,F,18,PARTIA DEMOKRATIKE E UNITETIT,,3
EGZON GASHI,M,19,FJALA,,76
EGZON HALITI,M,25,Lëvizja VETËVENDOSJE!,,1420
EGZON MUMXHIU,M,16,KOSOVA DEMOKRATİK TÜRK PARTİSİ,,238
EGZONA BAJRAMI,F,9,PARTIA DEMOKRATIKE E ASHKANLIVE TË KOSOVËS,,76
EGZONA HAJDARI,F,18,PARTIA DEMOKRATIKE E UNITETIT,,18
EGZONIT JAKUPI,M,3,PARTIA E ASHKALINJËVE PËR INTEGRIM,,533
EJUP BYTYÇI,M,18,PARTIA DEMOKRATIKE E UNITETIT,,7
ELDINA KOJIĆ,F,20,KOALICIJA VAKAT,,130
ELDIS ABAZI,M,20,KOALICIJA VAKAT,,529
ELEZ MORINA,M,18,PARTIA DEMOKRATIKE E UNITETIT,,6
ELFETE SHABANI,F,9,PARTIA DEMOKRATIKE E ASHKANLIVE TË KOSOVËS,,258
ELHAMI SHALA,M,6,LIDHJA DEMOKRATIKE E KOSOVËS ALEANCA KOSOVA E RE,,2551
ELLVIR FETAHI,M,22,NOVA DEMOKRATSKA STRANKA,,66
ELMA MIFTARI,F,19,FJALA,,88
ELMAZE NURA,F,2,Partia Demokratike e Kosovës Aleanca për Ardhmërinë e Kosovës Nisma për Kosovën Partia e Drejtësisë Lëvizja për Bashkim Partia Shqiptare Demokristiane e Kosovës Partia Konservatore e Kosovës Alternativa Demokratike e Kosovës Republikanët e Kosovës Partia e Ballit Partia Socialdemokrate Balli Kombëtar i Kosovës,,2736
ELMI REÇICA,M,2,Partia Demokratike e Kosovës Aleanca për Ardhmërinë e Kosovës Nisma për Kosovën Partia e Drejtësisë Lëvizja për Bashkim Partia Shqiptare Demokristiane e Kosovës Partia Konservatore e Kosovës Alternativa Demokratike e Kosovës Republikanët e Kosovës Partia e Ballit Partia Socialdemokrate Balli Kombëtar i Kosovës,,18868
ELMIRA PAJAZITI,F,14,PARTIA LIBERALE EGJIPTIANE,,88
ELVIS ŠABANI,M,20,KOALICIJA VAKAT,,276
ELZA SADIKU,F,25,Lëvizja VETËVENDOSJE!,,1145
ELZANA KANDIĆ,F,24,KOALICIJA SDA,,54
EMAN RRAHMANI,M,25,Lëvizja VETËVENDOSJE!,,4071
EMILIJA REDŽEPI,F,22,NOVA DEMOKRATSKA STRANKA,,2156
EMIN GËRBESHI,M,25,Lëvizja VETËVENDOSJE!,,2612
EMIN MUSTAFA,M,26,PARTIA ROME E BASHKUAR E KOSOVËS,,91
EMINE ARIFI,F,18,PARTIA DEMOKRATIKE E UNITETIT,,19
EMINE MURTEZI,F,14,PARTIA LIBERALE EGJIPTIANE,,133
EMIR ABDULAHI,M,20,KOALICIJA VAKAT,,96
EMONA SAHITI,F,19,FJALA,,42
EMRUSH XHEMAJLI,M,25,Lëvizja VETËVENDOSJE!,,2589
ENEIDA KELMENDI,F,19,FJALA,,989
ENES ŠERIFI,M,1,JEDINSTVENA GORANSKA PARTIJA,,80
ENIS HARADINI,M,24,KOALICIJA SDA,,98
ENIS KERVAN,M,16,KOSOVA DEMOKRATİK TÜRK PARTİSİ,,1460
ENVER GASHI,M,2,Partia Demokratike e Kosovës Aleanca për Ardhmërinë e Kosovës Nisma për Kosovën Partia e Drejtësisë Lëvizja për Bashkim Partia Shqiptare Demokristiane e Kosovës Partia Konservatore e Kosovës Alternativa Demokratike e Kosovës Republikanët e Kosovës Partia e Ballit Partia Socialdemokrate Balli Kombëtar i Kosovës,,2707
ENVER HOTI,M,2,Partia Demokratike e Kosovës Aleanca për Ardhmërinë e Kosovës Nisma për Kosovën Partia e Drejtësisë Lëvizja për Bashkim Partia Shqiptare Demokristiane e Kosovës Partia Konservatore e Kosovës Alternativa Demokratike e Kosovës Republikanët e Kosovës Partia e Ballit Partia Socialdemokrate Balli Kombëtar i Kosovës,,9182
ENVER HOXHAJ,M,2,Partia Demokratike e Kosovës Aleanca për Ardhmërinë e Kosovës Nisma për Kosovën Partia e Drejtësisë Lëvizja për Bashkim Partia Shqiptare Demokristiane e Kosovës Partia Konservatore e Kosovës Alternativa Demokratike e Kosovës Republikanët e Kosovës Partia e Ballit Partia Socialdemokrate Balli Kombëtar i Kosovës,,24396
ENVER QUNAJ,M,18,PARTIA DEMOKRATIKE E UNITETIT,,3
EQREM SERTOLLI,M,18,PARTIA DEMOKRATIKE E UNITETIT,,6
ERDEMINA HADŽIĆ,F,24,KOALICIJA SDA,,60
ERGIN BUNJAKU,M,16,KOSOVA DEMOKRATİK TÜRK PARTİSİ,,396
ERGİN SUNGURİ,M,16,KOSOVA DEMOKRATİK TÜRK PARTİSİ,,480
ERKİN HALÇE,M,16,KOSOVA DEMOKRATİK TÜRK PARTİSİ,,178
ERMIN RAMA,M,20,KOALICIJA VAKAT,,249
ERMINA JONUZI SAITI,F,22,NOVA DEMOKRATSKA STRANKA,,252
ERMINA ŠABANI,F,22,NOVA DEMOKRATSKA STRANKA,,329
ERNESTA ASLANI,F,22,NOVA DEMOKRATSKA STRANKA,,166
EROL ŞIŞKO,M,23,KOSOVA TÜRK ADALET PARTISI,,183
EROLL ZEKERIJA,M,16,KOSOVA DEMOKRATİK TÜRK PARTİSİ,,332
ERSAN ALI,M,1,JEDINSTVENA GORANSKA PARTIJA,,209
ERTAN SİMİTÇİ,M,16,KOSOVA DEMOKRATİK TÜRK PARTİSİ,,2259
ERZEN KRASNIQI,M,25,Lëvizja VETËVENDOSJE!,,3510
ESADA REDŽEPI,F,21,GI. ZA PROSPERITET KOSOVA,,9
ESMERALDA ŠABANI,F,20,KOALICIJA VAKAT,,249
ESMERANDA BERISHA OSMANAJ,F,14,PARTIA LIBERALE EGJIPTIANE,,8
ESMIN BAJRAMI,M,22,NOVA DEMOKRATSKA STRANKA,,173
EŠREF ISLAMOVIĆ,M,24,KOALICIJA SDA,,62
ETEM ARIFI,M,3,PARTIA E ASHKALINJËVE PËR INTEGRIM,,1211
ETNIK BERISHA,M,19,FJALA,,376
EVGJENI THAÇI DRAGUSHA,F,2,Partia Demokratike e Kosovës Aleanca për Ardhmërinë e Kosovës Nisma për Kosovën Partia e Drejtësisë Lëvizja për Bashkim Partia Shqiptare Demokristiane e Kosovës Partia Konservatore e Kosovës Alternativa Demokratike e Kosovës Republikanët e Kosovës Partia e Ballit Partia Socialdemokrate Balli Kombëtar i Kosovës,,9473
FADIL ALIU,M,6,LIDHJA DEMOKRATIKE E KOSOVËS ALEANCA KOSOVA E RE,,2841
FADIL BEKA,M,2,Partia Demokratike e Kosovës Aleanca për Ardhmërinë e Kosovës Nisma për Kosovën Partia e Drejtësisë Lëvizja për Bashkim Partia Shqiptare Demokristiane e Kosovës Partia Konservatore e Kosovës Alternativa Demokratike e Kosovës Republikanët e Kosovës Partia e Ballit Partia Socialdemokrate Balli Kombëtar i Kosovës,,9234
FADIL FAZLIU,M,2,Partia Demokratike e Kosovës Aleanca për Ardhmërinë e Kosovës Nisma për Kosovën Partia e Drejtësisë Lëvizja për Bashkim Partia Shqiptare Demokristiane e Kosovës Partia Konservatore e Kosovës Alternativa Demokratike e Kosovës Republikanët e Kosovës Partia e Ballit Partia Socialdemokrate Balli Kombëtar i Kosovës,,5074
FADIL GASHI,M,4,G I EROMENDJE ALTERNATIVA,,35
FADIL PODRIMJA,M,9,PARTIA DEMOKRATIKE E ASHKANLIVE TË KOSOVËS,,165
FARIDIN TAIRI,M,20,KOALICIJA VAKAT,,331
FARIS APUK,M,22,NOVA DEMOKRATSKA STRANKA,,37
FARUK MUJKA,M,25,Lëvizja VETËVENDOSJE!,,3831
FARUK NURA,M,6,LIDHJA DEMOKRATIKE E KOSOVËS ALEANCA KOSOVA E RE,,5269
FARUK RAMAJ,M,14,PARTIA LIBERALE EGJIPTIANE,,42
FATIMA VELIJA,F,20,KOALICIJA VAKAT,,474
FATIME DUBOVA,F,14,PARTIA LIBERALE EGJIPTIANE,,4
FATJONA BERISHA,F,19,FJALA,,99
FATLIND SHEHU,M,18,PARTIA DEMOKRATIKE E UNITETIT,,28
FATLUM KRASNIQI,M,19,FJALA,,373
FATMIR HUMOLLI,M,2,Partia Demokratike e Kosovës Aleanca për Ardhmërinë e Kosovës Nisma për Kosovën Partia e Drejtësisë Lëvizja për Bashkim Partia Shqiptare Demokristiane e Kosovës Partia Konservatore e Kosovës Alternativa Demokratike e Kosovës Republikanët e Kosovës Partia e Ballit Partia Socialdemokrate Balli Kombëtar i Kosovës,,4927
FATMIR KRYEZIU,M,3,PARTIA E ASHKALINJËVE PËR INTEGRIM,,48
FATMIR LIMAJ,M,2,Partia Demokratike e Kosovës Aleanca për Ardhmërinë e Kosovës Nisma për Kosovën Partia e Drejtësisë Lëvizja për Bashkim Partia Shqiptare Demokristiane e Kosovës Partia Konservatore e Kosovës Alternativa Demokratike e Kosovës Republikanët e Kosovës Partia e Ballit Partia Socialdemokrate Balli Kombëtar i Kosovës,,31431
FATMIR SMAJLI,M,19,FJALA,,1667
FATMIR XHELILI,M,2,Partia Demokratike e Kosovës Aleanca për Ardhmërinë e Kosovës Nisma për Kosovën Partia e Drejtësisë Lëvizja për Bashkim Partia Shqiptare Demokristiane e Kosovës Partia Konservatore e Kosovës Alternativa Demokratike e Kosovës Republikanët e Kosovës Partia e Ballit Partia Socialdemokrate Balli Kombëtar i Kosovës,,13825
FATMIRE KOLLÇAKU,F,25,Lëvizja VETËVENDOSJE!,,7615
FATON BEKA,M,9,PARTIA DEMOKRATIKE E ASHKANLIVE TË KOSOVËS,,135
FATON PECI,M,6,LIDHJA DEMOKRATIKE E KOSOVËS ALEANCA KOSOVA E RE,,4225
FATON RAMADANI,M,3,PARTIA E ASHKALINJËVE PËR INTEGRIM,,83
FATON SHABIU,M,19,FJALA,,134
FATON TOPALLI,M,25,Lëvizja VETËVENDOSJE!,,9136
FATOS ISMAJLI,M,19,FJALA,,128
FEDA DERVİŞ,F,16,KOSOVA DEMOKRATİK TÜRK PARTİSİ,,350
FEHMI BIKLIQI,M,16,KOSOVA DEMOKRATİK TÜRK PARTİSİ,,47
FERAT GASHI,M,26,PARTIA ROME E BASHKUAR E KOSOVËS,,41
FERDI REDŽEPI,M,20,KOALICIJA VAKAT,,140
FERDIN DAUTOVIĆ,M,20,KOALICIJA VAKAT,,94
FERIT AZIZOVIĆ,M,20,KOALICIJA VAKAT,,285
FERKI SHALA,M,19,FJALA,,1057
FETA MULA,M,16,KOSOVA DEMOKRATİK TÜRK PARTİSİ,,309
FIDAN ADEMI,M,25,Lëvizja VETËVENDOSJE!,,2030
FIDAN FEKA,M,25,Lëvizja VETËVENDOSJE!,,1636
FİDAN JILTA,F,16,KOSOVA DEMOKRATİK TÜRK PARTİSİ,,2408
FIDAN MUSLIJAJ,M,14,PARTIA LIBERALE EGJIPTIANE,,78
FIDAN MUSTAFA,M,6,LIDHJA DEMOKRATIKE E KOSOVËS ALEANCA KOSOVA E RE,,2083
FIDAN REKALIU,M,6,LIDHJA DEMOKRATIKE E KOSOVËS ALEANCA KOSOVA E RE,,9085
FIDAN STRELLCI,M,10,INICIATIVA E RE DEMOKRATIKE E KOSOVËS,,74
FIKMETE QURKOLLI,F,9,PARTIA DEMOKRATIKE E ASHKANLIVE TË KOSOVËS,,14
FIKRET ÇOROGLLI,M,16,KOSOVA DEMOKRATİK TÜRK PARTİSİ,,84
FIKRET SEZAIRI,M,20,KOALICIJA VAKAT,,438
FİKRİ ŞİŞKO,M,23,KOSOVA TÜRK ADALET PARTISI,,208
FİKRİM DAMKA,M,16,KOSOVA DEMOKRATİK TÜRK PARTİSİ,,2980
FISNIK ISMAILI,M,25,Lëvizja VETËVENDOSJE!,,17017
FITIM SELIMI,M,2,Partia Demokratike e Kosovës Aleanca për Ardhmërinë e Kosovës Nisma për Kosovën Partia e Drejtësisë Lëvizja për Bashkim Partia Shqiptare Demokristiane e Kosovës Partia Konservatore e Kosovës Alternativa Demokratike e Kosovës Republikanët e Kosovës Partia e Ballit Partia Socialdemokrate Balli Kombëtar i Kosovës,,3964
FITORE ALIU,F,19,FJALA,,137
FITORE GECI,F,6,LIDHJA DEMOKRATIKE E KOSOVËS ALEANCA KOSOVA E RE,,4441
FITORE PACOLLI-DALIPI,F,25,Lëvizja VETËVENDOSJE!,,5700
FIZIJA MUSTAFI,F,20,KOALICIJA VAKAT,,73
FJOLLA KURTI,F,10,INICIATIVA E RE DEMOKRATIKE E KOSOVËS,,80
FLAMUR GOZA,M,10,INICIATIVA E RE DEMOKRATIKE E KOSOVËS,,55
FLAMUR MARGATAJ,M,18,PARTIA DEMOKRATIKE E UNITETIT,,44
FLAMUR RAÇI,M,19,FJALA,,51
FLAMUR RAMADANI,M,18,PARTIA DEMOKRATIKE E UNITETIT,,10
FLORA BROVINA,F,2,Partia Demokratike e Kosovës Aleanca për Ardhmërinë e Kosovës Nisma për Kosovën Partia e Drejtësisë Lëvizja për Bashkim Partia Shqiptare Demokristiane e Kosovës Partia Konservatore e Kosovës Alternativa Demokratike e Kosovës Republikanët e Kosovës Partia e Ballit Partia Socialdemokrate Balli Kombëtar i Kosovës,,7566
FLORIK HAXHIKADRIJA,M,19,FJALA,,2019
FLORIM BAJRAMI,M,3,PARTIA E ASHKALINJËVE PËR INTEGRIM,,297
FLORIN HALILI,M,19,FJALA,,186
FLORINDA ABDULLAHU,F,3,PARTIA E ASHKALINJËVE PËR INTEGRIM,,24
FLUTRA BEKTASHI,F,6,LIDHJA DEMOKRATIKE E KOSOVËS ALEANCA KOSOVA E RE,,754
FRASHËR KRASNIQI,M,25,Lëvizja VETËVENDOSJE!,,7237
FURKANDA AVDO,F,15,KOSOVAKI  NEVI  ROMANI  PARTIA,,28
GANI DRESHAJ,M,2,Partia Demokratike e Kosovës Aleanca për Ardhmërinë e Kosovës Nisma për Kosovën Partia e Drejtësisë Lëvizja për Bashkim Partia Shqiptare Demokristiane e Kosovës Partia Konservatore e Kosovës Alternativa Demokratike e Kosovës Republikanët e Kosovës Partia e Ballit Partia Socialdemokrate Balli Kombëtar i Kosovës,,9180
GANI ELSHANI,M,9,PARTIA DEMOKRATIKE E ASHKANLIVE TË KOSOVËS,,191
GANI KRASNIQI,M,25,Lëvizja VETËVENDOSJE!,,4164
GANIMETE KRASNIQI,F,14,PARTIA LIBERALE EGJIPTIANE,,4
GANIMETE KRASNIQI,F,19,FJALA,,34
GANIMETE MUSLIU,F,2,Partia Demokratike e Kosovës Aleanca për Ardhmërinë e Kosovës Nisma për Kosovën Partia e Drejtësisë Lëvizja për Bashkim Partia Shqiptare Demokristiane e Kosovës Partia Konservatore e Kosovës Alternativa Demokratike e Kosovës Republikanët e Kosovës Partia e Ballit Partia Socialdemokrate Balli Kombëtar i Kosovës,,11706
GAZMEND ABRASHI,M,2,Partia Demokratike e Kosovës Aleanca për Ardhmërinë e Kosovës Nisma për Kosovën Partia e Drejtësisë Lëvizja për Bashkim Partia Shqiptare Demokristiane e Kosovës Partia Konservatore e Kosovës Alternativa Demokratike e Kosovës Republikanët e Kosovës Partia e Ballit Partia Socialdemokrate Balli Kombëtar i Kosovës,,8109
GAZMEND PËRVETICA,M,19,FJALA,,75
GAZMOND HAXHIFEJZULLAHI,M,19,FJALA,,39
GENTIANA KRASNIQI BEHLULI,F,19,FJALA,,192
GENTIANA OSMANAJ,F,18,PARTIA DEMOKRATIKE E UNITETIT,,7
GENTIANE BERISHA,F,18,PARTIA DEMOKRATIKE E UNITETIT,,3
GENTRIT RAMADANI,M,18,PARTIA DEMOKRATIKE E UNITETIT,,12
GËZIM DEVOLLI,M,6,LIDHJA DEMOKRATIKE E KOSOVËS ALEANCA KOSOVA E RE,,2617
GËZIM HAJDARI,M,18,PARTIA DEMOKRATIKE E UNITETIT,,32
GËZIM KELMENDI,M,19,FJALA,,6170
GËZIM QELAJ,M,18,PARTIA DEMOKRATIKE E UNITETIT,,28
GINERA AVDIJA,F,7,POKRET ZA GORA,,104
GJEJLAN JAHIROVIQ,F,4,G I EROMENDJE ALTERNATIVA,,27
GJON KEKA,M,18,PARTIA DEMOKRATIKE E UNITETIT,,23
GJYZEL SHALIJANI,F,26,PARTIA ROME E BASHKUAR E KOSOVËS,,139
GLAUK KONJUFCA,M,25,Lëvizja VETËVENDOSJE!,,30573
GOJKO DEJANOVIĆ,M,21,GI. ZA PROSPERITET KOSOVA,,6
GORAN MARINKOVIĆ,M,11,SAMOSTALNA LIBERALNA STRANKA,,805
GORDANA BLANUŠA,F,8,PROGRESIVNA DEMOKRATSKA STRANKA,,124
GRANIT GRUDA,M,19,FJALA,,251
GÜNAY SPAHI,M,23,KOSOVA TÜRK ADALET PARTISI,,286
GYLSHEN CACA,F,26,PARTIA ROME E BASHKUAR E KOSOVËS,,131
GZIM JAHIROVIQ,M,4,G I EROMENDJE ALTERNATIVA,,71
HABIB GASHI,M,9,PARTIA DEMOKRATIKE E ASHKANLIVE TË KOSOVËS,,64
HABIBA BUŠEVAC,F,22,NOVA DEMOKRATSKA STRANKA,,84
HAČIMA NEŠKOVIĆ,F,5,GRAĐANSKA INICIJATIVA GORE,,25
HAFIZE HAJDINI,F,9,PARTIA DEMOKRATIKE E ASHKANLIVE TË KOSOVËS,,319
HAJDAR BEQA,M,2,Partia Demokratike e Kosovës Aleanca për Ardhmërinë e Kosovës Nisma për Kosovën Partia e Drejtësisë Lëvizja për Bashkim Partia Shqiptare Demokristiane e Kosovës Partia Konservatore e Kosovës Alternativa Demokratike e Kosovës Republikanët e Kosovës Partia e Ballit Partia Socialdemokrate Balli Kombëtar i Kosovës,,10114
HAJNUR ABO,M,22,NOVA DEMOKRATSKA STRANKA,,232
HAJRADIN MUSLIJA,M,22,NOVA DEMOKRATSKA STRANKA,,79
HAJREDIN KUÇI,M,2,Partia Demokratike e Kosovës Aleanca për Ardhmërinë e Kosovës Nisma për Kosovën Partia e Drejtësisë Lëvizja për Bashkim Partia Shqiptare Demokristiane e Kosovës Partia Konservatore e Kosovës Alternativa Demokratike e Kosovës Republikanët e Kosovës Partia e Ballit Partia Socialdemokrate Balli Kombëtar i Kosovës,,7999
HAJRUDIN HODŽA,M,7,POKRET ZA GORA,,236
HAKI DEMOLLI,M,6,LIDHJA DEMOKRATIKE E KOSOVËS ALEANCA KOSOVA E RE,,6843
HAKİ RAŞTANA,M,16,KOSOVA DEMOKRATİK TÜRK PARTİSİ,,651
HALID KARADOLAMI,M,22,NOVA DEMOKRATSKA STRANKA,,239
HALIL KERELLAJ,M,14,PARTIA LIBERALE EGJIPTIANE,,164
HALIL MATOSHI,M,2,Partia Demokratike e Kosovës Aleanca për Ardhmërinë e Kosovës Nisma për Kosovën Partia e Drejtësisë Lëvizja për Bashkim Partia Shqiptare Demokristiane e Kosovës Partia Konservatore e Kosovës Alternativa Demokratike e Kosovës Republikanët e Kosovës Partia e Ballit Partia Socialdemokrate Balli Kombëtar i Kosovës,,4568
HALIM MUÇOLLI,M,6,LIDHJA DEMOKRATIKE E KOSOVËS ALEANCA KOSOVA E RE,,2759
HAMDI NRECAJ,M,18,PARTIA DEMOKRATIKE E UNITETIT,,18
HAMIT GASHI,M,19,FJALA,,173
HAMZA BALJE,M,20,KOALICIJA VAKAT,,483
HANA HOXHA,F,19,FJALA,,48
HANUMSHA DALIPI,F,3,PARTIA E ASHKALINJËVE PËR INTEGRIM,,34
HASAN DOGANI,M,9,PARTIA DEMOKRATIKE E ASHKANLIVE TË KOSOVËS,,161
HASAN PRETENI,M,6,LIDHJA DEMOKRATIKE E KOSOVËS ALEANCA KOSOVA E RE,,1050
HASIM SHTËRBANI,M,19,FJALA,,509
HATIDZE OSMANI,F,15,KOSOVAKI  NEVI  ROMANI  PARTIA,,31
HATIXHE HOXHA,F,25,Lëvizja VETËVENDOSJE!,,2470
HATIXHE LATIFI- PUPOVCI,F,25,Lëvizja VETËVENDOSJE!,,2141
HAVA KONGJELI,F,14,PARTIA LIBERALE EGJIPTIANE,,8
HAVA REXHEPI,F,3,PARTIA E ASHKALINJËVE PËR INTEGRIM,,113
HAXHI AVDYLI,M,6,LIDHJA DEMOKRATIKE E KOSOVËS ALEANCA KOSOVA E RE,,8609
HAXHI SHALA,M,2,Partia Demokratike e Kosovës Aleanca për Ardhmërinë e Kosovës Nisma për Kosovën Partia e Drejtësisë Lëvizja për Bashkim Partia Shqiptare Demokristiane e Kosovës Partia Konservatore e Kosovës Alternativa Demokratike e Kosovës Republikanët e Kosovës Partia e Ballit Partia Socialdemokrate Balli Kombëtar i Kosovës,,12776
HAZIR BOROVCI,M,6,LIDHJA DEMOKRATIKE E KOSOVËS ALEANCA KOSOVA E RE,,2745
HEVZİ MAZREK,M,23,KOSOVA TÜRK ADALET PARTISI,,105
HILMO KANDIĆ,M,24,KOALICIJA SDA,,272
HISEN KRASNIQI,M,18,PARTIA DEMOKRATIKE E UNITETIT,,10
HRISTINA KOSTIC,F,11,SAMOSTALNA LIBERALNA STRANKA,,355
HUSNIJA BEŠKOVIĆ,M,22,NOVA DEMOKRATSKA STRANKA,,142
HÜSNİYE KORO,F,23,KOSOVA TÜRK ADALET PARTISI,,136
HYDAJET HYSENI KALOSHI,M,25,Lëvizja VETËVENDOSJE!,,5330
HYKA KERELLAJ,F,14,PARTIA LIBERALE EGJIPTIANE,,10
HYKMETE BAJRAMI,F,6,LIDHJA DEMOKRATIKE E KOSOVËS ALEANCA KOSOVA E RE,,7212
HYRIE VELIU,F,25,Lëvizja VETËVENDOSJE!,,995
HYRMET CELINA,F,16,KOSOVA DEMOKRATİK TÜRK PARTİSİ,,277
HYSEN DURMISHI,M,25,Lëvizja VETËVENDOSJE!,,3475
HYSNI GËRGURI,M,6,LIDHJA DEMOKRATIKE E KOSOVËS ALEANCA KOSOVA E RE,,4314
IDRIZ MURTEZI,M,14,PARTIA LIBERALE EGJIPTIANE,,237
IFETA JAKUPI,F,24,KOALICIJA SDA,,55
IGOR SIMIĆ,M,12,GRAĐANSKA INICIJATIVA SRPSKA LISTA,,13000
ILHAN RAMA,M,22,NOVA DEMOKRATSKA STRANKA,,238
ILIR BERISHA,M,19,FJALA,,147
ILIR DEDA,M,6,LIDHJA DEMOKRATIKE E KOSOVËS ALEANCA KOSOVA E RE,,15569
ILIRJANE GAFURI,F,2,Partia Demokratike e Kosovës Aleanca për Ardhmërinë e Kosovës Nisma për Kosovën Partia e Drejtësisë Lëvizja për Bashkim Partia Shqiptare Demokristiane e Kosovës Partia Konservatore e Kosovës Alternativa Demokratike e Kosovës Republikanët e Kosovës Partia e Ballit Partia Socialdemokrate Balli Kombëtar i Kosovës,,2151
IMER DIBRANI,M,3,PARTIA E ASHKALINJËVE PËR INTEGRIM,,74
IMET RRAHMANI,M,6,LIDHJA DEMOKRATIKE E KOSOVËS ALEANCA KOSOVA E RE,,7272
INDRA JASHARI,F,26,PARTIA ROME E BASHKUAR E KOSOVËS,,54
IRFAN DŽOGOVIĆ,M,20,KOALICIJA VAKAT,,89
ISA AGUSHI,M,6,LIDHJA DEMOKRATIKE E KOSOVËS ALEANCA KOSOVA E RE,,4373
ISA ČOKO,M,20,KOALICIJA VAKAT,,258
ISA OSMANI,M,14,PARTIA LIBERALE EGJIPTIANE,,231
ISA XHEMAJLAJ,M,2,Partia Demokratike e Kosovës Aleanca për Ardhmërinë e Kosovës Nisma për Kosovën Partia e Drejtësisë Lëvizja për Bashkim Partia Shqiptare Demokristiane e Kosovës Partia Konservatore e Kosovës Alternativa Demokratike e Kosovës Republikanët e Kosovës Partia e Ballit Partia Socialdemokrate Balli Kombëtar i Kosovës,,3884
ISAK SINANI,M,19,FJALA,,131
ISLAM PACOLLI,M,6,LIDHJA DEMOKRATIKE E KOSOVËS ALEANCA KOSOVA E RE,,8090
ISLAM RRUSTEMAJ,M,19,FJALA,,44
ISMAJL KURTESHI,M,25,Lëvizja VETËVENDOSJE!,,9046
ISMET BEQIRI,M,6,LIDHJA DEMOKRATIKE E KOSOVËS ALEANCA KOSOVA E RE,,8666
ISMET HAJDINI,M,6,LIDHJA DEMOKRATIKE E KOSOVËS ALEANCA KOSOVA E RE,,1380
ISMET HAMITI,M,25,Lëvizja VETËVENDOSJE!,,1571
ISNI KILAJ,M,2,Partia Demokratike e Kosovës Aleanca për Ardhmërinë e Kosovës Nisma për Kosovën Partia e Drejtësisë Lëvizja për Bashkim Partia Shqiptare Demokristiane e Kosovës Partia Konservatore e Kosovës Alternativa Demokratike e Kosovës Republikanët e Kosovës Partia e Ballit Partia Socialdemokrate Balli Kombëtar i Kosovës,,7414
ISUF BERISHA,M,14,PARTIA LIBERALE EGJIPTIANE,,173
IVAN DIMIĆ,M,13,NAPREDNA SNAGA KOSOVA,,44
IVAN LUKIĆ,M,21,GI. ZA PROSPERITET KOSOVA,,8
IVAN STANKOVIĆ,M,17,PARTIJA KOSOVSKIH SRBA-AKTIVNA GRAĐANSKA INICIJATIVA,,56
IVANA MILIĆ,F,13,NAPREDNA SNAGA KOSOVA,,49
IZET GËRGURI,M,19,FJALA,,167
IZUDIN SAGDATI,M,22,NOVA DEMOKRATSKA STRANKA,,197
JALDEZA MUTISHI,F,15,KOSOVAKI  NEVI  ROMANI  PARTIA,,25
JASEMA MIFTARI,F,20,KOALICIJA VAKAT,,87
JASHAR ÇUKIQ,M,26,PARTIA ROME E BASHKUAR E KOSOVËS,,159
JASMINA DEDIĆ,F,12,GRAĐANSKA INICIJATIVA SRPSKA LISTA,,11872
JASMINA KRASNIQI,F,24,KOALICIJA SDA,,106
JASMINA VASIĆ,F,8,PROGRESIVNA DEMOKRATSKA STRANKA,,302
JASMINA ŽIVKOVIĆ,F,12,GRAĐANSKA INICIJATIVA SRPSKA LISTA,,13446
JEHONA BEHRAMI,F,19,FJALA,,146
JEHONA SHYTI,F,2,Partia Demokratike e Kosovës Aleanca për Ardhmërinë e Kosovës Nisma për Kosovën Partia e Drejtësisë Lëvizja për Bashkim Partia Shqiptare Demokristiane e Kosovës Partia Konservatore e Kosovës Alternativa Demokratike e Kosovës Republikanët e Kosovës Partia e Ballit Partia Socialdemokrate Balli Kombëtar i Kosovës,,6160
JELENA BONTIĆ,F,12,GRAĐANSKA INICIJATIVA SRPSKA LISTA,,13341
JETMIRE VRENEZI,F,25,Lëvizja VETËVENDOSJE!,,1208
JETON EMINI,M,3,PARTIA E ASHKALINJËVE PËR INTEGRIM,,399
JETON JASHARI,M,15,KOSOVAKI  NEVI  ROMANI  PARTIA,,38
JETON SVIRCA,M,6,LIDHJA DEMOKRATIKE E KOSOVËS ALEANCA KOSOVA E RE,,1687
JETON UJKANI,M,6,LIDHJA DEMOKRATIKE E KOSOVËS ALEANCA KOSOVA E RE,,1407
JOLLXHI SHALA,M,15,KOSOVAKI  NEVI  ROMANI  PARTIA,,355
JUSUF ULAJ,M,25,Lëvizja VETËVENDOSJE!,,2489
KADIR HÜSEYIN,M,16,KOSOVA DEMOKRATİK TÜRK PARTİSİ,,1704
KADRI KASTRATI,M,2,Partia Demokratike e Kosovës Aleanca për Ardhmërinë e Kosovës Nisma për Kosovën Partia e Drejtësisë Lëvizja për Bashkim Partia Shqiptare Demokristiane e Kosovës Partia Konservatore e Kosovës Alternativa Demokratike e Kosovës Republikanët e Kosovës Partia e Ballit Partia Socialdemokrate Balli Kombëtar i Kosovës,,5727
KADRI VESELI,M,2,Partia Demokratike e Kosovës Aleanca për Ardhmërinë e Kosovës Nisma për Kosovën Partia e Drejtësisë Lëvizja për Bashkim Partia Shqiptare Demokristiane e Kosovës Partia Konservatore e Kosovës Alternativa Demokratike e Kosovës Republikanët e Kosovës Partia e Ballit Partia Socialdemokrate Balli Kombëtar i Kosovës,,129947
KALTRINA MORINA,F,24,KOALICIJA SDA,,220
KASTRIOT JAHAJ,M,6,LIDHJA DEMOKRATIKE E KOSOVËS ALEANCA KOSOVA E RE,,2792
KATARINA ADJANČIĆ,F,11,SAMOSTALNA LIBERALNA STRANKA,,280
KENAN JASHARI,M,26,PARTIA ROME E BASHKUAR E KOSOVËS,,41
KIMETE BYTYÇI,F,6,LIDHJA DEMOKRATIKE E KOSOVËS ALEANCA KOSOVA E RE,,4312
KOLOSALE ÇITAKU,F,18,PARTIA DEMOKRATIKE E UNITETIT,,74
KORAB SEJDIU,M,6,LIDHJA DEMOKRATIKE E KOSOVËS ALEANCA KOSOVA E RE,,8602
KRENARE BELLACËRKA,F,10,INICIATIVA E RE DEMOKRATIKE E KOSOVËS,,74
KRENARE KOQI,F,25,Lëvizja VETËVENDOSJE!,,3329
KRENARE SPAHIU OSMANI,F,16,KOSOVA DEMOKRATİK TÜRK PARTİSİ,,416
KUJTIM BERISHA,M,19,FJALA,,80
KUJTIM PAÇAK,M,15,KOSOVAKI  NEVI  ROMANI  PARTIA,,357
KUJTIM SHALA,M,6,LIDHJA DEMOKRATIKE E KOSOVËS ALEANCA KOSOVA E RE,,17744
KUJTIM SHALA,M,25,Lëvizja VETËVENDOSJE!,,5106
KUMRIJE BAJRAMI,F,10,INICIATIVA E RE DEMOKRATIKE E KOSOVËS,,134
KURTAN KAJTAZI,M,2,Partia Demokratike e Kosovës Aleanca për Ardhmërinë e Kosovës Nisma për Kosovën Partia e Drejtësisë Lëvizja për Bashkim Partia Shqiptare Demokristiane e Kosovës Partia Konservatore e Kosovës Alternativa Demokratike e Kosovës Republikanët e Kosovës Partia e Ballit Partia Socialdemokrate Balli Kombëtar i Kosovës,,7395
LABINOT TAHIRI,M,6,LIDHJA DEMOKRATIKE E KOSOVËS ALEANCA KOSOVA E RE,,15540
LABINOTË DEMI-MURTEZI,F,6,LIDHJA DEMOKRATIKE E KOSOVËS ALEANCA KOSOVA E RE,,5306
LAHI BRAHIMAJ,M,2,Partia Demokratike e Kosovës Aleanca për Ardhmërinë e Kosovës Nisma për Kosovën Partia e Drejtësisë Lëvizja për Bashkim Partia Shqiptare Demokristiane e Kosovës Partia Konservatore e Kosovës Alternativa Demokratike e Kosovës Republikanët e Kosovës Partia e Ballit Partia Socialdemokrate Balli Kombëtar i Kosovës,,8121
LAURESË KUKAJ,F,18,PARTIA DEMOKRATIKE E UNITETIT,,13
LAZËR NRECAJ,M,25,Lëvizja VETËVENDOSJE!,,932
LEONARD SHALA,M,25,Lëvizja VETËVENDOSJE!,,2250
LEONORA BUNJAKU,F,2,Partia Demokratike e Kosovës Aleanca për Ardhmërinë e Kosovës Nisma për Kosovën Partia e Drejtësisë Lëvizja për Bashkim Partia Shqiptare Demokristiane e Kosovës Partia Konservatore e Kosovës Alternativa Demokratike e Kosovës Republikanët e Kosovës Partia e Ballit Partia Socialdemokrate Balli Kombëtar i Kosovës,,6496
LEONORA SHABANI-BAJRAKTARI,F,25,Lëvizja VETËVENDOSJE!,,2366
LEUTRIM SHALA,M,19,FJALA,,162
LEVENT BUŞ,M,16,KOSOVA DEMOKRATİK TÜRK PARTİSİ,,1635
LEVENT HYDAVERDI,M,16,KOSOVA DEMOKRATİK TÜRK PARTİSİ,,217
LIBURN ALIU,M,25,Lëvizja VETËVENDOSJE!,,10834
LIDON PAJAZITI,M,20,KOALICIJA VAKAT,,520
LIMAN ZEQIRI,M,6,LIDHJA DEMOKRATIKE E KOSOVËS ALEANCA KOSOVA E RE,,4876
LIMON RAMADANI,M,9,PARTIA DEMOKRATIKE E ASHKANLIVE TË KOSOVËS,,112
LINDA SELMANI,F,1,JEDINSTVENA GORANSKA PARTIJA,,49
LIRIDON HALILI,M,19,FJALA,,83
LIRIJE KAJTAZI,F,6,LIDHJA DEMOKRATIKE E KOSOVËS ALEANCA KOSOVA E RE,,7904
LIRIJONË DULI,F,25,Lëvizja VETËVENDOSJE!,,1685
LJILJANA STOJANOVIĆ,F,21,GI. ZA PROSPERITET KOSOVA,,15
LUAN HOXHA,M,25,Lëvizja VETËVENDOSJE!,,801
LUAN SHLLAKU,M,6,LIDHJA DEMOKRATIKE E KOSOVËS ALEANCA KOSOVA E RE,,1618
LULJETA VESELAJ GUTAJ,F,2,Partia Demokratike e Kosovës Aleanca për Ardhmërinë e Kosovës Nisma për Kosovën Partia e Drejtësisë Lëvizja për Bashkim Partia Shqiptare Demokristiane e Kosovës Partia Konservatore e Kosovës Alternativa Demokratike e Kosovës Republikanët e Kosovës Partia e Ballit Partia Socialdemokrate Balli Kombëtar i Kosovës,,6963
LULZIM BERISHA,M,18,PARTIA DEMOKRATIKE E UNITETIT,,20
LULZIM ISLAMI,M,19,FJALA,,95
LULZIM KABASHI,M,2,Partia Demokratike e Kosovës Aleanca për Ardhmërinë e Kosovës Nisma për Kosovën Partia e Drejtësisë Lëvizja për Bashkim Partia Shqiptare Demokristiane e Kosovës Partia Konservatore e Kosovës Alternativa Demokratike e Kosovës Republikanët e Kosovës Partia e Ballit Partia Socialdemokrate Balli Kombëtar i Kosovës,,7067
LUMIR ABDIXHIKU,M,6,LIDHJA DEMOKRATIKE E KOSOVËS ALEANCA KOSOVA E RE,,28991
LUTFI BILALLI,M,2,Partia Demokratike e Kosovës Aleanca për Ardhmërinë e Kosovës Nisma për Kosovën Partia e Drejtësisë Lëvizja për Bashkim Partia Shqiptare Demokristiane e Kosovës Partia Konservatore e Kosovës Alternativa Demokratike e Kosovës Republikanët e Kosovës Partia e Ballit Partia Socialdemokrate Balli Kombëtar i Kosovës,,2020
LUTFI ZHARKU,M,6,LIDHJA DEMOKRATIKE E KOSOVËS ALEANCA KOSOVA E RE,,12348
MAGBULE SHKODRA,F,2,Partia Demokratike e Kosovës Aleanca për Ardhmërinë e Kosovës Nisma për Kosovën Partia e Drejtësisë Lëvizja për Bashkim Partia Shqiptare Demokristiane e Kosovës Partia Konservatore e Kosovës Alternativa Demokratike e Kosovës Republikanët e Kosovës Partia e Ballit Partia Socialdemokrate Balli Kombëtar i Kosovës,,5517
MAHİR YAGCİLAR,M,16,KOSOVA DEMOKRATİK TÜRK PARTİSİ,,2928
MAJDA NEZIRI,F,22,NOVA DEMOKRATSKA STRANKA,,62
MALA SHALA,M,18,PARTIA DEMOKRATIKE E UNITETIT,,36
MALIĆ SKENDERI,M,22,NOVA DEMOKRATSKA STRANKA,,19
MALINA IMERI,F,20,KOALICIJA VAKAT,,75
MANE MYRTAJ,F,14,PARTIA LIBERALE EGJIPTIANE,,35
MANUELLA KONI,F,2,Partia Demokratike e Kosovës Aleanca për Ardhmërinë e Kosovës Nisma për Kosovën Partia e Drejtësisë Lëvizja për Bashkim Partia Shqiptare Demokristiane e Kosovës Partia Konservatore e Kosovës Alternativa Demokratike e Kosovës Republikanët e Kosovës Partia e Ballit Partia Socialdemokrate Balli Kombëtar i Kosovës,,1330
MANUSH ISMAJLI,F,9,PARTIA DEMOKRATIKE E ASHKANLIVE TË KOSOVËS,,19
MARIGONA KRASNIQI,F,19,FJALA,,283
MARIGONA RRUSTEMAJ,F,19,FJALA,,78
MARKO MARKOVIĆ,M,8,PROGRESIVNA DEMOKRATSKA STRANKA,,397
MASAR SHALA,M,19,FJALA,,67
MEDIJA RAMA,F,22,NOVA DEMOKRATSKA STRANKA,,178
MEHMED ĆEMAN,M,25,Lëvizja VETËVENDOSJE!,,594
MEHMET OSMANI,M,18,PARTIA DEMOKRATIKE E UNITETIT,,9
MEJDIN OMERI,M,20,KOALICIJA VAKAT,,186
MEJREME UKA,F,2,Partia Demokratike e Kosovës Aleanca për Ardhmërinë e Kosovës Nisma për Kosovën Partia e Drejtësisë Lëvizja për Bashkim Partia Shqiptare Demokristiane e Kosovës Partia Konservatore e Kosovës Alternativa Demokratike e Kosovës Republikanët e Kosovës Partia e Ballit Partia Socialdemokrate Balli Kombëtar i Kosovës,,1393
MELDA GASHI,F,16,KOSOVA DEMOKRATİK TÜRK PARTİSİ,,306
MELDINA ALIJA,F,22,NOVA DEMOKRATSKA STRANKA,,83
MELIHATE TËRMKOLLI,F,6,LIDHJA DEMOKRATIKE E KOSOVËS ALEANCA KOSOVA E RE,,4638
MELISA AZIZOVIĆ,F,22,NOVA DEMOKRATSKA STRANKA,,462
MELITA KALLABA,F,6,LIDHJA DEMOKRATIKE E KOSOVËS ALEANCA KOSOVA E RE,,1659
MEMIŠ BIRDAINI,M,20,KOALICIJA VAKAT,,741
MEMLI KRASNIQI,M,2,Partia Demokratike e Kosovës Aleanca për Ardhmërinë e Kosovës Nisma për Kosovën Partia e Drejtësisë Lëvizja për Bashkim Partia Shqiptare Demokristiane e Kosovës Partia Konservatore e Kosovës Alternativa Demokratike e Kosovës Republikanët e Kosovës Partia e Ballit Partia Socialdemokrate Balli Kombëtar i Kosovës,,19076
MENTOR GRAJÇEVCI,M,19,FJALA,,108
MENTOR PAQARIZI,M,19,FJALA,,60
MERDŽAN OSMANI,M,22,NOVA DEMOKRATSKA STRANKA,,492
MERDŽAN RAMADANI,M,1,JEDINSTVENA GORANSKA PARTIJA,,75
MERGIM LUSHTAKU,M,2,Partia Demokratike e Kosovës Aleanca për Ardhmërinë e Kosovës Nisma për Kosovën Partia e Drejtësisë Lëvizja për Bashkim Partia Shqiptare Demokristiane e Kosovës Partia Konservatore e Kosovës Alternativa Demokratike e Kosovës Republikanët e Kosovës Partia e Ballit Partia Socialdemokrate Balli Kombëtar i Kosovës,,19750
MERIDON DEMAJ,M,19,FJALA,,29
MERIMA SHABANI,F,15,KOSOVAKI  NEVI  ROMANI  PARTIA,,12
MEVLJUDA OSMANI,F,1,JEDINSTVENA GORANSKA PARTIJA,,79
MEXHIDE MJAKU- TOPALLI,F,2,Partia Demokratike e Kosovës Aleanca për Ardhmërinë e Kosovës Nisma për Kosovën Partia e Drejtësisë Lëvizja për Bashkim Partia Shqiptare Demokristiane e Kosovës Partia Konservatore e Kosovës Alternativa Demokratike e Kosovës Republikanët e Kosovës Partia e Ballit Partia Socialdemokrate Balli Kombëtar i Kosovës,,7774
MIHRET SALKOVIĆ,M,22,NOVA DEMOKRATSKA STRANKA,,80
MILAIM ZEKA,M,2,Partia Demokratike e Kosovës Aleanca për Ardhmërinë e Kosovës Nisma për Kosovën Partia e Drejtësisë Lëvizja për Bashkim Partia Shqiptare Demokristiane e Kosovës Partia Konservatore e Kosovës Alternativa Demokratike e Kosovës Republikanët e Kosovës Partia e Ballit Partia Socialdemokrate Balli Kombëtar i Kosovës,,12082
MILAN MARINKOVIĆ,M,21,GI. ZA PROSPERITET KOSOVA,,8
MILAN STOJANOVIĆ,M,11,SAMOSTALNA LIBERALNA STRANKA,,638
MILAZIM ALSHIQI,M,19,FJALA,,118
MILAZIM HALITI,M,6,LIDHJA DEMOKRATIKE E KOSOVËS ALEANCA KOSOVA E RE,,4854
MILAZIM SHALA,M,14,PARTIA LIBERALE EGJIPTIANE,,14
MILEVA LJUBIĆ,F,13,NAPREDNA SNAGA KOSOVA,,49
MILJANA NIKOLIĆ,F,12,GRAĐANSKA INICIJATIVA SRPSKA LISTA,,13650
MILKA VULETIĆ,F,17,PARTIJA KOSOVSKIH SRBA-AKTIVNA GRAĐANSKA INICIJATIVA,,184
MILORAD DANIĆ,M,21,GI. ZA PROSPERITET KOSOVA,,86
MILOŠ DJORDJEVIĆ,M,11,SAMOSTALNA LIBERALNA STRANKA,,35
MILOŠ PEROVIĆ,M,12,GRAĐANSKA INICIJATIVA SRPSKA LISTA,,11129
MIMOZA IBISHI,F,6,LIDHJA DEMOKRATIKE E KOSOVËS ALEANCA KOSOVA E RE,,2776
MIMOZA KUSARI LILA,F,6,LIDHJA DEMOKRATIKE E KOSOVËS ALEANCA KOSOVA E RE,,20550
MIRADIJE BEKOLLI,F,18,PARTIA DEMOKRATIKE E UNITETIT,,32
MIRALEM JAKUPI,M,22,NOVA DEMOKRATSKA STRANKA,,89
MIRANDA SHERIFI,F,19,FJALA,,20
MIRDITA GASHI,F,19,FJALA,,36
MIRJANA JEVTIĆ,F,17,PARTIJA KOSOVSKIH SRBA-AKTIVNA GRAĐANSKA INICIJATIVA,,1361
MIRJETA GECAJ,F,14,PARTIA LIBERALE EGJIPTIANE,,31
MIRJETA KALLUDRA,F,6,LIDHJA DEMOKRATIKE E KOSOVËS ALEANCA KOSOVA E RE,,5677
MIRKO POPOVIĆ,M,11,SAMOSTALNA LIBERALNA STRANKA,,391
MIRLINDA HOTI,F,14,PARTIA LIBERALE EGJIPTIANE,,55
MIRLINDA SOPI,F,6,LIDHJA DEMOKRATIKE E KOSOVËS ALEANCA KOSOVA E RE,,2975
MIRLINDË GASHI,F,6,LIDHJA DEMOKRATIKE E KOSOVËS ALEANCA KOSOVA E RE,,3256
MIROSLAV RISTIĆ,M,11,SAMOSTALNA LIBERALNA STRANKA,,165
MIROSLAV ŽIVKOVIC,M,17,PARTIJA KOSOVSKIH SRBA-AKTIVNA GRAĐANSKA INICIJATIVA,,115
MIRSAD SHKRETA,M,25,Lëvizja VETËVENDOSJE!,,3387
MIRSIJE BEKERI,F,18,PARTIA DEMOKRATIKE E UNITETIT,,3
MLADEN STANKOVIC,M,11,SAMOSTALNA LIBERALNA STRANKA,,779
MOAMER ALAKSA,M,19,FJALA,,161
MUAMER JAKUPI,M,19,FJALA,,185
MUFERA SRBICA ŞINIK,F,16,KOSOVA DEMOKRATİK TÜRK PARTİSİ,,2580
MUHAMET BERISHA,M,14,PARTIA LIBERALE EGJIPTIANE,,30
MUHAMET BOJNIKU,M,19,FJALA,,58
MUHAMET LATIFI,M,2,Partia Demokratike e Kosovës Aleanca për Ardhmërinë e Kosovës Nisma për Kosovën Partia e Drejtësisë Lëvizja për Bashkim Partia Shqiptare Demokristiane e Kosovës Partia Konservatore e Kosovës Alternativa Demokratike e Kosovës Republikanët e Kosovës Partia e Ballit Partia Socialdemokrate Balli Kombëtar i Kosovës,,5304
MUHAMET MUSTAFA,M,6,LIDHJA DEMOKRATIKE E KOSOVËS ALEANCA KOSOVA E RE,,4603
MUHARREM IBRAHIMI,M,6,LIDHJA DEMOKRATIKE E KOSOVËS ALEANCA KOSOVA E RE,,3746
MUHARREM KUÇI,M,2,Partia Demokratike e Kosovës Aleanca për Ardhmërinë e Kosovës Nisma për Kosovën Partia e Drejtësisë Lëvizja për Bashkim Partia Shqiptare Demokristiane e Kosovës Partia Konservatore e Kosovës Alternativa Demokratike e Kosovës Republikanët e Kosovës Partia e Ballit Partia Socialdemokrate Balli Kombëtar i Kosovës,,2651
MUHARREM MUSLIU,M,19,FJALA,,151
MUHARREM NITAJ,M,2,Partia Demokratike e Kosovës Aleanca për Ardhmërinë e Kosovës Nisma për Kosovën Partia e Drejtësisë Lëvizja për Bashkim Partia Shqiptare Demokristiane e Kosovës Partia Konservatore e Kosovës Alternativa Demokratike e Kosovës Republikanët e Kosovës Partia e Ballit Partia Socialdemokrate Balli Kombëtar i Kosovës,,8982
MUHARREM PRIZRENI,M,10,INICIATIVA E RE DEMOKRATIKE E KOSOVËS,,66
MUHARREM XHEMAJLI,M,2,Partia Demokratike e Kosovës Aleanca për Ardhmërinë e Kosovës Nisma për Kosovën Partia e Drejtësisë Lëvizja për Bashkim Partia Shqiptare Demokristiane e Kosovës Partia Konservatore e Kosovës Alternativa Demokratike e Kosovës Republikanët e Kosovës Partia e Ballit Partia Socialdemokrate Balli Kombëtar i Kosovës,,5474
MUHMIN AMETI,M,22,NOVA DEMOKRATSKA STRANKA,,67
MUNEZER KUKA,M,1,JEDINSTVENA GORANSKA PARTIJA,,274
MÜRSEL MAZREK,M,23,KOSOVA TÜRK ADALET PARTISI,,429
MURSELJ HALJILJI,M,5,GRAĐANSKA INICIJATIVA GORE,,301
MUSA HALILAJ,M,19,FJALA,,244
MUSA KRASNIQI,M,19,FJALA,,387
MUSA MUSTAFA,M,14,PARTIA LIBERALE EGJIPTIANE,,59
MUSTAFA AJDARI,M,22,NOVA DEMOKRATSKA STRANKA,,31
MUSTAFË MYRTAJ,M,14,PARTIA LIBERALE EGJIPTIANE,,715
MYTAHER HASKUKA,M,25,Lëvizja VETËVENDOSJE!,,7433
MYZEJENE SELMANI,F,6,LIDHJA DEMOKRATIKE E KOSOVËS ALEANCA KOSOVA E RE,,1781
NADA BRKLJAČ,F,11,SAMOSTALNA LIBERALNA STRANKA,,58
NAIM BAZAJ,M,2,Partia Demokratike e Kosovës Aleanca për Ardhmërinë e Kosovës Nisma për Kosovën Partia e Drejtësisë Lëvizja për Bashkim Partia Shqiptare Demokristiane e Kosovës Partia Konservatore e Kosovës Alternativa Demokratike e Kosovës Republikanët e Kosovës Partia e Ballit Partia Socialdemokrate Balli Kombëtar i Kosovës,,6482
NAIM FETAHU,M,2,Partia Demokratike e Kosovës Aleanca për Ardhmërinë e Kosovës Nisma për Kosovën Partia e Drejtësisë Lëvizja për Bashkim Partia Shqiptare Demokristiane e Kosovës Partia Konservatore e Kosovës Alternativa Demokratike e Kosovës Republikanët e Kosovës Partia e Ballit Partia Socialdemokrate Balli Kombëtar i Kosovës,,7047
NAIM SAHITI,M,2,Partia Demokratike e Kosovës Aleanca për Ardhmërinë e Kosovës Nisma për Kosovën Partia e Drejtësisë Lëvizja për Bashkim Partia Shqiptare Demokristiane e Kosovës Partia Konservatore e Kosovës Alternativa Demokratike e Kosovës Republikanët e Kosovës Partia e Ballit Partia Socialdemokrate Balli Kombëtar i Kosovës,,3911
NAIT HASANI,M,2,Partia Demokratike e Kosovës Aleanca për Ardhmërinë e Kosovës Nisma për Kosovën Partia e Drejtësisë Lëvizja për Bashkim Partia Shqiptare Demokristiane e Kosovës Partia Konservatore e Kosovës Alternativa Demokratike e Kosovës Republikanët e Kosovës Partia e Ballit Partia Socialdemokrate Balli Kombëtar i Kosovës,,9578
NASER KONGJELI,M,14,PARTIA LIBERALE EGJIPTIANE,,53
NASER META,M,22,NOVA DEMOKRATSKA STRANKA,,434
NASER OSMANI,M,6,LIDHJA DEMOKRATIKE E KOSOVËS ALEANCA KOSOVA E RE,,7350
NASER RUGOVA,M,6,LIDHJA DEMOKRATIKE E KOSOVËS ALEANCA KOSOVA E RE,,7515
NASIR RRAHMANI,M,19,FJALA,,92
NAZLIE BALA,F,25,Lëvizja VETËVENDOSJE!,,3939
NAZMIJE RAMADANI,F,9,PARTIA DEMOKRATIKE E ASHKANLIVE TË KOSOVËS,,14
NAZMIJE SOPJANI,F,19,FJALA,,29
NEBAHATE KRASNIQI,F,19,FJALA,,75
NEBOJŠA JAKOVLJEVIĆ,M,11,SAMOSTALNA LIBERALNA STRANKA,,461
NEBOJŠA RAŠIĆ,M,8,PROGRESIVNA DEMOKRATSKA STRANKA,,189
NEBOJŠA RAŠIĆ,M,11,SAMOSTALNA LIBERALNA STRANKA,,280
NEDŽAD MUMINOVIĆ,M,24,KOALICIJA SDA,,25
NEDŽAD UGLJANIN,M,20,KOALICIJA VAKAT,,117
NEHAT BERISHA,M,19,FJALA,,38
NEHAT EMRULLAHU,M,6,LIDHJA DEMOKRATIKE E KOSOVËS ALEANCA KOSOVA E RE,,857
NENAD RAŠIĆ,M,8,PROGRESIVNA DEMOKRATSKA STRANKA,,1244
NERMINA ALITI,F,22,NOVA DEMOKRATSKA STRANKA,,181
NESHAD ASLLANI,M,6,LIDHJA DEMOKRATIKE E KOSOVËS ALEANCA KOSOVA E RE,,1444
NEVZAD ISUFI,M,25,Lëvizja VETËVENDOSJE!,,4261
NEXHAT KRYEZIU,M,25,Lëvizja VETËVENDOSJE!,,3976
NEXHAT RAMADANI,M,6,LIDHJA DEMOKRATIKE E KOSOVËS ALEANCA KOSOVA E RE,,5075
NEXHMEDIN BALIJA,M,18,PARTIA DEMOKRATIKE E UNITETIT,,21
NEXHMEDIN RAMADANI,M,19,FJALA,,1566
NEZIR ÇOÇAJ,M,2,Partia Demokratike e Kosovës Aleanca për Ardhmërinë e Kosovës Nisma për Kosovën Partia e Drejtësisë Lëvizja për Bashkim Partia Shqiptare Demokristiane e Kosovës Partia Konservatore e Kosovës Alternativa Demokratike e Kosovës Republikanët e Kosovës Partia e Ballit Partia Socialdemokrate Balli Kombëtar i Kosovës,,10321
NIHAT HABIBOVIQ,M,24,KOALICIJA SDA,,23
NIJAZI KRYEZIU,M,2,Partia Demokratike e Kosovës Aleanca për Ardhmërinë e Kosovës Nisma për Kosovën Partia e Drejtësisë Lëvizja për Bashkim Partia Shqiptare Demokristiane e Kosovës Partia Konservatore e Kosovës Alternativa Demokratike e Kosovës Republikanët e Kosovës Partia e Ballit Partia Socialdemokrate Balli Kombëtar i Kosovës,,5922
NINOSLAV ALEKSIĆ,M,13,NAPREDNA SNAGA KOSOVA,,56
NJOMZA EMINI,F,6,LIDHJA DEMOKRATIKE E KOSOVËS ALEANCA KOSOVA E RE,,1821
NORA ALSHIQI,F,19,FJALA,,46
NUHIJA TAIROVCI,M,20,KOALICIJA VAKAT,,438
NUMAN BALIĆ,M,24,KOALICIJA SDA,,974
NUREDIN BEKA,M,19,FJALA,,369
NUREDIN IBISHI,M,6,LIDHJA DEMOKRATIKE E KOSOVËS ALEANCA KOSOVA E RE,,3265
NUSRET HOXHA,M,1,JEDINSTVENA GORANSKA PARTIJA,,114
NYSTRET PRETENI,M,19,FJALA,,250
OMER DACIĆ,M,20,KOALICIJA VAKAT,,208
ORAN LOPAR,M,16,KOSOVA DEMOKRATİK TÜRK PARTİSİ,,2364
ORUČ KARADOLAMI,M,22,NOVA DEMOKRATSKA STRANKA,,311
OSMAN CUCOVIĆ,M,20,KOALICIJA VAKAT,,294
PAL LEKAJ,M,2,Partia Demokratike e Kosovës Aleanca për Ardhmërinë e Kosovës Nisma për Kosovën Partia e Drejtësisë Lëvizja për Bashkim Partia Shqiptare Demokristiane e Kosovës Partia Konservatore e Kosovës Alternativa Demokratike e Kosovës Republikanët e Kosovës Partia e Ballit Partia Socialdemokrate Balli Kombëtar i Kosovës,,10282
PËRPARIM LUBISHTANI,M,19,FJALA,,91
PRANVERA GASHI,F,19,FJALA,,189
QAZIM GUSHANI,M,15,KOSOVAKI  NEVI  ROMANI  PARTIA,,60
QAZIM RAHMANI,M,3,PARTIA E ASHKALINJËVE PËR INTEGRIM,,528
QELO NEZIRI,M,14,PARTIA LIBERALE EGJIPTIANE,,151
QENDRESA HELSHANI,F,18,PARTIA DEMOKRATIKE E UNITETIT,,17
QËNDRON KASTRATI,M,25,Lëvizja VETËVENDOSJE!,,6947
RADISAV UGRINOVIĆ,M,21,GI. ZA PROSPERITET KOSOVA,,14
RAFET KOJIĆ,M,24,KOALICIJA SDA,,37
RAFET KRASNIQI,M,3,PARTIA E ASHKALINJËVE PËR INTEGRIM,,89
RAFET RAMA,M,2,Partia Demokratike e Kosovës Aleanca për Ardhmërinë e Kosovës Nisma për Kosovën Partia e Drejtësisë Lëvizja për Bashkim Partia Shqiptare Demokristiane e Kosovës Partia Konservatore e Kosovës Alternativa Demokratike e Kosovës Republikanët e Kosovës Partia e Ballit Partia Socialdemokrate Balli Kombëtar i Kosovës,,8821
RAFIT KURTIŠI,M,20,KOALICIJA VAKAT,,268
RAHIM BAJRAMI,M,22,NOVA DEMOKRATSKA STRANKA,,99
RAHIME BEHRAMI,F,19,FJALA,,35
RAMADAN BEQIRI,M,25,Lëvizja VETËVENDOSJE!,,851
RAMADAN KADRIU,M,19,FJALA,,41
RAMADAN REXHEPI,M,14,PARTIA LIBERALE EGJIPTIANE,,15
RAMADAN ZEKA,M,19,FJALA,,59
RAMČE KASI,M,20,KOALICIJA VAKAT,,128
RAMEL ALJIMI,M,22,NOVA DEMOKRATSKA STRANKA,,215
RAMIZ KELMENDI,M,6,LIDHJA DEMOKRATIKE E KOSOVËS ALEANCA KOSOVA E RE,,10457
RAMIZ ZIZAKU,M,10,INICIATIVA E RE DEMOKRATIKE E KOSOVËS,,114
RAMUSH AGUSHI,M,2,Partia Demokratike e Kosovës Aleanca për Ardhmërinë e Kosovës Nisma për Kosovën Partia e Drejtësisë Lëvizja për Bashkim Partia Shqiptare Demokristiane e Kosovës Partia Konservatore e Kosovës Alternativa Demokratike e Kosovës Republikanët e Kosovës Partia e Ballit Partia Socialdemokrate Balli Kombëtar i Kosovës,,8165
RAMUSH HARADINAJ,M,2,Partia Demokratike e Kosovës Aleanca për Ardhmërinë e Kosovës Nisma për Kosovën Partia e Drejtësisë Lëvizja për Bashkim Partia Shqiptare Demokristiane e Kosovës Partia Konservatore e Kosovës Alternativa Demokratike e Kosovës Republikanët e Kosovës Partia e Ballit Partia Socialdemokrate Balli Kombëtar i Kosovës,,102127
RASHIT GASHI,M,25,Lëvizja VETËVENDOSJE!,,1599
RASIM DEMIRI,M,20,KOALICIJA VAKAT,,2775
RASIM KRASNIQ,M,26,PARTIA ROME E BASHKUAR E KOSOVËS,,149
RASIM SELMANAJ,M,2,Partia Demokratike e Kosovës Aleanca për Ardhmërinë e Kosovës Nisma për Kosovën Partia e Drejtësisë Lëvizja për Bashkim Partia Shqiptare Demokristiane e Kosovës Partia Konservatore e Kosovës Alternativa Demokratike e Kosovës Republikanët e Kosovës Partia e Ballit Partia Socialdemokrate Balli Kombëtar i Kosovës,,9844
RAZË RAMAJ,F,9,PARTIA DEMOKRATIKE E ASHKANLIVE TË KOSOVËS,,71
REDŽEP KAMBERI,M,5,GRAĐANSKA INICIJATIVA GORE,,56
REDŽO KOJIĆ,M,22,NOVA DEMOKRATSKA STRANKA,,128
REFIQE TËRNAVA BEKA,F,6,LIDHJA DEMOKRATIKE E KOSOVËS ALEANCA KOSOVA E RE,,5492
REJHAN ZURAPI,M,8,PROGRESIVNA DEMOKRATSKA STRANKA,,32
REMZIJE ARIFI,F,3,PARTIA E ASHKALINJËVE PËR INTEGRIM,,19
RESHAT NURBOJA,M,6,LIDHJA DEMOKRATIKE E KOSOVËS ALEANCA KOSOVA E RE,,1139
RESUL MAKRESHI,M,9,PARTIA DEMOKRATIKE E ASHKANLIVE TË KOSOVËS,,627
REXHEP AVDO,M,15,KOSOVAKI  NEVI  ROMANI  PARTIA,,151
REXHEP KADRIU,M,2,Partia Demokratike e Kosovës Aleanca për Ardhmërinë e Kosovës Nisma për Kosovën Partia e Drejtësisë Lëvizja për Bashkim Partia Shqiptare Demokristiane e Kosovës Partia Konservatore e Kosovës Alternativa Demokratike e Kosovës Republikanët e Kosovës Partia e Ballit Partia Socialdemokrate Balli Kombëtar i Kosovës,,5730
REXHEP SELIMI,M,25,Lëvizja VETËVENDOSJE!,,13288
RINË DRAGUSHA,F,19,FJALA,,71
RINOR KELMENDI,M,19,FJALA,,279
RREZARTA DAUTAJ,F,14,PARTIA LIBERALE EGJIPTIANE,,123
RRUSTEM BERISHA,M,2,Partia Demokratike e Kosovës Aleanca për Ardhmërinë e Kosovës Nisma për Kosovën Partia e Drejtësisë Lëvizja për Bashkim Partia Shqiptare Demokristiane e Kosovës Partia Konservatore e Kosovës Alternativa Demokratike e Kosovës Republikanët e Kosovës Partia e Ballit Partia Socialdemokrate Balli Kombëtar i Kosovës,,10928
RRUSTEM MUSA,M,2,Partia Demokratike e Kosovës Aleanca për Ardhmërinë e Kosovës Nisma për Kosovën Partia e Drejtësisë Lëvizja për Bashkim Partia Shqiptare Demokristiane e Kosovës Partia Konservatore e Kosovës Alternativa Demokratike e Kosovës Republikanët e Kosovës Partia e Ballit Partia Socialdemokrate Balli Kombëtar i Kosovës,,8551
RUHADA EMINI,F,7,POKRET ZA GORA,,75
RÜJDİ KRÜEZİ,M,23,KOSOVA TÜRK ADALET PARTISI,,322
RUKIJE KARAMONI,F,10,INICIATIVA E RE DEMOKRATIKE E KOSOVËS,,191
RUSTEM NURKOVIĆ,M,20,KOALICIJA VAKAT,,292
RUZHDI BRAHIMI,M,9,PARTIA DEMOKRATIKE E ASHKANLIVE TË KOSOVËS,,63
SABINA DANA,F,22,NOVA DEMOKRATSKA STRANKA,,146
SABIT KADRIU,M,25,Lëvizja VETËVENDOSJE!,,3195
SABRI HAMITI,M,6,LIDHJA DEMOKRATIKE E KOSOVËS ALEANCA KOSOVA E RE,,3101
SABRIJE TERZIQI,F,16,KOSOVA DEMOKRATİK TÜRK PARTİSİ,,139
SADETİN POÇİNKA,M,16,KOSOVA DEMOKRATİK TÜRK PARTİSİ,,514
SADIJE JAKUPI,F,6,LIDHJA DEMOKRATIKE E KOSOVËS ALEANCA KOSOVA E RE,,2880
SADIK DELIQI,M,22,NOVA DEMOKRATSKA STRANKA,,48
SADIK KRASNIQI,M,25,Lëvizja VETËVENDOSJE!,,1686
SADIKA KOFRC,F,20,KOALICIJA VAKAT,,207
SADRI FERATI,M,6,LIDHJA DEMOKRATIKE E KOSOVËS ALEANCA KOSOVA E RE,,5596
SADRI RAMABAJA,M,25,Lëvizja VETËVENDOSJE!,,2805
SAFET ADEMI,M,19,FJALA,,145
SAFET KUŠI,M,7,POKRET ZA GORA,,79
SAFETE HADERGJONAJ,F,2,Partia Demokratike e Kosovës Aleanca për Ardhmërinë e Kosovës Nisma për Kosovën Partia e Drejtësisë Lëvizja për Bashkim Partia Shqiptare Demokristiane e Kosovës Partia Konservatore e Kosovës Alternativa Demokratike e Kosovës Republikanët e Kosovës Partia e Ballit Partia Socialdemokrate Balli Kombëtar i Kosovës,,6721
SAHIT KANDIĆ,M,22,NOVA DEMOKRATSKA STRANKA,,151
SALA BERISHA-SHALA,F,2,Partia Demokratike e Kosovës Aleanca për Ardhmërinë e Kosovës Nisma për Kosovën Partia e Drejtësisë Lëvizja për Bashkim Partia Shqiptare Demokristiane e Kosovës Partia Konservatore e Kosovës Alternativa Demokratike e Kosovës Republikanët e Kosovës Partia e Ballit Partia Socialdemokrate Balli Kombëtar i Kosovës,,17446
SALI BERISHA,M,14,PARTIA LIBERALE EGJIPTIANE,,174
SALI KABASHI,M,19,FJALA,,168
SALI LUKAJ,M,25,Lëvizja VETËVENDOSJE!,,927
SALIH MORINA,M,6,LIDHJA DEMOKRATIKE E KOSOVËS ALEANCA KOSOVA E RE,,4993
SALIH SALIHU,M,25,Lëvizja VETËVENDOSJE!,,8656
SALIH ZYBA,M,25,Lëvizja VETËVENDOSJE!,,5983
SALIHA FERATI,F,22,NOVA DEMOKRATSKA STRANKA,,98
SALJAJDIN ASLANI,M,20,KOALICIJA VAKAT,,127
SAMET KRUEZIU,M,15,KOSOVAKI  NEVI  ROMANI  PARTIA,,23
SAMI AHMETI,M,25,Lëvizja VETËVENDOSJE!,,905
SAMI BOROCI,M,6,LIDHJA DEMOKRATIKE E KOSOVËS ALEANCA KOSOVA E RE,,2765
SAMI HOXHA,M,18,PARTIA DEMOKRATIKE E UNITETIT,,19
SAMI KURTESHI,M,25,Lëvizja VETËVENDOSJE!,,10164
SAMI MUJA,M,10,INICIATIVA E RE DEMOKRATIKE E KOSOVËS,,87
SAMIR MORINA,M,19,FJALA,,141
SAMRA ILIJAZI,F,22,NOVA DEMOKRATSKA STRANKA,,229
SANDRA ĐOKIĆ,F,11,SAMOSTALNA LIBERALNA STRANKA,,343
SANEL MURIĆ,M,20,KOALICIJA VAKAT,,134
SANELA PAJAZITI,F,7,POKRET ZA GORA,,66
SANJA RAŠIĆ,F,8,PROGRESIVNA DEMOKRATSKA STRANKA,,189
SARANDA BOGUJEVCI,F,25,Lëvizja VETËVENDOSJE!,,5860
SARANDA JAKUPI,F,24,KOALICIJA SDA,,22
SARANDA SEJDIU,F,3,PARTIA E ASHKALINJËVE PËR INTEGRIM,,87
SAŠA MARINKOVIĆ,M,17,PARTIJA KOSOVSKIH SRBA-AKTIVNA GRAĐANSKA INICIJATIVA,,116
SAŠA MILOSAVLJEVIĆ,M,12,GRAĐANSKA INICIJATIVA SRPSKA LISTA,,13665
SAŠA MILOŠEVIĆ,M,12,GRAĐANSKA INICIJATIVA SRPSKA LISTA,,9131
SATMIFER KRYEZIU,M,6,LIDHJA DEMOKRATIKE E KOSOVËS ALEANCA KOSOVA E RE,,2161
SAVA SAVIĆ,M,17,PARTIJA KOSOVSKIH SRBA-AKTIVNA GRAĐANSKA INICIJATIVA,,321
SAVKA STEFANOVIĆ,F,17,PARTIJA KOSOVSKIH SRBA-AKTIVNA GRAĐANSKA INICIJATIVA,,677
SEAT BILIBANI,M,22,NOVA DEMOKRATSKA STRANKA,,163
SEBIHA BERISHA,F,14,PARTIA LIBERALE EGJIPTIANE,,8
SEDAT MAZREK,M,23,KOSOVA TÜRK ADALET PARTISI,,278
ŠEFKET HUKIĆ,M,24,KOALICIJA SDA,,182
SEGJA VEHAPI,F,20,KOALICIJA VAKAT,,49
ŠEHIDA AZARI,F,22,NOVA DEMOKRATSKA STRANKA,,269
ŠEJLA ARIFI,F,22,NOVA DEMOKRATSKA STRANKA,,223
ŠEKI KANDIC,M,24,KOALICIJA SDA,,51
SELAMI FEJZIU,M,19,FJALA,,302
SELATIN RETKOCERI,M,25,Lëvizja VETËVENDOSJE!,,2369
SELIMA MUSTAFIĆ,F,20,KOALICIJA VAKAT,,64
SELJATIN EMINI,M,15,KOSOVAKI  NEVI  ROMANI  PARTIA,,117
SELMA MURIĆ,F,24,KOALICIJA SDA,,92
SELVANE BERISHA,F,9,PARTIA DEMOKRATIKE E ASHKANLIVE TË KOSOVËS,,41
SELVETE SHURDHANI,F,6,LIDHJA DEMOKRATIKE E KOSOVËS ALEANCA KOSOVA E RE,,1599
SELVIJE HALIMI,F,2,Partia Demokratike e Kosovës Aleanca për Ardhmërinë e Kosovës Nisma për Kosovën Partia e Drejtësisë Lëvizja për Bashkim Partia Shqiptare Demokristiane e Kosovës Partia Konservatore e Kosovës Alternativa Demokratike e Kosovës Republikanët e Kosovës Partia e Ballit Partia Socialdemokrate Balli Kombëtar i Kosovës,,6263
SEMIJE VEJAPI,F,7,POKRET ZA GORA,,102
ŠEMSA FERIZI,F,22,NOVA DEMOKRATSKA STRANKA,,69
ŠEMSIT KALAJDŽINI,M,20,KOALICIJA VAKAT,,477
SENAD DACIĆ,M,22,NOVA DEMOKRATSKA STRANKA,,295
SENAD DŽAFERI,M,22,NOVA DEMOKRATSKA STRANKA,,57
SENADA ČALAKOVIĆ,F,20,KOALICIJA VAKAT,,56
SENADA ETEMI,F,22,NOVA DEMOKRATSKA STRANKA,,381
ŞENAY MAZREK,F,23,KOSOVA TÜRK ADALET PARTISI,,188
SENER MAZREK,M,23,KOSOVA TÜRK ADALET PARTISI,,252
SENIJA MURATI,F,20,KOALICIJA VAKAT,,161
SENIJA SKENDERI,F,20,KOALICIJA VAKAT,,83
ŠERIF AGA,M,20,KOALICIJA VAKAT,,657
SERVET AHMETI,M,5,GRAĐANSKA INICIJATIVA GORE,,21
SEVGİ BUŞİ KİKA,F,16,KOSOVA DEMOKRATİK TÜRK PARTİSİ,,816
SEYLAN MAZREK,F,23,KOSOVA TÜRK ADALET PARTISI,,421
SEZEN ABDULLAHI,F,16,KOSOVA DEMOKRATİK TÜRK PARTİSİ,,598
SHABAN ARIFI,M,3,PARTIA E ASHKALINJËVE PËR INTEGRIM,,69
SHAIP MUJA,M,2,Partia Demokratike e Kosovës Aleanca për Ardhmërinë e Kosovës Nisma për Kosovën Partia e Drejtësisë Lëvizja për Bashkim Partia Shqiptare Demokristiane e Kosovës Partia Konservatore e Kosovës Alternativa Demokratike e Kosovës Republikanët e Kosovës Partia e Ballit Partia Socialdemokrate Balli Kombëtar i Kosovës,,8042
SHAIP SURDULLI,M,6,LIDHJA DEMOKRATIKE E KOSOVËS ALEANCA KOSOVA E RE,,4539
SHANI SHAMLI,M,16,KOSOVA DEMOKRATİK TÜRK PARTİSİ,,703
SHEHIDE ZAIMI,F,18,PARTIA DEMOKRATIKE E UNITETIT,,5
SHEMSI ELEZI,M,25,Lëvizja VETËVENDOSJE!,,1711
SHEMSI SYLA,M,25,Lëvizja VETËVENDOSJE!,,6478
SHEMSI VESELI,M,2,Partia Demokratike e Kosovës Aleanca për Ardhmërinë e Kosovës Nisma për Kosovën Partia e Drejtësisë Lëvizja për Bashkim Partia Shqiptare Demokristiane e Kosovës Partia Konservatore e Kosovës Alternativa Demokratike e Kosovës Republikanët e Kosovës Partia e Ballit Partia Socialdemokrate Balli Kombëtar i Kosovës,,3925
SHEMSIE VOKRRI,F,25,Lëvizja VETËVENDOSJE!,,1701
SHERIF JUPI,M,10,INICIATIVA E RE DEMOKRATIKE E KOSOVËS,,23
SHERIF OSMANI,M,18,PARTIA DEMOKRATIKE E UNITETIT,,64
SHKELZEN HALILAJ,M,19,FJALA,,75
SHKELZEN HAZIRI,M,19,FJALA,,40
SHKUMBIN DEMALIAJ,M,2,Partia Demokratike e Kosovës Aleanca për Ardhmërinë e Kosovës Nisma për Kosovën Partia e Drejtësisë Lëvizja për Bashkim Partia Shqiptare Demokristiane e Kosovës Partia Konservatore e Kosovës Alternativa Demokratike e Kosovës Republikanët e Kosovës Partia e Ballit Partia Socialdemokrate Balli Kombëtar i Kosovës,,10980
SHKURTE ALIU,F,25,Lëvizja VETËVENDOSJE!,,3167
SHKURTE KRUJEZI,F,3,PARTIA E ASHKALINJËVE PËR INTEGRIM,,9
SHOTA KRASNIQI,F,19,FJALA,,185
SHPEJTIM ARIFI,M,25,Lëvizja VETËVENDOSJE!,,1597
SHPEND AHMETI,M,25,Lëvizja VETËVENDOSJE!,,76017
SHPEND HYSAJ,M,25,Lëvizja VETËVENDOSJE!,,3175
SHPEND SEJDIU,M,19,FJALA,,412
SHPRESA BEKA,F,9,PARTIA DEMOKRATIKE E ASHKANLIVE TË KOSOVËS,,13
SHPRESA GASHI,F,18,PARTIA DEMOKRATIKE E UNITETIT,,39
SHPRESA JANUZI TOPOJANI,F,25,Lëvizja VETËVENDOSJE!,,1388
SHPRESONA MORINA,F,18,PARTIA DEMOKRATIKE E UNITETIT,,2
SHQIPDONE BERISHA,F,18,PARTIA DEMOKRATIKE E UNITETIT,,28
SHQIPE KAJTAZI,F,19,FJALA,,66
SHQIPE PANTINA,F,25,Lëvizja VETËVENDOSJE!,,6292
SHQIPRIM BERISHA,M,19,FJALA,,382
SHUKRIE HYSENI,F,9,PARTIA DEMOKRATIKE E ASHKANLIVE TË KOSOVËS,,22
SHUKRIE KRASNIQI,F,18,PARTIA DEMOKRATIKE E UNITETIT,,15
SHUQERI ALIJA,M,3,PARTIA E ASHKALINJËVE PËR INTEGRIM,,102
SHYQERI HYSENI,M,25,Lëvizja VETËVENDOSJE!,,3163
SIBEL ÇUKIQI,F,15,KOSOVAKI  NEVI  ROMANI  PARTIA,,192
SINBAD LJATIFI,M,8,PROGRESIVNA DEMOKRATSKA STRANKA,,80
SIRMETA RAMADANI,F,5,GRAĐANSKA INICIJATIVA GORE,,59
SKENDER BIKLIÇI,M,16,KOSOVA DEMOKRATİK TÜRK PARTİSİ,,209
SKENDER HYSENI,M,6,LIDHJA DEMOKRATIKE E KOSOVËS ALEANCA KOSOVA E RE,,2069
SKENDER QORRI,M,10,INICIATIVA E RE DEMOKRATIKE E KOSOVËS,,267
SKENDERBE HEBIBI,M,2,Partia Demokratike e Kosovës Aleanca për Ardhmërinë e Kosovës Nisma për Kosovën Partia e Drejtësisë Lëvizja për Bashkim Partia Shqiptare Demokristiane e Kosovës Partia Konservatore e Kosovës Alternativa Demokratike e Kosovës Republikanët e Kosovës Partia e Ballit Partia Socialdemokrate Balli Kombëtar i Kosovës,,5251
SLAĐAN NIKOLČEVIĆ,M,17,PARTIJA KOSOVSKIH SRBA-AKTIVNA GRAĐANSKA INICIJATIVA,,1362
SLADJANA MILETIĆ,F,11,SAMOSTALNA LIBERALNA STRANKA,,80
SLAVICA TOMIĆ,F,8,PROGRESIVNA DEMOKRATSKA STRANKA,,176
SLAVIŠA FILIPOVIĆ,M,11,SAMOSTALNA LIBERALNA STRANKA,,154
SLAVIŠA PETKOVIĆ,M,21,GI. ZA PROSPERITET KOSOVA,,151
SLAVKO SIMIĆ,M,12,GRAĐANSKA INICIJATIVA SRPSKA LISTA,,12603
SLOBODAN PETROVIĆ,M,11,SAMOSTALNA LIBERALNA STRANKA,,2574
SLOBODAN VUJIČIĆ,M,11,SAMOSTALNA LIBERALNA STRANKA,,259
SMAJL LATIFI,M,2,Partia Demokratike e Kosovës Aleanca për Ardhmërinë e Kosovës Nisma për Kosovën Partia e Drejtësisë Lëvizja për Bashkim Partia Shqiptare Demokristiane e Kosovës Partia Konservatore e Kosovës Alternativa Demokratike e Kosovës Republikanët e Kosovës Partia e Ballit Partia Socialdemokrate Balli Kombëtar i Kosovës,,8574
SMAJL ZIKOLLAJ,M,14,PARTIA LIBERALE EGJIPTIANE,,88
SNEŽANA KARADŽIĆ,F,12,GRAĐANSKA INICIJATIVA SRPSKA LISTA,,1059
SOKOL HAVOLLI,M,6,LIDHJA DEMOKRATIKE E KOSOVËS ALEANCA KOSOVA E RE,,5865
SRĐAN JOKSIMOVIĆ,M,17,PARTIJA KOSOVSKIH SRBA-AKTIVNA GRAĐANSKA INICIJATIVA,,307
SRDJAN JOVANOVIĆ,M,11,SAMOSTALNA LIBERALNA STRANKA,,323
SRDJAN MAKSIMOVIĆ,M,11,SAMOSTALNA LIBERALNA STRANKA,,122
SRDJAN MITROVIĆ,M,12,GRAĐANSKA INICIJATIVA SRPSKA LISTA,,12475
SRDJAN POPOVIĆ,M,12,GRAĐANSKA INICIJATIVA SRPSKA LISTA,,10228
SRETEN IVANOVIĆ,M,12,GRAĐANSKA INICIJATIVA SRPSKA LISTA,,12102
STALE STALETOVIĆ,M,8,PROGRESIVNA DEMOKRATSKA STRANKA,,109
SUAD MUSOLLAJ,M,14,PARTIA LIBERALE EGJIPTIANE,,130
SULLTONE KRASNIQI,F,10,INICIATIVA E RE DEMOKRATIKE E KOSOVËS,,54
SUVAT MEMETI,M,15,KOSOVAKI  NEVI  ROMANI  PARTIA,,35
SVETLANA RADULOVIĆ,F,21,GI. ZA PROSPERITET KOSOVA,,100
SYLEJMAN ÇERKEZI,M,6,LIDHJA DEMOKRATIKE E KOSOVËS ALEANCA KOSOVA E RE,,3187
SYLEJMAN PIREVA,M,25,Lëvizja VETËVENDOSJE!,,3342
SYNAVERE RYSHA,F,6,LIDHJA DEMOKRATIKE E KOSOVËS ALEANCA KOSOVA E RE,,3736
TAHIR TAHIRI,M,25,Lëvizja VETËVENDOSJE!,,648
TEUTA HAXHIU,F,2,Partia Demokratike e Kosovës Aleanca për Ardhmërinë e Kosovës Nisma për Kosovën Partia e Drejtësisë Lëvizja për Bashkim Partia Shqiptare Demokristiane e Kosovës Partia Konservatore e Kosovës Alternativa Demokratike e Kosovës Republikanët e Kosovës Partia e Ballit Partia Socialdemokrate Balli Kombëtar i Kosovës,,15875
TEUTA KRASNIQI,F,25,Lëvizja VETËVENDOSJE!,,2169
TEUTA RUGOVA,F,6,LIDHJA DEMOKRATIKE E KOSOVËS ALEANCA KOSOVA E RE,,10084
TIME KADRIJAJ,F,2,Partia Demokratike e Kosovës Aleanca për Ardhmërinë e Kosovës Nisma për Kosovën Partia e Drejtësisë Lëvizja për Bashkim Partia Shqiptare Demokristiane e Kosovës Partia Konservatore e Kosovës Alternativa Demokratike e Kosovës Republikanët e Kosovës Partia e Ballit Partia Socialdemokrate Balli Kombëtar i Kosovës,,11539
TODORKA SLAVKOVIĆ,F,8,PROGRESIVNA DEMOKRATSKA STRANKA,,483
TYRKAN MENEKSHE,F,26,PARTIA ROME E BASHKUAR E KOSOVËS,,27
UKË ABAZAJ,M,14,PARTIA LIBERALE EGJIPTIANE,,22
UKË BERISHA,M,2,Partia Demokratike e Kosovës Aleanca për Ardhmërinë e Kosovës Nisma për Kosovën Partia e Drejtësisë Lëvizja për Bashkim Partia Shqiptare Demokristiane e Kosovës Partia Konservatore e Kosovës Alternativa Demokratike e Kosovës Republikanët e Kosovës Partia e Ballit Partia Socialdemokrate Balli Kombëtar i Kosovës,,5806
URATA HYSENAJ,F,25,Lëvizja VETËVENDOSJE!,,2072
URIM KABASHI,M,19,FJALA,,266
USMEN BALDŽI,M,20,KOALICIJA VAKAT,,1564
UZEIR FERATI,M,22,NOVA DEMOKRATSKA STRANKA,,240
VAHIDE LIMANI,F,9,PARTIA DEMOKRATIKE E ASHKANLIVE TË KOSOVËS,,54
VALBON KRASNIQI,M,6,LIDHJA DEMOKRATIKE E KOSOVËS ALEANCA KOSOVA E RE,,3951
VALBONA BAJRAMI,F,25,Lëvizja VETËVENDOSJE!,,1244
VALBONA SHALA,F,18,PARTIA DEMOKRATIKE E UNITETIT,,20
VALBONE KRYEZIU,F,3,PARTIA E ASHKALINJËVE PËR INTEGRIM,,15
VALDETE BAJRAMI,F,2,Partia Demokratike e Kosovës Aleanca për Ardhmërinë e Kosovës Nisma për Kosovën Partia e Drejtësisë Lëvizja për Bashkim Partia Shqiptare Demokristiane e Kosovës Partia Konservatore e Kosovës Alternativa Demokratike e Kosovës Republikanët e Kosovës Partia e Ballit Partia Socialdemokrate Balli Kombëtar i Kosovës,,6263
VALENTINA BAJRAMI,F,2,Partia Demokratike e Kosovës Aleanca për Ardhmërinë e Kosovës Nisma për Kosovën Partia e Drejtësisë Lëvizja për Bashkim Partia Shqiptare Demokristiane e Kosovës Partia Konservatore e Kosovës Alternativa Demokratike e Kosovës Republikanët e Kosovës Partia e Ballit Partia Socialdemokrate Balli Kombëtar i Kosovës,,1539
VALENTINA BUNJAKU-REXHEPI,F,6,LIDHJA DEMOKRATIKE E KOSOVËS ALEANCA KOSOVA E RE,,8598
VALMIR LAHU,M,3,PARTIA E ASHKALINJËVE PËR INTEGRIM,,204
VALMIR RAMA,M,14,PARTIA LIBERALE EGJIPTIANE,,69
VALMIRE BERISHA,F,19,FJALA,,229
VALON BEQIRI,M,19,FJALA,,342
VALON GAJRAKU,M,18,PARTIA DEMOKRATIKE E UNITETIT,,131
VALON KRYEZIU,M,10,INICIATIVA E RE DEMOKRATIKE E KOSOVËS,,86
VALON MURTEZAJ,M,6,LIDHJA DEMOKRATIKE E KOSOVËS ALEANCA KOSOVA E RE,,4513
VALON RAMADANI,M,25,Lëvizja VETËVENDOSJE!,,6879
VASMIJA KAMBERI,F,5,GRAĐANSKA INICIJATIVA GORE,,108
VEBI ALA,M,14,PARTIA LIBERALE EGJIPTIANE,,121
VEHBI IMERI,M,6,LIDHJA DEMOKRATIKE E KOSOVËS ALEANCA KOSOVA E RE,,5366
VELJID HADŽISIN,M,20,KOALICIJA VAKAT,,369
VENERA LLUNJI,F,25,Lëvizja VETËVENDOSJE!,,1507
VERICA ĆERANIĆ,F,12,GRAĐANSKA INICIJATIVA SRPSKA LISTA,,13288
VESEL MAKOLLI,M,6,LIDHJA DEMOKRATIKE E KOSOVËS ALEANCA KOSOVA E RE,,4089
VESELINKA ALEKSIC,F,17,PARTIJA KOSOVSKIH SRBA-AKTIVNA GRAĐANSKA INICIJATIVA,,724
VESNA SMILJIĆ,F,21,GI. ZA PROSPERITET KOSOVA,,14
VETIMA KOPRANI,F,19,FJALA,,176
VETON BERISHA,M,14,PARTIA LIBERALE EGJIPTIANE,,1266
VETON GASHI,M,19,FJALA,,127
VETON SEFERI,M,25,Lëvizja VETËVENDOSJE!,,2095
VEZIR JANUZI,M,6,LIDHJA DEMOKRATIKE E KOSOVËS ALEANCA KOSOVA E RE,,5756
VIDICA ĐURIČIĆ,F,11,SAMOSTALNA LIBERALNA STRANKA,,150
VINETU GANIQ,M,20,KOALICIJA VAKAT,,35
VINKA RADOSAVLJEVIĆ,F,12,GRAĐANSKA INICIJATIVA SRPSKA LISTA,,1313
VIOLETA DEMA,F,2,Partia Demokratike e Kosovës Aleanca për Ardhmërinë e Kosovës Nisma për Kosovën Partia e Drejtësisë Lëvizja për Bashkim Partia Shqiptare Demokristiane e Kosovës Partia Konservatore e Kosovës Alternativa Demokratike e Kosovës Republikanët e Kosovës Partia e Ballit Partia Socialdemokrate Balli Kombëtar i Kosovës,,1261
VIOLETA HANIQI,F,3,PARTIA E ASHKALINJËVE PËR INTEGRIM,,347
VIOLETA SALIHU,F,25,Lëvizja VETËVENDOSJE!,,1486
VISAR YMERI,M,25,Lëvizja VETËVENDOSJE!,,40980
VJOSA OSMANI SADRIU,F,6,LIDHJA DEMOKRATIKE E KOSOVËS ALEANCA KOSOVA E RE,,64147
VLORA DUMOSHI,F,6,LIDHJA DEMOKRATIKE E KOSOVËS ALEANCA KOSOVA E RE,,4074
VLORA HAXHIMEHMEDI,F,25,Lëvizja VETËVENDOSJE!,,2865
XHAFER ADEMI,M,3,PARTIA E ASHKALINJËVE PËR INTEGRIM,,64
XHAFER BERISHA,M,25,Lëvizja VETËVENDOSJE!,,2779
XHAVIT DRENORI,M,25,Lëvizja VETËVENDOSJE!,,4808
XHAVIT HALITI,M,2,Partia Demokratike e Kosovës Aleanca për Ardhmërinë e Kosovës Nisma për Kosovën Partia e Drejtësisë Lëvizja për Bashkim Partia Shqiptare Demokristiane e Kosovës Partia Konservatore e Kosovës Alternativa Demokratike e Kosovës Republikanët e Kosovës Partia e Ballit Partia Socialdemokrate Balli Kombëtar i Kosovës,,10365
XHAVIT ZARIQI,M,2,Partia Demokratike e Kosovës Aleanca për Ardhmërinë e Kosovës Nisma për Kosovën Partia e Drejtësisë Lëvizja për Bashkim Partia Shqiptare Demokristiane e Kosovës Partia Konservatore e Kosovës Alternativa Demokratike e Kosovës Republikanët e Kosovës Partia e Ballit Partia Socialdemokrate Balli Kombëtar i Kosovës,,5465
XHELAL GASHI,M,2,Partia Demokratike e Kosovës Aleanca për Ardhmërinë e Kosovës Nisma për Kosovën Partia e Drejtësisë Lëvizja për Bashkim Partia Shqiptare Demokristiane e Kosovës Partia Konservatore e Kosovës Alternativa Demokratike e Kosovës Republikanët e Kosovës Partia e Ballit Partia Socialdemokrate Balli Kombëtar i Kosovës,,5235
XHELAL SVEÇLA,M,25,Lëvizja VETËVENDOSJE!,,6747
XHEMAIL QADRAKU,M,24,KOALICIJA SDA,,40
XHENETA PLLANA,F,18,PARTIA DEMOKRATIKE E UNITETIT,,21
XHEVAHIRE IZMAKU,F,2,Partia Demokratike e Kosovës Aleanca për Ardhmërinë e Kosovës Nisma për Kosovën Partia e Drejtësisë Lëvizja për Bashkim Partia Shqiptare Demokristiane e Kosovës Partia Konservatore e Kosovës Alternativa Demokratike e Kosovës Republikanët e Kosovës Partia e Ballit Partia Socialdemokrate Balli Kombëtar i Kosovës,,6671
XHEVAHIRE SHABANI,F,9,PARTIA DEMOKRATIKE E ASHKANLIVE TË KOSOVËS,,21
XHEVAT BISLIMI,M,25,Lëvizja VETËVENDOSJE!,,3716
XHEVAT SALLAHI,M,25,Lëvizja VETËVENDOSJE!,,4161
XHEVDET KRASNIQI,M,6,LIDHJA DEMOKRATIKE E KOSOVËS ALEANCA KOSOVA E RE,,900
XHEVDET MALOKU,M,19,FJALA,,693
XHEVDET NEZIRAJ,M,10,INICIATIVA E RE DEMOKRATIKE E KOSOVËS,,719
XHEVDET QIRIQI,M,25,Lëvizja VETËVENDOSJE!,,2849
XHYLJETA KUQI,F,2,Partia Demokratike e Kosovës Aleanca për Ardhmërinë e Kosovës Nisma për Kosovën Partia e Drejtësisë Lëvizja për Bashkim Partia Shqiptare Demokristiane e Kosovës Partia Konservatore e Kosovës Alternativa Demokratike e Kosovës Republikanët e Kosovës Partia e Ballit Partia Socialdemokrate Balli Kombëtar i Kosovës,,1116
YLBER XHEMAJLI,M,9,PARTIA DEMOKRATIKE E ASHKANLIVE TË KOSOVËS,,31
YLLI HOXHA,M,25,Lëvizja VETËVENDOSJE!,,5962
YMIHAN MUJKO,F,16,KOSOVA DEMOKRATİK TÜRK PARTİSİ,,101
ZAFIR BERISHA,M,2,Partia Demokratike e Kosovës Aleanca për Ardhmërinë e Kosovës Nisma për Kosovën Partia e Drejtësisë Lëvizja për Bashkim Partia Shqiptare Demokristiane e Kosovës Partia Konservatore e Kosovës Alternativa Demokratike e Kosovës Republikanët e Kosovës Partia e Ballit Partia Socialdemokrate Balli Kombëtar i Kosovës,,12282
ZANA MALOKU,F,19,FJALA,,120
ZDRAVKO DJOKIĆ,M,21,GI. ZA PROSPERITET KOSOVA,,110
ZEJNEPE JAKUPI BYTYÇI,F,19,FJALA,,289
ZEJNIE MUSA,F,18,PARTIA DEMOKRATIKE E UNITETIT,,17
ZENUN ELEZAJ,M,2,Partia Demokratike e Kosovës Aleanca për Ardhmërinë e Kosovës Nisma për Kosovën Partia e Drejtësisë Lëvizja për Bashkim Partia Shqiptare Demokristiane e Kosovës Partia Konservatore e Kosovës Alternativa Demokratike e Kosovës Republikanët e Kosovës Partia e Ballit Partia Socialdemokrate Balli Kombëtar i Kosovës,,3948
ZENUN PAJAZITI,M,2,Partia Demokratike e Kosovës Aleanca për Ardhmërinë e Kosovës Nisma për Kosovën Partia e Drejtësisë Lëvizja për Bashkim Partia Shqiptare Demokristiane e Kosovës Partia Konservatore e Kosovës Alternativa Demokratike e Kosovës Republikanët e Kosovës Partia e Ballit Partia Socialdemokrate Balli Kombëtar i Kosovës,,10153
ZENUN XHAFERI,M,14,PARTIA LIBERALE EGJIPTIANE,,57
ZEQIR HASHANI,M,6,LIDHJA DEMOKRATIKE E KOSOVËS ALEANCA KOSOVA E RE,,2014
ZEYNEL ABIDIN USTAIBO,M,16,KOSOVA DEMOKRATİK TÜRK PARTİSİ,,317
ZIJAJDIN VRAGOVIQ,M,26,PARTIA ROME E BASHKUAR E KOSOVËS,,49
ZIKRETA ALITI,F,22,NOVA DEMOKRATSKA STRANKA,,457
ZINAIDA ELMAZI,F,20,KOALICIJA VAKAT,,251
ZINETA SKENDERI,F,22,NOVA DEMOKRATSKA STRANKA,,43
ZOJA LLESHI BERISHA,F,2,Partia Demokratike e Kosovës Aleanca për Ardhmërinë e Kosovës Nisma për Kosovën Partia e Drejtësisë Lëvizja për Bashkim Partia Shqiptare Demokristiane e Kosovës Partia Konservatore e Kosovës Alternativa Demokratike e Kosovës Republikanët e Kosovës Partia e Ballit Partia Socialdemokrate Balli Kombëtar i Kosovës,,4525
ZORAN MOJSILOVIĆ,M,12,GRAĐANSKA INICIJATIVA SRPSKA LISTA,,13460
ZORAN PEJČEV,M,8,PROGRESIVNA DEMOKRATSKA STRANKA,,302
ZORAN SPASIĆ,M,11,SAMOSTALNA LIBERALNA STRANKA,,273
ZUHRA KANI,F,22,NOVA DEMOKRATSKA STRANKA,,20
ZURAP ŠAIPI,M,20,KOALICIJA VAKAT,,109
