id,Party_ID,Party,Acronym,Votes,Municipality
1,112,Kosova Demokratik Türk Partisi,KDTP,4,Deçan
1,113,Koalicija VAKAT,VAKAT,15,Deçan
1,111,Iniciativa e Re Demokratike e Kosovës,IRDK,8,Deçan
1,116,Lëvizja për Bashkëveprim,LpB,4,Deçan
1,117,Partia Rome e Bashkuar e Kosovës,PREBK,3,Deçan
1,114,Yenilikçi Türk Hareket Partisi,YTHP,2,Deçan
1,115,Gi Za Slobodu Pravdu i Opstanak,GI SPO,9,Deçan
1,119,Srpska Lista,SL,1,Deçan
1,120,Partia Balliste,PB,1,Deçan
1,121,Nisma Socialdemokrate,NISMA,111,Deçan
1,122,Koalicija Zajeno,KZ,3,Deçan
1,123,Lëvizja Përparimtare e Romëve të Kosovës,LPRK,13,Deçan
1,124,Romani Iniciyativa,RI,2,Deçan
1,125,Socialdemokratska Unija,SDU,11,Deçan
1,126,Kosovaki Nevi Romani Partia,KNRP,6,Deçan
1,127,Lëvizja VETËVENDOSJE!,LV,4798,Deçan
1,128,Partia Demokratike e Ashkanlive të Kosovës,PDAK,2,Deçan
1,129,Ujedinjena Zajednica - Adrijana Hodžić,UZ-AH,3,Deçan
1,130,Partia e Ashkalinjëve për Integrim,PAI,0,Deçan
1,118,Srpski Demokratski Savez,SDS,0,Deçan
1,132,Lidhja Demokratike e Kosovës,LDK,2354,Deçan
1,133,Naša Inicijativa,NAŠA,10,Deçan
1,134,Partia Demokratike e Kosovës,PDK,765,Deçan
1,135,Aleanca për Ardhmërinë e Kosovës,AAK,7956,Deçan
1,136,Partia Liberale Egjiptiane,PLE,66,Deçan
1,137,Jedinstvena Goranska Partija,JGP,3,Deçan
1,138,FJALA,FJALA,14,Deçan
1,131,Nova Demokratska Stranka,NDS,14,Deçan
10,125,Socialdemokratska Unija,SDU,2,Kamenicë
10,127,Lëvizja VETËVENDOSJE!,LV,9828,Kamenicë
10,128,Partia Demokratike e Ashkanlive të Kosovës,PDAK,14,Kamenicë
10,129,Ujedinjena Zajednica - Adrijana Hodžić,UZ-AH,2,Kamenicë
10,126,Kosovaki Nevi Romani Partia,KNRP,8,Kamenicë
10,118,Srpski Demokratski Savez,SDS,9,Kamenicë
10,119,Srpska Lista,SL,718,Kamenicë
10,120,Partia Balliste,PB,6,Kamenicë
10,121,Nisma Socialdemokrate,NISMA,254,Kamenicë
10,122,Koalicija Zajeno,KZ,2,Kamenicë
10,123,Lëvizja Përparimtare e Romëve të Kosovës,LPRK,10,Kamenicë
10,124,Romani Iniciyativa,RI,283,Kamenicë
10,111,Iniciativa e Re Demokratike e Kosovës,IRDK,8,Kamenicë
10,112,Kosova Demokratik Türk Partisi,KDTP,18,Kamenicë
10,113,Koalicija VAKAT,VAKAT,16,Kamenicë
10,114,Yenilikçi Türk Hareket Partisi,YTHP,3,Kamenicë
10,115,Gi Za Slobodu Pravdu i Opstanak,GI SPO,99,Kamenicë
10,116,Lëvizja për Bashkëveprim,LpB,5,Kamenicë
10,117,Partia Rome e Bashkuar e Kosovës,PREBK,6,Kamenicë
10,130,Partia e Ashkalinjëve për Integrim,PAI,1,Kamenicë
10,131,Nova Demokratska Stranka,NDS,3,Kamenicë
10,132,Lidhja Demokratike e Kosovës,LDK,2210,Kamenicë
10,133,Naša Inicijativa,NAŠA,6,Kamenicë
10,134,Partia Demokratike e Kosovës,PDK,2272,Kamenicë
10,135,Aleanca për Ardhmërinë e Kosovës,AAK,1125,Kamenicë
10,136,Partia Liberale Egjiptiane,PLE,4,Kamenicë
10,137,Jedinstvena Goranska Partija,JGP,2,Kamenicë
10,138,FJALA,FJALA,10,Kamenicë
11,111,Iniciativa e Re Demokratike e Kosovës,IRDK,58,Mitrovicë
11,112,Kosova Demokratik Türk Partisi,KDTP,170,Mitrovicë
11,113,Koalicija VAKAT,VAKAT,46,Mitrovicë
11,114,Yenilikçi Türk Hareket Partisi,YTHP,28,Mitrovicë
11,130,Partia e Ashkalinjëve për Integrim,PAI,18,Mitrovicë
11,131,Nova Demokratska Stranka,NDS,35,Mitrovicë
11,132,Lidhja Demokratike e Kosovës,LDK,2152,Mitrovicë
11,133,Naša Inicijativa,NAŠA,13,Mitrovicë
11,134,Partia Demokratike e Kosovës,PDK,8500,Mitrovicë
11,135,Aleanca për Ardhmërinë e Kosovës,AAK,533,Mitrovicë
11,136,Partia Liberale Egjiptiane,PLE,4,Mitrovicë
11,137,Jedinstvena Goranska Partija,JGP,10,Mitrovicë
11,138,FJALA,FJALA,86,Mitrovicë
11,124,Romani Iniciyativa,RI,76,Mitrovicë
11,125,Socialdemokratska Unija,SDU,15,Mitrovicë
11,126,Kosovaki Nevi Romani Partia,KNRP,31,Mitrovicë
11,127,Lëvizja VETËVENDOSJE!,LV,22580,Mitrovicë
11,115,Gi Za Slobodu Pravdu i Opstanak,GI SPO,23,Mitrovicë
11,116,Lëvizja për Bashkëveprim,LpB,138,Mitrovicë
11,117,Partia Rome e Bashkuar e Kosovës,PREBK,72,Mitrovicë
11,118,Srpski Demokratski Savez,SDS,6,Mitrovicë
11,119,Srpska Lista,SL,9,Mitrovicë
11,120,Partia Balliste,PB,1,Mitrovicë
11,121,Nisma Socialdemokrate,NISMA,340,Mitrovicë
11,122,Koalicija Zajeno,KZ,13,Mitrovicë
11,123,Lëvizja Përparimtare e Romëve të Kosovës,LPRK,56,Mitrovicë
11,128,Partia Demokratike e Ashkanlive të Kosovës,PDAK,59,Mitrovicë
11,129,Ujedinjena Zajednica - Adrijana Hodžić,UZ-AH,63,Mitrovicë
12,113,Koalicija VAKAT,VAKAT,158,Leposaviq
12,114,Yenilikçi Türk Hareket Partisi,YTHP,1,Leposaviq
12,111,Iniciativa e Re Demokratike e Kosovës,IRDK,3,Leposaviq
12,112,Kosova Demokratik Türk Partisi,KDTP,2,Leposaviq
12,116,Lëvizja për Bashkëveprim,LpB,3,Leposaviq
12,117,Partia Rome e Bashkuar e Kosovës,PREBK,3,Leposaviq
12,118,Srpski Demokratski Savez,SDS,52,Leposaviq
12,119,Srpska Lista,SL,8129,Leposaviq
12,120,Partia Balliste,PB,2,Leposaviq
12,121,Nisma Socialdemokrate,NISMA,4,Leposaviq
12,122,Koalicija Zajeno,KZ,7,Leposaviq
12,123,Lëvizja Përparimtare e Romëve të Kosovës,LPRK,1,Leposaviq
12,124,Romani Iniciyativa,RI,11,Leposaviq
12,125,Socialdemokratska Unija,SDU,25,Leposaviq
12,126,Kosovaki Nevi Romani Partia,KNRP,0,Leposaviq
12,127,Lëvizja VETËVENDOSJE!,LV,129,Leposaviq
12,115,Gi Za Slobodu Pravdu i Opstanak,GI SPO,19,Leposaviq
12,129,Ujedinjena Zajednica - Adrijana Hodžić,UZ-AH,158,Leposaviq
12,130,Partia e Ashkalinjëve për Integrim,PAI,0,Leposaviq
12,131,Nova Demokratska Stranka,NDS,7,Leposaviq
12,132,Lidhja Demokratike e Kosovës,LDK,7,Leposaviq
12,133,Naša Inicijativa,NAŠA,2,Leposaviq
12,134,Partia Demokratike e Kosovës,PDK,65,Leposaviq
12,135,Aleanca për Ardhmërinë e Kosovës,AAK,7,Leposaviq
12,136,Partia Liberale Egjiptiane,PLE,0,Leposaviq
12,137,Jedinstvena Goranska Partija,JGP,237,Leposaviq
12,138,FJALA,FJALA,0,Leposaviq
12,128,Partia Demokratike e Ashkanlive të Kosovës,PDAK,4,Leposaviq
13,125,Socialdemokratska Unija,SDU,7,Lipjan
13,126,Kosovaki Nevi Romani Partia,KNRP,14,Lipjan
13,115,Gi Za Slobodu Pravdu i Opstanak,GI SPO,34,Lipjan
13,116,Lëvizja për Bashkëveprim,LpB,161,Lipjan
13,117,Partia Rome e Bashkuar e Kosovës,PREBK,26,Lipjan
13,118,Srpski Demokratski Savez,SDS,5,Lipjan
13,119,Srpska Lista,SL,268,Lipjan
13,120,Partia Balliste,PB,7,Lipjan
13,121,Nisma Socialdemokrate,NISMA,743,Lipjan
13,122,Koalicija Zajeno,KZ,8,Lipjan
13,123,Lëvizja Përparimtare e Romëve të Kosovës,LPRK,35,Lipjan
13,124,Romani Iniciyativa,RI,281,Lipjan
13,111,Iniciativa e Re Demokratike e Kosovës,IRDK,40,Lipjan
13,112,Kosova Demokratik Türk Partisi,KDTP,76,Lipjan
13,113,Koalicija VAKAT,VAKAT,29,Lipjan
13,114,Yenilikçi Türk Hareket Partisi,YTHP,6,Lipjan
13,128,Partia Demokratike e Ashkanlive të Kosovës,PDAK,199,Lipjan
13,129,Ujedinjena Zajednica - Adrijana Hodžić,UZ-AH,9,Lipjan
13,130,Partia e Ashkalinjëve për Integrim,PAI,394,Lipjan
13,131,Nova Demokratska Stranka,NDS,15,Lipjan
13,132,Lidhja Demokratike e Kosovës,LDK,6059,Lipjan
13,133,Naša Inicijativa,NAŠA,13,Lipjan
13,134,Partia Demokratike e Kosovës,PDK,6088,Lipjan
13,135,Aleanca për Ardhmërinë e Kosovës,AAK,685,Lipjan
13,136,Partia Liberale Egjiptiane,PLE,31,Lipjan
13,137,Jedinstvena Goranska Partija,JGP,8,Lipjan
13,138,FJALA,FJALA,22,Lipjan
13,127,Lëvizja VETËVENDOSJE!,LV,14638,Lipjan
14,138,FJALA,FJALA,1,Novobërdë
14,127,Lëvizja VETËVENDOSJE!,LV,1040,Novobërdë
14,128,Partia Demokratike e Ashkanlive të Kosovës,PDAK,1,Novobërdë
14,129,Ujedinjena Zajednica - Adrijana Hodžić,UZ-AH,0,Novobërdë
14,130,Partia e Ashkalinjëve për Integrim,PAI,1,Novobërdë
14,131,Nova Demokratska Stranka,NDS,0,Novobërdë
14,132,Lidhja Demokratike e Kosovës,LDK,462,Novobërdë
14,133,Naša Inicijativa,NAŠA,0,Novobërdë
14,134,Partia Demokratike e Kosovës,PDK,282,Novobërdë
14,135,Aleanca për Ardhmërinë e Kosovës,AAK,104,Novobërdë
14,136,Partia Liberale Egjiptiane,PLE,0,Novobërdë
14,137,Jedinstvena Goranska Partija,JGP,0,Novobërdë
14,111,Iniciativa e Re Demokratike e Kosovës,IRDK,4,Novobërdë
14,112,Kosova Demokratik Türk Partisi,KDTP,5,Novobërdë
14,113,Koalicija VAKAT,VAKAT,0,Novobërdë
14,114,Yenilikçi Türk Hareket Partisi,YTHP,5,Novobërdë
14,115,Gi Za Slobodu Pravdu i Opstanak,GI SPO,50,Novobërdë
14,116,Lëvizja për Bashkëveprim,LpB,4,Novobërdë
14,117,Partia Rome e Bashkuar e Kosovës,PREBK,3,Novobërdë
14,118,Srpski Demokratski Savez,SDS,15,Novobërdë
14,119,Srpska Lista,SL,2104,Novobërdë
14,120,Partia Balliste,PB,1,Novobërdë
14,121,Nisma Socialdemokrate,NISMA,15,Novobërdë
14,122,Koalicija Zajeno,KZ,2,Novobërdë
14,123,Lëvizja Përparimtare e Romëve të Kosovës,LPRK,7,Novobërdë
14,124,Romani Iniciyativa,RI,7,Novobërdë
14,125,Socialdemokratska Unija,SDU,0,Novobërdë
14,126,Kosovaki Nevi Romani Partia,KNRP,2,Novobërdë
15,138,FJALA,FJALA,6,Obiliq
15,111,Iniciativa e Re Demokratike e Kosovës,IRDK,16,Obiliq
15,112,Kosova Demokratik Türk Partisi,KDTP,6,Obiliq
15,113,Koalicija VAKAT,VAKAT,14,Obiliq
15,114,Yenilikçi Türk Hareket Partisi,YTHP,3,Obiliq
15,115,Gi Za Slobodu Pravdu i Opstanak,GI SPO,24,Obiliq
15,116,Lëvizja për Bashkëveprim,LpB,11,Obiliq
15,117,Partia Rome e Bashkuar e Kosovës,PREBK,46,Obiliq
15,118,Srpski Demokratski Savez,SDS,6,Obiliq
15,119,Srpska Lista,SL,938,Obiliq
15,120,Partia Balliste,PB,5,Obiliq
15,121,Nisma Socialdemokrate,NISMA,116,Obiliq
15,122,Koalicija Zajeno,KZ,3,Obiliq
15,123,Lëvizja Përparimtare e Romëve të Kosovës,LPRK,18,Obiliq
15,124,Romani Iniciyativa,RI,128,Obiliq
15,125,Socialdemokratska Unija,SDU,8,Obiliq
15,126,Kosovaki Nevi Romani Partia,KNRP,7,Obiliq
15,127,Lëvizja VETËVENDOSJE!,LV,6692,Obiliq
15,128,Partia Demokratike e Ashkanlive të Kosovës,PDAK,59,Obiliq
15,129,Ujedinjena Zajednica - Adrijana Hodžić,UZ-AH,3,Obiliq
15,130,Partia e Ashkalinjëve për Integrim,PAI,81,Obiliq
15,131,Nova Demokratska Stranka,NDS,1,Obiliq
15,132,Lidhja Demokratike e Kosovës,LDK,1184,Obiliq
15,133,Naša Inicijativa,NAŠA,11,Obiliq
15,134,Partia Demokratike e Kosovës,PDK,1290,Obiliq
15,135,Aleanca për Ardhmërinë e Kosovës,AAK,1814,Obiliq
15,136,Partia Liberale Egjiptiane,PLE,27,Obiliq
15,137,Jedinstvena Goranska Partija,JGP,2,Obiliq
16,113,Koalicija VAKAT,VAKAT,37,Rahovec
16,114,Yenilikçi Türk Hareket Partisi,YTHP,9,Rahovec
16,115,Gi Za Slobodu Pravdu i Opstanak,GI SPO,3,Rahovec
16,116,Lëvizja për Bashkëveprim,LpB,47,Rahovec
16,117,Partia Rome e Bashkuar e Kosovës,PREBK,20,Rahovec
16,118,Srpski Demokratski Savez,SDS,6,Rahovec
16,119,Srpska Lista,SL,303,Rahovec
16,120,Partia Balliste,PB,1,Rahovec
16,121,Nisma Socialdemokrate,NISMA,224,Rahovec
16,122,Koalicija Zajeno,KZ,1,Rahovec
16,123,Lëvizja Përparimtare e Romëve të Kosovës,LPRK,21,Rahovec
16,124,Romani Iniciyativa,RI,8,Rahovec
16,112,Kosova Demokratik Türk Partisi,KDTP,22,Rahovec
16,111,Iniciativa e Re Demokratike e Kosovës,IRDK,70,Rahovec
16,126,Kosovaki Nevi Romani Partia,KNRP,14,Rahovec
16,127,Lëvizja VETËVENDOSJE!,LV,11743,Rahovec
16,128,Partia Demokratike e Ashkanlive të Kosovës,PDAK,31,Rahovec
16,129,Ujedinjena Zajednica - Adrijana Hodžić,UZ-AH,6,Rahovec
16,130,Partia e Ashkalinjëve për Integrim,PAI,9,Rahovec
16,131,Nova Demokratska Stranka,NDS,13,Rahovec
16,132,Lidhja Demokratike e Kosovës,LDK,3087,Rahovec
16,133,Naša Inicijativa,NAŠA,24,Rahovec
16,134,Partia Demokratike e Kosovës,PDK,3613,Rahovec
16,135,Aleanca për Ardhmërinë e Kosovës,AAK,4398,Rahovec
16,136,Partia Liberale Egjiptiane,PLE,16,Rahovec
16,137,Jedinstvena Goranska Partija,JGP,4,Rahovec
16,125,Socialdemokratska Unija,SDU,8,Rahovec
16,138,FJALA,FJALA,62,Rahovec
17,126,Kosovaki Nevi Romani Partia,KNRP,22,Pejë
17,127,Lëvizja VETËVENDOSJE!,LV,23822,Pejë
17,128,Partia Demokratike e Ashkanlive të Kosovës,PDAK,29,Pejë
17,125,Socialdemokratska Unija,SDU,282,Pejë
17,130,Partia e Ashkalinjëve për Integrim,PAI,12,Pejë
17,131,Nova Demokratska Stranka,NDS,358,Pejë
17,132,Lidhja Demokratike e Kosovës,LDK,8643,Pejë
17,129,Ujedinjena Zajednica - Adrijana Hodžić,UZ-AH,139,Pejë
17,134,Partia Demokratike e Kosovës,PDK,4303,Pejë
17,135,Aleanca për Ardhmërinë e Kosovës,AAK,6807,Pejë
17,136,Partia Liberale Egjiptiane,PLE,474,Pejë
17,133,Naša Inicijativa,NAŠA,34,Pejë
17,111,Iniciativa e Re Demokratike e Kosovës,IRDK,705,Pejë
17,112,Kosova Demokratik Türk Partisi,KDTP,22,Pejë
17,113,Koalicija VAKAT,VAKAT,462,Pejë
17,114,Yenilikçi Türk Hareket Partisi,YTHP,5,Pejë
17,115,Gi Za Slobodu Pravdu i Opstanak,GI SPO,14,Pejë
17,116,Lëvizja për Bashkëveprim,LpB,16,Pejë
17,117,Partia Rome e Bashkuar e Kosovës,PREBK,115,Pejë
17,118,Srpski Demokratski Savez,SDS,3,Pejë
17,119,Srpska Lista,SL,438,Pejë
17,120,Partia Balliste,PB,13,Pejë
17,121,Nisma Socialdemokrate,NISMA,219,Pejë
17,122,Koalicija Zajeno,KZ,9,Pejë
17,123,Lëvizja Përparimtare e Romëve të Kosovës,LPRK,73,Pejë
17,124,Romani Iniciyativa,RI,4,Pejë
17,138,FJALA,FJALA,104,Pejë
17,137,Jedinstvena Goranska Partija,JGP,29,Pejë
18,138,FJALA,FJALA,33,Podujevë
18,112,Kosova Demokratik Türk Partisi,KDTP,16,Podujevë
18,113,Koalicija VAKAT,VAKAT,33,Podujevë
18,115,Gi Za Slobodu Pravdu i Opstanak,GI SPO,49,Podujevë
18,116,Lëvizja për Bashkëveprim,LpB,19,Podujevë
18,117,Partia Rome e Bashkuar e Kosovës,PREBK,7,Podujevë
18,114,Yenilikçi Türk Hareket Partisi,YTHP,7,Podujevë
18,119,Srpska Lista,SL,1,Podujevë
18,120,Partia Balliste,PB,0,Podujevë
18,121,Nisma Socialdemokrate,NISMA,542,Podujevë
18,118,Srpski Demokratski Savez,SDS,0,Podujevë
18,137,Jedinstvena Goranska Partija,JGP,4,Podujevë
18,111,Iniciativa e Re Demokratike e Kosovës,IRDK,23,Podujevë
18,125,Socialdemokratska Unija,SDU,3,Podujevë
18,126,Kosovaki Nevi Romani Partia,KNRP,32,Podujevë
18,127,Lëvizja VETËVENDOSJE!,LV,25899,Podujevë
18,128,Partia Demokratike e Ashkanlive të Kosovës,PDAK,140,Podujevë
18,129,Ujedinjena Zajednica - Adrijana Hodžić,UZ-AH,5,Podujevë
18,130,Partia e Ashkalinjëve për Integrim,PAI,156,Podujevë
18,131,Nova Demokratska Stranka,NDS,25,Podujevë
18,132,Lidhja Demokratike e Kosovës,LDK,9819,Podujevë
18,133,Naša Inicijativa,NAŠA,15,Podujevë
18,134,Partia Demokratike e Kosovës,PDK,4717,Podujevë
18,122,Koalicija Zajeno,KZ,4,Podujevë
18,123,Lëvizja Përparimtare e Romëve të Kosovës,LPRK,34,Podujevë
18,124,Romani Iniciyativa,RI,9,Podujevë
18,135,Aleanca për Ardhmërinë e Kosovës,AAK,892,Podujevë
18,136,Partia Liberale Egjiptiane,PLE,8,Podujevë
19,111,Iniciativa e Re Demokratike e Kosovës,IRDK,53,Prishtinë
19,112,Kosova Demokratik Türk Partisi,KDTP,516,Prishtinë
19,115,Gi Za Slobodu Pravdu i Opstanak,GI SPO,116,Prishtinë
19,116,Lëvizja për Bashkëveprim,LpB,51,Prishtinë
19,113,Koalicija VAKAT,VAKAT,91,Prishtinë
19,114,Yenilikçi Türk Hareket Partisi,YTHP,94,Prishtinë
19,119,Srpska Lista,SL,276,Prishtinë
19,120,Partia Balliste,PB,19,Prishtinë
19,117,Partia Rome e Bashkuar e Kosovës,PREBK,19,Prishtinë
19,118,Srpski Demokratski Savez,SDS,22,Prishtinë
19,121,Nisma Socialdemokrate,NISMA,1569,Prishtinë
19,122,Koalicija Zajeno,KZ,27,Prishtinë
19,123,Lëvizja Përparimtare e Romëve të Kosovës,LPRK,110,Prishtinë
19,124,Romani Iniciyativa,RI,29,Prishtinë
19,125,Socialdemokratska Unija,SDU,58,Prishtinë
19,126,Kosovaki Nevi Romani Partia,KNRP,54,Prishtinë
19,127,Lëvizja VETËVENDOSJE!,LV,71873,Prishtinë
19,128,Partia Demokratike e Ashkanlive të Kosovës,PDAK,180,Prishtinë
19,129,Ujedinjena Zajednica - Adrijana Hodžić,UZ-AH,11,Prishtinë
19,130,Partia e Ashkalinjëve për Integrim,PAI,39,Prishtinë
19,131,Nova Demokratska Stranka,NDS,61,Prishtinë
19,132,Lidhja Demokratike e Kosovës,LDK,17961,Prishtinë
19,133,Naša Inicijativa,NAŠA,50,Prishtinë
19,134,Partia Demokratike e Kosovës,PDK,12964,Prishtinë
19,135,Aleanca për Ardhmërinë e Kosovës,AAK,3870,Prishtinë
19,136,Partia Liberale Egjiptiane,PLE,25,Prishtinë
19,137,Jedinstvena Goranska Partija,JGP,41,Prishtinë
19,138,FJALA,FJALA,171,Prishtinë
2,126,Kosovaki Nevi Romani Partia,KNRP,32,Gjakovë
2,127,Lëvizja VETËVENDOSJE!,LV,24087,Gjakovë
2,128,Partia Demokratike e Ashkanlive të Kosovës,PDAK,54,Gjakovë
2,129,Ujedinjena Zajednica - Adrijana Hodžić,UZ-AH,2,Gjakovë
2,130,Partia e Ashkalinjëve për Integrim,PAI,45,Gjakovë
2,131,Nova Demokratska Stranka,NDS,13,Gjakovë
2,132,Lidhja Demokratike e Kosovës,LDK,3688,Gjakovë
2,133,Naša Inicijativa,NAŠA,12,Gjakovë
2,121,Nisma Socialdemokrate,NISMA,526,Gjakovë
2,122,Koalicija Zajeno,KZ,3,Gjakovë
2,123,Lëvizja Përparimtare e Romëve të Kosovës,LPRK,63,Gjakovë
2,124,Romani Iniciyativa,RI,8,Gjakovë
2,125,Socialdemokratska Unija,SDU,14,Gjakovë
2,111,Iniciativa e Re Demokratike e Kosovës,IRDK,666,Gjakovë
2,112,Kosova Demokratik Türk Partisi,KDTP,19,Gjakovë
2,113,Koalicija VAKAT,VAKAT,42,Gjakovë
2,114,Yenilikçi Türk Hareket Partisi,YTHP,2,Gjakovë
2,115,Gi Za Slobodu Pravdu i Opstanak,GI SPO,6,Gjakovë
2,116,Lëvizja për Bashkëveprim,LpB,20,Gjakovë
2,117,Partia Rome e Bashkuar e Kosovës,PREBK,98,Gjakovë
2,118,Srpski Demokratski Savez,SDS,4,Gjakovë
2,119,Srpska Lista,SL,2,Gjakovë
2,120,Partia Balliste,PB,4,Gjakovë
2,135,Aleanca për Ardhmërinë e Kosovës,AAK,10295,Gjakovë
2,136,Partia Liberale Egjiptiane,PLE,734,Gjakovë
2,137,Jedinstvena Goranska Partija,JGP,6,Gjakovë
2,138,FJALA,FJALA,19,Gjakovë
2,134,Partia Demokratike e Kosovës,PDK,3127,Gjakovë
20,112,Kosova Demokratik Türk Partisi,KDTP,3219,Prizren
20,113,Koalicija VAKAT,VAKAT,2871,Prizren
20,114,Yenilikçi Türk Hareket Partisi,YTHP,628,Prizren
20,138,FJALA,FJALA,101,Prizren
20,116,Lëvizja për Bashkëveprim,LpB,35,Prizren
20,117,Partia Rome e Bashkuar e Kosovës,PREBK,454,Prizren
20,118,Srpski Demokratski Savez,SDS,2,Prizren
20,115,Gi Za Slobodu Pravdu i Opstanak,GI SPO,25,Prizren
20,134,Partia Demokratike e Kosovës,PDK,11428,Prizren
20,135,Aleanca për Ardhmërinë e Kosovës,AAK,2182,Prizren
20,136,Partia Liberale Egjiptiane,PLE,77,Prizren
20,137,Jedinstvena Goranska Partija,JGP,236,Prizren
20,111,Iniciativa e Re Demokratike e Kosovës,IRDK,162,Prizren
20,125,Socialdemokratska Unija,SDU,1778,Prizren
20,126,Kosovaki Nevi Romani Partia,KNRP,173,Prizren
20,127,Lëvizja VETËVENDOSJE!,LV,33268,Prizren
20,128,Partia Demokratike e Ashkanlive të Kosovës,PDAK,94,Prizren
20,129,Ujedinjena Zajednica - Adrijana Hodžić,UZ-AH,236,Prizren
20,130,Partia e Ashkalinjëve për Integrim,PAI,141,Prizren
20,131,Nova Demokratska Stranka,NDS,2089,Prizren
20,119,Srpska Lista,SL,25,Prizren
20,120,Partia Balliste,PB,12,Prizren
20,121,Nisma Socialdemokrate,NISMA,2731,Prizren
20,122,Koalicija Zajeno,KZ,74,Prizren
20,123,Lëvizja Përparimtare e Romëve të Kosovës,LPRK,346,Prizren
20,124,Romani Iniciyativa,RI,24,Prizren
20,133,Naša Inicijativa,NAŠA,926,Prizren
20,132,Lidhja Demokratike e Kosovës,LDK,6672,Prizren
21,112,Kosova Demokratik Türk Partisi,KDTP,6,Skënderaj
21,113,Koalicija VAKAT,VAKAT,12,Skënderaj
21,111,Iniciativa e Re Demokratike e Kosovës,IRDK,39,Skënderaj
21,116,Lëvizja për Bashkëveprim,LpB,3,Skënderaj
21,117,Partia Rome e Bashkuar e Kosovës,PREBK,4,Skënderaj
21,114,Yenilikçi Türk Hareket Partisi,YTHP,12,Skënderaj
21,115,Gi Za Slobodu Pravdu i Opstanak,GI SPO,2,Skënderaj
21,119,Srpska Lista,SL,142,Skënderaj
21,120,Partia Balliste,PB,3,Skënderaj
21,121,Nisma Socialdemokrate,NISMA,509,Skënderaj
21,122,Koalicija Zajeno,KZ,1,Skënderaj
21,123,Lëvizja Përparimtare e Romëve të Kosovës,LPRK,12,Skënderaj
21,124,Romani Iniciyativa,RI,12,Skënderaj
21,125,Socialdemokratska Unija,SDU,13,Skënderaj
21,126,Kosovaki Nevi Romani Partia,KNRP,3,Skënderaj
21,127,Lëvizja VETËVENDOSJE!,LV,4132,Skënderaj
21,128,Partia Demokratike e Ashkanlive të Kosovës,PDAK,28,Skënderaj
21,129,Ujedinjena Zajednica - Adrijana Hodžić,UZ-AH,3,Skënderaj
21,130,Partia e Ashkalinjëve për Integrim,PAI,8,Skënderaj
21,118,Srpski Demokratski Savez,SDS,0,Skënderaj
21,132,Lidhja Demokratike e Kosovës,LDK,576,Skënderaj
21,133,Naša Inicijativa,NAŠA,11,Skënderaj
21,134,Partia Demokratike e Kosovës,PDK,14634,Skënderaj
21,135,Aleanca për Ardhmërinë e Kosovës,AAK,353,Skënderaj
21,136,Partia Liberale Egjiptiane,PLE,6,Skënderaj
21,137,Jedinstvena Goranska Partija,JGP,2,Skënderaj
21,138,FJALA,FJALA,102,Skënderaj
21,131,Nova Demokratska Stranka,NDS,0,Skënderaj
22,125,Socialdemokratska Unija,SDU,1,Shtime
22,127,Lëvizja VETËVENDOSJE!,LV,6932,Shtime
22,128,Partia Demokratike e Ashkanlive të Kosovës,PDAK,44,Shtime
22,129,Ujedinjena Zajednica - Adrijana Hodžić,UZ-AH,1,Shtime
22,126,Kosovaki Nevi Romani Partia,KNRP,8,Shtime
22,118,Srpski Demokratski Savez,SDS,0,Shtime
22,119,Srpska Lista,SL,0,Shtime
22,120,Partia Balliste,PB,2,Shtime
22,121,Nisma Socialdemokrate,NISMA,444,Shtime
22,122,Koalicija Zajeno,KZ,3,Shtime
22,123,Lëvizja Përparimtare e Romëve të Kosovës,LPRK,25,Shtime
22,124,Romani Iniciyativa,RI,9,Shtime
22,111,Iniciativa e Re Demokratike e Kosovës,IRDK,29,Shtime
22,112,Kosova Demokratik Türk Partisi,KDTP,4,Shtime
22,113,Koalicija VAKAT,VAKAT,20,Shtime
22,114,Yenilikçi Türk Hareket Partisi,YTHP,2,Shtime
22,115,Gi Za Slobodu Pravdu i Opstanak,GI SPO,0,Shtime
22,116,Lëvizja për Bashkëveprim,LpB,11,Shtime
22,117,Partia Rome e Bashkuar e Kosovës,PREBK,14,Shtime
22,130,Partia e Ashkalinjëve për Integrim,PAI,267,Shtime
22,131,Nova Demokratska Stranka,NDS,1,Shtime
22,132,Lidhja Demokratike e Kosovës,LDK,1373,Shtime
22,133,Naša Inicijativa,NAŠA,9,Shtime
22,134,Partia Demokratike e Kosovës,PDK,4051,Shtime
22,135,Aleanca për Ardhmërinë e Kosovës,AAK,276,Shtime
22,136,Partia Liberale Egjiptiane,PLE,3,Shtime
22,137,Jedinstvena Goranska Partija,JGP,2,Shtime
22,138,FJALA,FJALA,7,Shtime
23,111,Iniciativa e Re Demokratike e Kosovës,IRDK,2,Shtërpcë
23,112,Kosova Demokratik Türk Partisi,KDTP,3,Shtërpcë
23,113,Koalicija VAKAT,VAKAT,0,Shtërpcë
23,114,Yenilikçi Türk Hareket Partisi,YTHP,1,Shtërpcë
23,130,Partia e Ashkalinjëve për Integrim,PAI,0,Shtërpcë
23,131,Nova Demokratska Stranka,NDS,0,Shtërpcë
23,132,Lidhja Demokratike e Kosovës,LDK,265,Shtërpcë
23,133,Naša Inicijativa,NAŠA,0,Shtërpcë
23,134,Partia Demokratike e Kosovës,PDK,450,Shtërpcë
23,135,Aleanca për Ardhmërinë e Kosovës,AAK,37,Shtërpcë
23,136,Partia Liberale Egjiptiane,PLE,0,Shtërpcë
23,137,Jedinstvena Goranska Partija,JGP,7,Shtërpcë
23,138,FJALA,FJALA,7,Shtërpcë
23,124,Romani Iniciyativa,RI,1,Shtërpcë
23,125,Socialdemokratska Unija,SDU,0,Shtërpcë
23,126,Kosovaki Nevi Romani Partia,KNRP,2,Shtërpcë
23,127,Lëvizja VETËVENDOSJE!,LV,946,Shtërpcë
23,115,Gi Za Slobodu Pravdu i Opstanak,GI SPO,344,Shtërpcë
23,116,Lëvizja për Bashkëveprim,LpB,11,Shtërpcë
23,117,Partia Rome e Bashkuar e Kosovës,PREBK,5,Shtërpcë
23,118,Srpski Demokratski Savez,SDS,34,Shtërpcë
23,119,Srpska Lista,SL,4031,Shtërpcë
23,120,Partia Balliste,PB,5,Shtërpcë
23,121,Nisma Socialdemokrate,NISMA,125,Shtërpcë
23,122,Koalicija Zajeno,KZ,7,Shtërpcë
23,123,Lëvizja Përparimtare e Romëve të Kosovës,LPRK,3,Shtërpcë
23,128,Partia Demokratike e Ashkanlive të Kosovës,PDAK,1,Shtërpcë
23,129,Ujedinjena Zajednica - Adrijana Hodžić,UZ-AH,0,Shtërpcë
24,113,Koalicija VAKAT,VAKAT,23,Suharekë
24,114,Yenilikçi Türk Hareket Partisi,YTHP,4,Suharekë
24,111,Iniciativa e Re Demokratike e Kosovës,IRDK,30,Suharekë
24,112,Kosova Demokratik Türk Partisi,KDTP,25,Suharekë
24,116,Lëvizja për Bashkëveprim,LpB,31,Suharekë
24,117,Partia Rome e Bashkuar e Kosovës,PREBK,29,Suharekë
24,118,Srpski Demokratski Savez,SDS,0,Suharekë
24,119,Srpska Lista,SL,1,Suharekë
24,120,Partia Balliste,PB,4,Suharekë
24,121,Nisma Socialdemokrate,NISMA,1136,Suharekë
24,122,Koalicija Zajeno,KZ,6,Suharekë
24,123,Lëvizja Përparimtare e Romëve të Kosovës,LPRK,35,Suharekë
24,124,Romani Iniciyativa,RI,6,Suharekë
24,125,Socialdemokratska Unija,SDU,6,Suharekë
24,126,Kosovaki Nevi Romani Partia,KNRP,18,Suharekë
24,127,Lëvizja VETËVENDOSJE!,LV,11843,Suharekë
24,115,Gi Za Slobodu Pravdu i Opstanak,GI SPO,4,Suharekë
24,129,Ujedinjena Zajednica - Adrijana Hodžić,UZ-AH,0,Suharekë
24,130,Partia e Ashkalinjëve për Integrim,PAI,25,Suharekë
24,131,Nova Demokratska Stranka,NDS,11,Suharekë
24,132,Lidhja Demokratike e Kosovës,LDK,5249,Suharekë
24,133,Naša Inicijativa,NAŠA,15,Suharekë
24,134,Partia Demokratike e Kosovës,PDK,4787,Suharekë
24,135,Aleanca për Ardhmërinë e Kosovës,AAK,5366,Suharekë
24,136,Partia Liberale Egjiptiane,PLE,9,Suharekë
24,137,Jedinstvena Goranska Partija,JGP,3,Suharekë
24,138,FJALA,FJALA,12,Suharekë
24,128,Partia Demokratike e Ashkanlive të Kosovës,PDAK,107,Suharekë
25,125,Socialdemokratska Unija,SDU,13,Ferizaj
25,126,Kosovaki Nevi Romani Partia,KNRP,34,Ferizaj
25,115,Gi Za Slobodu Pravdu i Opstanak,GI SPO,5,Ferizaj
25,116,Lëvizja për Bashkëveprim,LpB,460,Ferizaj
25,117,Partia Rome e Bashkuar e Kosovës,PREBK,28,Ferizaj
25,118,Srpski Demokratski Savez,SDS,2,Ferizaj
25,119,Srpska Lista,SL,4,Ferizaj
25,120,Partia Balliste,PB,2,Ferizaj
25,121,Nisma Socialdemokrate,NISMA,840,Ferizaj
25,122,Koalicija Zajeno,KZ,6,Ferizaj
25,123,Lëvizja Përparimtare e Romëve të Kosovës,LPRK,73,Ferizaj
25,124,Romani Iniciyativa,RI,14,Ferizaj
25,111,Iniciativa e Re Demokratike e Kosovës,IRDK,119,Ferizaj
25,112,Kosova Demokratik Türk Partisi,KDTP,37,Ferizaj
25,113,Koalicija VAKAT,VAKAT,64,Ferizaj
25,114,Yenilikçi Türk Hareket Partisi,YTHP,13,Ferizaj
25,128,Partia Demokratike e Ashkanlive të Kosovës,PDAK,536,Ferizaj
25,129,Ujedinjena Zajednica - Adrijana Hodžić,UZ-AH,3,Ferizaj
25,130,Partia e Ashkalinjëve për Integrim,PAI,537,Ferizaj
25,131,Nova Demokratska Stranka,NDS,13,Ferizaj
25,132,Lidhja Demokratike e Kosovës,LDK,5103,Ferizaj
25,133,Naša Inicijativa,NAŠA,29,Ferizaj
25,134,Partia Demokratike e Kosovës,PDK,11872,Ferizaj
25,135,Aleanca për Ardhmërinë e Kosovës,AAK,1714,Ferizaj
25,136,Partia Liberale Egjiptiane,PLE,17,Ferizaj
25,137,Jedinstvena Goranska Partija,JGP,21,Ferizaj
25,138,FJALA,FJALA,39,Ferizaj
25,127,Lëvizja VETËVENDOSJE!,LV,35158,Ferizaj
26,138,FJALA,FJALA,26,Viti
26,127,Lëvizja VETËVENDOSJE!,LV,12939,Viti
26,128,Partia Demokratike e Ashkanlive të Kosovës,PDAK,10,Viti
26,129,Ujedinjena Zajednica - Adrijana Hodžić,UZ-AH,1,Viti
26,130,Partia e Ashkalinjëve për Integrim,PAI,2,Viti
26,131,Nova Demokratska Stranka,NDS,7,Viti
26,132,Lidhja Demokratike e Kosovës,LDK,4305,Viti
26,133,Naša Inicijativa,NAŠA,12,Viti
26,134,Partia Demokratike e Kosovës,PDK,3099,Viti
26,135,Aleanca për Ardhmërinë e Kosovës,AAK,690,Viti
26,136,Partia Liberale Egjiptiane,PLE,3,Viti
26,137,Jedinstvena Goranska Partija,JGP,0,Viti
26,111,Iniciativa e Re Demokratike e Kosovës,IRDK,17,Viti
26,112,Kosova Demokratik Türk Partisi,KDTP,17,Viti
26,113,Koalicija VAKAT,VAKAT,16,Viti
26,114,Yenilikçi Türk Hareket Partisi,YTHP,5,Viti
26,115,Gi Za Slobodu Pravdu i Opstanak,GI SPO,14,Viti
26,116,Lëvizja për Bashkëveprim,LpB,16,Viti
26,117,Partia Rome e Bashkuar e Kosovës,PREBK,1,Viti
26,118,Srpski Demokratski Savez,SDS,1,Viti
26,119,Srpska Lista,SL,60,Viti
26,120,Partia Balliste,PB,0,Viti
26,121,Nisma Socialdemokrate,NISMA,355,Viti
26,122,Koalicija Zajeno,KZ,4,Viti
26,123,Lëvizja Përparimtare e Romëve të Kosovës,LPRK,39,Viti
26,124,Romani Iniciyativa,RI,1,Viti
26,125,Socialdemokratska Unija,SDU,4,Viti
26,126,Kosovaki Nevi Romani Partia,KNRP,10,Viti
27,138,FJALA,FJALA,67,Vushtrri
27,111,Iniciativa e Re Demokratike e Kosovës,IRDK,23,Vushtrri
27,112,Kosova Demokratik Türk Partisi,KDTP,301,Vushtrri
27,113,Koalicija VAKAT,VAKAT,34,Vushtrri
27,114,Yenilikçi Türk Hareket Partisi,YTHP,21,Vushtrri
27,115,Gi Za Slobodu Pravdu i Opstanak,GI SPO,17,Vushtrri
27,116,Lëvizja për Bashkëveprim,LpB,47,Vushtrri
27,117,Partia Rome e Bashkuar e Kosovës,PREBK,17,Vushtrri
27,118,Srpski Demokratski Savez,SDS,16,Vushtrri
27,119,Srpska Lista,SL,985,Vushtrri
27,120,Partia Balliste,PB,8,Vushtrri
27,121,Nisma Socialdemokrate,NISMA,562,Vushtrri
27,122,Koalicija Zajeno,KZ,3,Vushtrri
27,123,Lëvizja Përparimtare e Romëve të Kosovës,LPRK,34,Vushtrri
27,124,Romani Iniciyativa,RI,86,Vushtrri
27,125,Socialdemokratska Unija,SDU,19,Vushtrri
27,126,Kosovaki Nevi Romani Partia,KNRP,15,Vushtrri
27,127,Lëvizja VETËVENDOSJE!,LV,21637,Vushtrri
27,128,Partia Demokratike e Ashkanlive të Kosovës,PDAK,31,Vushtrri
27,129,Ujedinjena Zajednica - Adrijana Hodžić,UZ-AH,4,Vushtrri
27,130,Partia e Ashkalinjëve për Integrim,PAI,6,Vushtrri
27,131,Nova Demokratska Stranka,NDS,8,Vushtrri
27,132,Lidhja Demokratike e Kosovës,LDK,3463,Vushtrri
27,133,Naša Inicijativa,NAŠA,20,Vushtrri
27,134,Partia Demokratike e Kosovës,PDK,6838,Vushtrri
27,135,Aleanca për Ardhmërinë e Kosovës,AAK,907,Vushtrri
27,136,Partia Liberale Egjiptiane,PLE,7,Vushtrri
27,137,Jedinstvena Goranska Partija,JGP,6,Vushtrri
28,113,Koalicija VAKAT,VAKAT,0,Zubin Potoku
28,114,Yenilikçi Türk Hareket Partisi,YTHP,0,Zubin Potoku
28,115,Gi Za Slobodu Pravdu i Opstanak,GI SPO,1,Zubin Potoku
28,116,Lëvizja për Bashkëveprim,LpB,1,Zubin Potoku
28,117,Partia Rome e Bashkuar e Kosovës,PREBK,1,Zubin Potoku
28,118,Srpski Demokratski Savez,SDS,2,Zubin Potoku
28,119,Srpska Lista,SL,4288,Zubin Potoku
28,120,Partia Balliste,PB,0,Zubin Potoku
28,121,Nisma Socialdemokrate,NISMA,5,Zubin Potoku
28,122,Koalicija Zajeno,KZ,0,Zubin Potoku
28,123,Lëvizja Përparimtare e Romëve të Kosovës,LPRK,0,Zubin Potoku
28,124,Romani Iniciyativa,RI,0,Zubin Potoku
28,112,Kosova Demokratik Türk Partisi,KDTP,0,Zubin Potoku
28,111,Iniciativa e Re Demokratike e Kosovës,IRDK,0,Zubin Potoku
28,126,Kosovaki Nevi Romani Partia,KNRP,0,Zubin Potoku
28,127,Lëvizja VETËVENDOSJE!,LV,243,Zubin Potoku
28,128,Partia Demokratike e Ashkanlive të Kosovës,PDAK,0,Zubin Potoku
28,129,Ujedinjena Zajednica - Adrijana Hodžić,UZ-AH,0,Zubin Potoku
28,130,Partia e Ashkalinjëve për Integrim,PAI,0,Zubin Potoku
28,131,Nova Demokratska Stranka,NDS,0,Zubin Potoku
28,132,Lidhja Demokratike e Kosovës,LDK,98,Zubin Potoku
28,133,Naša Inicijativa,NAŠA,0,Zubin Potoku
28,134,Partia Demokratike e Kosovës,PDK,98,Zubin Potoku
28,135,Aleanca për Ardhmërinë e Kosovës,AAK,12,Zubin Potoku
28,136,Partia Liberale Egjiptiane,PLE,0,Zubin Potoku
28,137,Jedinstvena Goranska Partija,JGP,0,Zubin Potoku
28,125,Socialdemokratska Unija,SDU,0,Zubin Potoku
28,138,FJALA,FJALA,2,Zubin Potoku
29,126,Kosovaki Nevi Romani Partia,KNRP,0,Zveçan
29,127,Lëvizja VETËVENDOSJE!,LV,116,Zveçan
29,128,Partia Demokratike e Ashkanlive të Kosovës,PDAK,1,Zveçan
29,125,Socialdemokratska Unija,SDU,0,Zveçan
29,130,Partia e Ashkalinjëve për Integrim,PAI,1,Zveçan
29,131,Nova Demokratska Stranka,NDS,0,Zveçan
29,132,Lidhja Demokratike e Kosovës,LDK,38,Zveçan
29,129,Ujedinjena Zajednica - Adrijana Hodžić,UZ-AH,298,Zveçan
29,134,Partia Demokratike e Kosovës,PDK,51,Zveçan
29,135,Aleanca për Ardhmërinë e Kosovës,AAK,6,Zveçan
29,136,Partia Liberale Egjiptiane,PLE,0,Zveçan
29,133,Naša Inicijativa,NAŠA,1,Zveçan
29,111,Iniciativa e Re Demokratike e Kosovës,IRDK,0,Zveçan
29,112,Kosova Demokratik Türk Partisi,KDTP,0,Zveçan
29,113,Koalicija VAKAT,VAKAT,1,Zveçan
29,114,Yenilikçi Türk Hareket Partisi,YTHP,1,Zveçan
29,115,Gi Za Slobodu Pravdu i Opstanak,GI SPO,13,Zveçan
29,116,Lëvizja për Bashkëveprim,LpB,1,Zveçan
29,117,Partia Rome e Bashkuar e Kosovës,PREBK,1,Zveçan
29,118,Srpski Demokratski Savez,SDS,25,Zveçan
29,119,Srpska Lista,SL,4705,Zveçan
29,120,Partia Balliste,PB,3,Zveçan
29,121,Nisma Socialdemokrate,NISMA,3,Zveçan
29,122,Koalicija Zajeno,KZ,4,Zveçan
29,123,Lëvizja Përparimtare e Romëve të Kosovës,LPRK,0,Zveçan
29,124,Romani Iniciyativa,RI,6,Zveçan
29,138,FJALA,FJALA,2,Zveçan
29,137,Jedinstvena Goranska Partija,JGP,1,Zveçan
3,138,FJALA,FJALA,47,Drenas
3,112,Kosova Demokratik Türk Partisi,KDTP,13,Drenas
3,113,Koalicija VAKAT,VAKAT,24,Drenas
3,115,Gi Za Slobodu Pravdu i Opstanak,GI SPO,1,Drenas
3,116,Lëvizja për Bashkëveprim,LpB,11,Drenas
3,117,Partia Rome e Bashkuar e Kosovës,PREBK,4,Drenas
3,114,Yenilikçi Türk Hareket Partisi,YTHP,14,Drenas
3,119,Srpska Lista,SL,3,Drenas
3,120,Partia Balliste,PB,10,Drenas
3,121,Nisma Socialdemokrate,NISMA,945,Drenas
3,118,Srpski Demokratski Savez,SDS,0,Drenas
3,137,Jedinstvena Goranska Partija,JGP,4,Drenas
3,111,Iniciativa e Re Demokratike e Kosovës,IRDK,47,Drenas
3,125,Socialdemokratska Unija,SDU,7,Drenas
3,126,Kosovaki Nevi Romani Partia,KNRP,5,Drenas
3,127,Lëvizja VETËVENDOSJE!,LV,5884,Drenas
3,128,Partia Demokratike e Ashkanlive të Kosovës,PDAK,27,Drenas
3,129,Ujedinjena Zajednica - Adrijana Hodžić,UZ-AH,1,Drenas
3,130,Partia e Ashkalinjëve për Integrim,PAI,6,Drenas
3,131,Nova Demokratska Stranka,NDS,3,Drenas
3,132,Lidhja Demokratike e Kosovës,LDK,703,Drenas
3,133,Naša Inicijativa,NAŠA,37,Drenas
3,134,Partia Demokratike e Kosovës,PDK,14568,Drenas
3,122,Koalicija Zajeno,KZ,2,Drenas
3,123,Lëvizja Përparimtare e Romëve të Kosovës,LPRK,9,Drenas
3,124,Romani Iniciyativa,RI,28,Drenas
3,135,Aleanca për Ardhmërinë e Kosovës,AAK,734,Drenas
3,136,Partia Liberale Egjiptiane,PLE,3,Drenas
30,111,Iniciativa e Re Demokratike e Kosovës,IRDK,23,Malishevë
30,112,Kosova Demokratik Türk Partisi,KDTP,13,Malishevë
30,115,Gi Za Slobodu Pravdu i Opstanak,GI SPO,2,Malishevë
30,116,Lëvizja për Bashkëveprim,LpB,9,Malishevë
30,113,Koalicija VAKAT,VAKAT,16,Malishevë
30,114,Yenilikçi Türk Hareket Partisi,YTHP,1,Malishevë
30,119,Srpska Lista,SL,0,Malishevë
30,120,Partia Balliste,PB,5,Malishevë
30,117,Partia Rome e Bashkuar e Kosovës,PREBK,2,Malishevë
30,118,Srpski Demokratski Savez,SDS,0,Malishevë
30,121,Nisma Socialdemokrate,NISMA,6874,Malishevë
30,122,Koalicija Zajeno,KZ,4,Malishevë
30,123,Lëvizja Përparimtare e Romëve të Kosovës,LPRK,10,Malishevë
30,124,Romani Iniciyativa,RI,8,Malishevë
30,125,Socialdemokratska Unija,SDU,4,Malishevë
30,126,Kosovaki Nevi Romani Partia,KNRP,9,Malishevë
30,127,Lëvizja VETËVENDOSJE!,LV,7618,Malishevë
30,128,Partia Demokratike e Ashkanlive të Kosovës,PDAK,7,Malishevë
30,129,Ujedinjena Zajednica - Adrijana Hodžić,UZ-AH,0,Malishevë
30,130,Partia e Ashkalinjëve për Integrim,PAI,2,Malishevë
30,131,Nova Demokratska Stranka,NDS,3,Malishevë
30,132,Lidhja Demokratike e Kosovës,LDK,2254,Malishevë
30,133,Naša Inicijativa,NAŠA,14,Malishevë
30,134,Partia Demokratike e Kosovës,PDK,4549,Malishevë
30,135,Aleanca për Ardhmërinë e Kosovës,AAK,1306,Malishevë
30,136,Partia Liberale Egjiptiane,PLE,2,Malishevë
30,137,Jedinstvena Goranska Partija,JGP,2,Malishevë
30,138,FJALA,FJALA,16,Malishevë
31,126,Kosovaki Nevi Romani Partia,KNRP,1,Junik
31,127,Lëvizja VETËVENDOSJE!,LV,684,Junik
31,128,Partia Demokratike e Ashkanlive të Kosovës,PDAK,1,Junik
31,129,Ujedinjena Zajednica - Adrijana Hodžić,UZ-AH,0,Junik
31,130,Partia e Ashkalinjëve për Integrim,PAI,0,Junik
31,131,Nova Demokratska Stranka,NDS,1,Junik
31,132,Lidhja Demokratike e Kosovës,LDK,316,Junik
31,133,Naša Inicijativa,NAŠA,0,Junik
31,121,Nisma Socialdemokrate,NISMA,44,Junik
31,122,Koalicija Zajeno,KZ,0,Junik
31,123,Lëvizja Përparimtare e Romëve të Kosovës,LPRK,2,Junik
31,124,Romani Iniciyativa,RI,1,Junik
31,125,Socialdemokratska Unija,SDU,3,Junik
31,111,Iniciativa e Re Demokratike e Kosovës,IRDK,1,Junik
31,112,Kosova Demokratik Türk Partisi,KDTP,0,Junik
31,113,Koalicija VAKAT,VAKAT,2,Junik
31,114,Yenilikçi Türk Hareket Partisi,YTHP,0,Junik
31,115,Gi Za Slobodu Pravdu i Opstanak,GI SPO,0,Junik
31,116,Lëvizja për Bashkëveprim,LpB,0,Junik
31,117,Partia Rome e Bashkuar e Kosovës,PREBK,4,Junik
31,118,Srpski Demokratski Savez,SDS,0,Junik
31,119,Srpska Lista,SL,0,Junik
31,120,Partia Balliste,PB,0,Junik
31,135,Aleanca për Ardhmërinë e Kosovës,AAK,922,Junik
31,136,Partia Liberale Egjiptiane,PLE,1,Junik
31,137,Jedinstvena Goranska Partija,JGP,0,Junik
31,138,FJALA,FJALA,0,Junik
31,134,Partia Demokratike e Kosovës,PDK,151,Junik
32,112,Kosova Demokratik Türk Partisi,KDTP,1421,Mamushë
32,113,Koalicija VAKAT,VAKAT,3,Mamushë
32,114,Yenilikçi Türk Hareket Partisi,YTHP,303,Mamushë
32,138,FJALA,FJALA,0,Mamushë
32,116,Lëvizja për Bashkëveprim,LpB,0,Mamushë
32,117,Partia Rome e Bashkuar e Kosovës,PREBK,0,Mamushë
32,118,Srpski Demokratski Savez,SDS,0,Mamushë
32,115,Gi Za Slobodu Pravdu i Opstanak,GI SPO,0,Mamushë
32,134,Partia Demokratike e Kosovës,PDK,103,Mamushë
32,135,Aleanca për Ardhmërinë e Kosovës,AAK,56,Mamushë
32,136,Partia Liberale Egjiptiane,PLE,0,Mamushë
32,137,Jedinstvena Goranska Partija,JGP,0,Mamushë
32,111,Iniciativa e Re Demokratike e Kosovës,IRDK,2,Mamushë
32,125,Socialdemokratska Unija,SDU,0,Mamushë
32,126,Kosovaki Nevi Romani Partia,KNRP,0,Mamushë
32,127,Lëvizja VETËVENDOSJE!,LV,215,Mamushë
32,128,Partia Demokratike e Ashkanlive të Kosovës,PDAK,0,Mamushë
32,129,Ujedinjena Zajednica - Adrijana Hodžić,UZ-AH,0,Mamushë
32,130,Partia e Ashkalinjëve për Integrim,PAI,0,Mamushë
32,131,Nova Demokratska Stranka,NDS,0,Mamushë
32,119,Srpska Lista,SL,0,Mamushë
32,120,Partia Balliste,PB,0,Mamushë
32,121,Nisma Socialdemokrate,NISMA,0,Mamushë
32,122,Koalicija Zajeno,KZ,0,Mamushë
32,123,Lëvizja Përparimtare e Romëve të Kosovës,LPRK,1,Mamushë
32,124,Romani Iniciyativa,RI,1,Mamushë
32,133,Naša Inicijativa,NAŠA,0,Mamushë
32,132,Lidhja Demokratike e Kosovës,LDK,16,Mamushë
33,112,Kosova Demokratik Türk Partisi,KDTP,4,Hani i Elezit
33,113,Koalicija VAKAT,VAKAT,8,Hani i Elezit
33,111,Iniciativa e Re Demokratike e Kosovës,IRDK,7,Hani i Elezit
33,116,Lëvizja për Bashkëveprim,LpB,3,Hani i Elezit
33,117,Partia Rome e Bashkuar e Kosovës,PREBK,0,Hani i Elezit
33,114,Yenilikçi Türk Hareket Partisi,YTHP,1,Hani i Elezit
33,115,Gi Za Slobodu Pravdu i Opstanak,GI SPO,1,Hani i Elezit
33,119,Srpska Lista,SL,0,Hani i Elezit
33,120,Partia Balliste,PB,0,Hani i Elezit
33,121,Nisma Socialdemokrate,NISMA,202,Hani i Elezit
33,122,Koalicija Zajeno,KZ,0,Hani i Elezit
33,123,Lëvizja Përparimtare e Romëve të Kosovës,LPRK,2,Hani i Elezit
33,124,Romani Iniciyativa,RI,1,Hani i Elezit
33,125,Socialdemokratska Unija,SDU,19,Hani i Elezit
33,126,Kosovaki Nevi Romani Partia,KNRP,0,Hani i Elezit
33,127,Lëvizja VETËVENDOSJE!,LV,2118,Hani i Elezit
33,128,Partia Demokratike e Ashkanlive të Kosovës,PDAK,4,Hani i Elezit
33,129,Ujedinjena Zajednica - Adrijana Hodžić,UZ-AH,0,Hani i Elezit
33,130,Partia e Ashkalinjëve për Integrim,PAI,0,Hani i Elezit
33,118,Srpski Demokratski Savez,SDS,0,Hani i Elezit
33,132,Lidhja Demokratike e Kosovës,LDK,247,Hani i Elezit
33,133,Naša Inicijativa,NAŠA,3,Hani i Elezit
33,134,Partia Demokratike e Kosovës,PDK,986,Hani i Elezit
33,135,Aleanca për Ardhmërinë e Kosovës,AAK,282,Hani i Elezit
33,136,Partia Liberale Egjiptiane,PLE,0,Hani i Elezit
33,137,Jedinstvena Goranska Partija,JGP,19,Hani i Elezit
33,138,FJALA,FJALA,0,Hani i Elezit
33,131,Nova Demokratska Stranka,NDS,1,Hani i Elezit
34,125,Socialdemokratska Unija,SDU,0,Graçanicë
34,127,Lëvizja VETËVENDOSJE!,LV,451,Graçanicë
34,128,Partia Demokratike e Ashkanlive të Kosovës,PDAK,7,Graçanicë
34,129,Ujedinjena Zajednica - Adrijana Hodžić,UZ-AH,0,Graçanicë
34,126,Kosovaki Nevi Romani Partia,KNRP,7,Graçanicë
34,118,Srpski Demokratski Savez,SDS,118,Graçanicë
34,119,Srpska Lista,SL,4347,Graçanicë
34,120,Partia Balliste,PB,9,Graçanicë
34,121,Nisma Socialdemokrate,NISMA,24,Graçanicë
34,122,Koalicija Zajeno,KZ,2,Graçanicë
34,123,Lëvizja Përparimtare e Romëve të Kosovës,LPRK,11,Graçanicë
34,124,Romani Iniciyativa,RI,1773,Graçanicë
34,111,Iniciativa e Re Demokratike e Kosovës,IRDK,3,Graçanicë
34,112,Kosova Demokratik Türk Partisi,KDTP,8,Graçanicë
34,113,Koalicija VAKAT,VAKAT,0,Graçanicë
34,114,Yenilikçi Türk Hareket Partisi,YTHP,7,Graçanicë
34,115,Gi Za Slobodu Pravdu i Opstanak,GI SPO,412,Graçanicë
34,116,Lëvizja për Bashkëveprim,LpB,2,Graçanicë
34,117,Partia Rome e Bashkuar e Kosovës,PREBK,4,Graçanicë
34,130,Partia e Ashkalinjëve për Integrim,PAI,2,Graçanicë
34,131,Nova Demokratska Stranka,NDS,1,Graçanicë
34,132,Lidhja Demokratike e Kosovës,LDK,152,Graçanicë
34,133,Naša Inicijativa,NAŠA,1,Graçanicë
34,134,Partia Demokratike e Kosovës,PDK,184,Graçanicë
34,135,Aleanca për Ardhmërinë e Kosovës,AAK,29,Graçanicë
34,136,Partia Liberale Egjiptiane,PLE,0,Graçanicë
34,137,Jedinstvena Goranska Partija,JGP,8,Graçanicë
34,138,FJALA,FJALA,0,Graçanicë
35,111,Iniciativa e Re Demokratike e Kosovës,IRDK,1,Ranillug
35,112,Kosova Demokratik Türk Partisi,KDTP,8,Ranillug
35,113,Koalicija VAKAT,VAKAT,0,Ranillug
35,114,Yenilikçi Türk Hareket Partisi,YTHP,0,Ranillug
35,130,Partia e Ashkalinjëve për Integrim,PAI,0,Ranillug
35,131,Nova Demokratska Stranka,NDS,0,Ranillug
35,132,Lidhja Demokratike e Kosovës,LDK,18,Ranillug
35,133,Naša Inicijativa,NAŠA,0,Ranillug
35,134,Partia Demokratike e Kosovës,PDK,4,Ranillug
35,135,Aleanca për Ardhmërinë e Kosovës,AAK,2,Ranillug
35,136,Partia Liberale Egjiptiane,PLE,0,Ranillug
35,137,Jedinstvena Goranska Partija,JGP,0,Ranillug
35,138,FJALA,FJALA,0,Ranillug
35,124,Romani Iniciyativa,RI,1,Ranillug
35,125,Socialdemokratska Unija,SDU,0,Ranillug
35,126,Kosovaki Nevi Romani Partia,KNRP,1,Ranillug
35,127,Lëvizja VETËVENDOSJE!,LV,19,Ranillug
35,115,Gi Za Slobodu Pravdu i Opstanak,GI SPO,70,Ranillug
35,116,Lëvizja për Bashkëveprim,LpB,1,Ranillug
35,117,Partia Rome e Bashkuar e Kosovës,PREBK,1,Ranillug
35,118,Srpski Demokratski Savez,SDS,7,Ranillug
35,119,Srpska Lista,SL,1827,Ranillug
35,120,Partia Balliste,PB,3,Ranillug
35,121,Nisma Socialdemokrate,NISMA,2,Ranillug
35,122,Koalicija Zajeno,KZ,3,Ranillug
35,123,Lëvizja Përparimtare e Romëve të Kosovës,LPRK,1,Ranillug
35,128,Partia Demokratike e Ashkanlive të Kosovës,PDAK,0,Ranillug
35,129,Ujedinjena Zajednica - Adrijana Hodžić,UZ-AH,0,Ranillug
36,113,Koalicija VAKAT,VAKAT,0,Partesh
36,114,Yenilikçi Türk Hareket Partisi,YTHP,0,Partesh
36,111,Iniciativa e Re Demokratike e Kosovës,IRDK,1,Partesh
36,112,Kosova Demokratik Türk Partisi,KDTP,6,Partesh
36,116,Lëvizja për Bashkëveprim,LpB,0,Partesh
36,117,Partia Rome e Bashkuar e Kosovës,PREBK,0,Partesh
36,118,Srpski Demokratski Savez,SDS,73,Partesh
36,119,Srpska Lista,SL,1706,Partesh
36,120,Partia Balliste,PB,3,Partesh
36,121,Nisma Socialdemokrate,NISMA,0,Partesh
36,122,Koalicija Zajeno,KZ,0,Partesh
36,123,Lëvizja Përparimtare e Romëve të Kosovës,LPRK,4,Partesh
36,124,Romani Iniciyativa,RI,1,Partesh
36,125,Socialdemokratska Unija,SDU,0,Partesh
36,126,Kosovaki Nevi Romani Partia,KNRP,0,Partesh
36,127,Lëvizja VETËVENDOSJE!,LV,5,Partesh
36,115,Gi Za Slobodu Pravdu i Opstanak,GI SPO,12,Partesh
36,129,Ujedinjena Zajednica - Adrijana Hodžić,UZ-AH,0,Partesh
36,130,Partia e Ashkalinjëve për Integrim,PAI,0,Partesh
36,131,Nova Demokratska Stranka,NDS,0,Partesh
36,132,Lidhja Demokratike e Kosovës,LDK,1,Partesh
36,133,Naša Inicijativa,NAŠA,0,Partesh
36,134,Partia Demokratike e Kosovës,PDK,0,Partesh
36,135,Aleanca për Ardhmërinë e Kosovës,AAK,0,Partesh
36,136,Partia Liberale Egjiptiane,PLE,0,Partesh
36,137,Jedinstvena Goranska Partija,JGP,0,Partesh
36,138,FJALA,FJALA,0,Partesh
36,128,Partia Demokratike e Ashkanlive të Kosovës,PDAK,0,Partesh
37,125,Socialdemokratska Unija,SDU,0,Kllokot
37,126,Kosovaki Nevi Romani Partia,KNRP,3,Kllokot
37,115,Gi Za Slobodu Pravdu i Opstanak,GI SPO,25,Kllokot
37,116,Lëvizja për Bashkëveprim,LpB,2,Kllokot
37,117,Partia Rome e Bashkuar e Kosovës,PREBK,0,Kllokot
37,118,Srpski Demokratski Savez,SDS,4,Kllokot
37,119,Srpska Lista,SL,685,Kllokot
37,120,Partia Balliste,PB,0,Kllokot
37,121,Nisma Socialdemokrate,NISMA,59,Kllokot
37,122,Koalicija Zajeno,KZ,1,Kllokot
37,123,Lëvizja Përparimtare e Romëve të Kosovës,LPRK,0,Kllokot
37,124,Romani Iniciyativa,RI,0,Kllokot
37,111,Iniciativa e Re Demokratike e Kosovës,IRDK,0,Kllokot
37,112,Kosova Demokratik Türk Partisi,KDTP,1,Kllokot
37,113,Koalicija VAKAT,VAKAT,0,Kllokot
37,114,Yenilikçi Türk Hareket Partisi,YTHP,2,Kllokot
37,128,Partia Demokratike e Ashkanlive të Kosovës,PDAK,0,Kllokot
37,129,Ujedinjena Zajednica - Adrijana Hodžić,UZ-AH,0,Kllokot
37,130,Partia e Ashkalinjëve për Integrim,PAI,0,Kllokot
37,131,Nova Demokratska Stranka,NDS,0,Kllokot
37,132,Lidhja Demokratike e Kosovës,LDK,98,Kllokot
37,133,Naša Inicijativa,NAŠA,1,Kllokot
37,134,Partia Demokratike e Kosovës,PDK,80,Kllokot
37,135,Aleanca për Ardhmërinë e Kosovës,AAK,25,Kllokot
37,136,Partia Liberale Egjiptiane,PLE,0,Kllokot
37,137,Jedinstvena Goranska Partija,JGP,0,Kllokot
37,138,FJALA,FJALA,0,Kllokot
37,127,Lëvizja VETËVENDOSJE!,LV,391,Kllokot
38,138,FJALA,FJALA,9,Mitrovicë e Veriut
38,127,Lëvizja VETËVENDOSJE!,LV,908,Mitrovicë e Veriut
38,128,Partia Demokratike e Ashkanlive të Kosovës,PDAK,0,Mitrovicë e Veriut
38,129,Ujedinjena Zajednica - Adrijana Hodžić,UZ-AH,925,Mitrovicë e Veriut
38,130,Partia e Ashkalinjëve për Integrim,PAI,3,Mitrovicë e Veriut
38,131,Nova Demokratska Stranka,NDS,22,Mitrovicë e Veriut
38,132,Lidhja Demokratike e Kosovës,LDK,92,Mitrovicë e Veriut
38,133,Naša Inicijativa,NAŠA,12,Mitrovicë e Veriut
38,134,Partia Demokratike e Kosovës,PDK,337,Mitrovicë e Veriut
38,135,Aleanca për Ardhmërinë e Kosovës,AAK,54,Mitrovicë e Veriut
38,136,Partia Liberale Egjiptiane,PLE,0,Mitrovicë e Veriut
38,137,Jedinstvena Goranska Partija,JGP,377,Mitrovicë e Veriut
38,111,Iniciativa e Re Demokratike e Kosovës,IRDK,7,Mitrovicë e Veriut
38,112,Kosova Demokratik Türk Partisi,KDTP,16,Mitrovicë e Veriut
38,113,Koalicija VAKAT,VAKAT,34,Mitrovicë e Veriut
38,114,Yenilikçi Türk Hareket Partisi,YTHP,9,Mitrovicë e Veriut
38,115,Gi Za Slobodu Pravdu i Opstanak,GI SPO,22,Mitrovicë e Veriut
38,116,Lëvizja për Bashkëveprim,LpB,2,Mitrovicë e Veriut
38,117,Partia Rome e Bashkuar e Kosovës,PREBK,4,Mitrovicë e Veriut
38,118,Srpski Demokratski Savez,SDS,43,Mitrovicë e Veriut
38,119,Srpska Lista,SL,7084,Mitrovicë e Veriut
38,120,Partia Balliste,PB,6,Mitrovicë e Veriut
38,121,Nisma Socialdemokrate,NISMA,8,Mitrovicë e Veriut
38,122,Koalicija Zajeno,KZ,39,Mitrovicë e Veriut
38,123,Lëvizja Përparimtare e Romëve të Kosovës,LPRK,5,Mitrovicë e Veriut
38,124,Romani Iniciyativa,RI,198,Mitrovicë e Veriut
38,125,Socialdemokratska Unija,SDU,7,Mitrovicë e Veriut
38,126,Kosovaki Nevi Romani Partia,KNRP,4,Mitrovicë e Veriut
4,111,Iniciativa e Re Demokratike e Kosovës,IRDK,96,Gjilan
4,112,Kosova Demokratik Türk Partisi,KDTP,480,Gjilan
4,113,Koalicija VAKAT,VAKAT,108,Gjilan
4,114,Yenilikçi Türk Hareket Partisi,YTHP,33,Gjilan
4,115,Gi Za Slobodu Pravdu i Opstanak,GI SPO,61,Gjilan
4,116,Lëvizja për Bashkëveprim,LpB,23,Gjilan
4,117,Partia Rome e Bashkuar e Kosovës,PREBK,14,Gjilan
4,118,Srpski Demokratski Savez,SDS,3,Gjilan
4,119,Srpska Lista,SL,596,Gjilan
4,120,Partia Balliste,PB,6,Gjilan
4,121,Nisma Socialdemokrate,NISMA,550,Gjilan
4,122,Koalicija Zajeno,KZ,22,Gjilan
4,123,Lëvizja Përparimtare e Romëve të Kosovës,LPRK,60,Gjilan
4,124,Romani Iniciyativa,RI,84,Gjilan
4,125,Socialdemokratska Unija,SDU,10,Gjilan
4,126,Kosovaki Nevi Romani Partia,KNRP,32,Gjilan
4,127,Lëvizja VETËVENDOSJE!,LV,32742,Gjilan
4,128,Partia Demokratike e Ashkanlive të Kosovës,PDAK,36,Gjilan
4,129,Ujedinjena Zajednica - Adrijana Hodžić,UZ-AH,253,Gjilan
4,130,Partia e Ashkalinjëve për Integrim,PAI,13,Gjilan
4,131,Nova Demokratska Stranka,NDS,18,Gjilan
4,132,Lidhja Demokratike e Kosovës,LDK,7611,Gjilan
4,133,Naša Inicijativa,NAŠA,17,Gjilan
4,134,Partia Demokratike e Kosovës,PDK,5868,Gjilan
4,135,Aleanca për Ardhmërinë e Kosovës,AAK,1417,Gjilan
4,136,Partia Liberale Egjiptiane,PLE,3,Gjilan
4,137,Jedinstvena Goranska Partija,JGP,14,Gjilan
4,138,FJALA,FJALA,37,Gjilan
5,111,Iniciativa e Re Demokratike e Kosovës,IRDK,10,Dragash
5,112,Kosova Demokratik Türk Partisi,KDTP,12,Dragash
5,113,Koalicija VAKAT,VAKAT,1032,Dragash
5,114,Yenilikçi Türk Hareket Partisi,YTHP,7,Dragash
5,115,Gi Za Slobodu Pravdu i Opstanak,GI SPO,0,Dragash
5,116,Lëvizja për Bashkëveprim,LpB,5,Dragash
5,117,Partia Rome e Bashkuar e Kosovës,PREBK,4,Dragash
5,118,Srpski Demokratski Savez,SDS,6,Dragash
5,119,Srpska Lista,SL,21,Dragash
5,120,Partia Balliste,PB,3,Dragash
5,121,Nisma Socialdemokrate,NISMA,440,Dragash
5,122,Koalicija Zajeno,KZ,734,Dragash
5,123,Lëvizja Përparimtare e Romëve të Kosovës,LPRK,11,Dragash
5,124,Romani Iniciyativa,RI,4,Dragash
5,125,Socialdemokratska Unija,SDU,106,Dragash
5,126,Kosovaki Nevi Romani Partia,KNRP,9,Dragash
5,127,Lëvizja VETËVENDOSJE!,LV,3470,Dragash
5,128,Partia Demokratike e Ashkanlive të Kosovës,PDAK,14,Dragash
5,129,Ujedinjena Zajednica - Adrijana Hodžić,UZ-AH,2,Dragash
5,130,Partia e Ashkalinjëve për Integrim,PAI,3,Dragash
5,131,Nova Demokratska Stranka,NDS,24,Dragash
5,132,Lidhja Demokratike e Kosovës,LDK,2357,Dragash
5,133,Naša Inicijativa,NAŠA,13,Dragash
5,134,Partia Demokratike e Kosovës,PDK,2802,Dragash
5,135,Aleanca për Ardhmërinë e Kosovës,AAK,267,Dragash
5,136,Partia Liberale Egjiptiane,PLE,4,Dragash
5,137,Jedinstvena Goranska Partija,JGP,1098,Dragash
5,138,FJALA,FJALA,23,Dragash
6,111,Iniciativa e Re Demokratike e Kosovës,IRDK,541,Istog
6,112,Kosova Demokratik Türk Partisi,KDTP,6,Istog
6,113,Koalicija VAKAT,VAKAT,106,Istog
6,114,Yenilikçi Türk Hareket Partisi,YTHP,3,Istog
6,115,Gi Za Slobodu Pravdu i Opstanak,GI SPO,11,Istog
6,116,Lëvizja për Bashkëveprim,LpB,11,Istog
6,117,Partia Rome e Bashkuar e Kosovës,PREBK,10,Istog
6,118,Srpski Demokratski Savez,SDS,4,Istog
6,119,Srpska Lista,SL,259,Istog
6,120,Partia Balliste,PB,3,Istog
6,121,Nisma Socialdemokrate,NISMA,147,Istog
6,122,Koalicija Zajeno,KZ,7,Istog
6,123,Lëvizja Përparimtare e Romëve të Kosovës,LPRK,19,Istog
6,124,Romani Iniciyativa,RI,6,Istog
6,125,Socialdemokratska Unija,SDU,105,Istog
6,126,Kosovaki Nevi Romani Partia,KNRP,12,Istog
6,127,Lëvizja VETËVENDOSJE!,LV,8894,Istog
6,128,Partia Demokratike e Ashkanlive të Kosovës,PDAK,6,Istog
6,129,Ujedinjena Zajednica - Adrijana Hodžić,UZ-AH,80,Istog
6,130,Partia e Ashkalinjëve për Integrim,PAI,5,Istog
6,131,Nova Demokratska Stranka,NDS,122,Istog
6,132,Lidhja Demokratike e Kosovës,LDK,4893,Istog
6,133,Naša Inicijativa,NAŠA,24,Istog
6,134,Partia Demokratike e Kosovës,PDK,1881,Istog
6,135,Aleanca për Ardhmërinë e Kosovës,AAK,2226,Istog
6,136,Partia Liberale Egjiptiane,PLE,130,Istog
6,137,Jedinstvena Goranska Partija,JGP,4,Istog
6,138,FJALA,FJALA,13,Istog
7,111,Iniciativa e Re Demokratike e Kosovës,IRDK,10,Kaçanik
7,112,Kosova Demokratik Türk Partisi,KDTP,9,Kaçanik
7,113,Koalicija VAKAT,VAKAT,18,Kaçanik
7,114,Yenilikçi Türk Hareket Partisi,YTHP,3,Kaçanik
7,115,Gi Za Slobodu Pravdu i Opstanak,GI SPO,1,Kaçanik
7,116,Lëvizja për Bashkëveprim,LpB,13,Kaçanik
7,117,Partia Rome e Bashkuar e Kosovës,PREBK,1,Kaçanik
7,118,Srpski Demokratski Savez,SDS,0,Kaçanik
7,119,Srpska Lista,SL,1,Kaçanik
7,120,Partia Balliste,PB,2,Kaçanik
7,121,Nisma Socialdemokrate,NISMA,404,Kaçanik
7,122,Koalicija Zajeno,KZ,1,Kaçanik
7,123,Lëvizja Përparimtare e Romëve të Kosovës,LPRK,15,Kaçanik
7,124,Romani Iniciyativa,RI,3,Kaçanik
7,125,Socialdemokratska Unija,SDU,1,Kaçanik
7,126,Kosovaki Nevi Romani Partia,KNRP,12,Kaçanik
7,127,Lëvizja VETËVENDOSJE!,LV,9854,Kaçanik
7,128,Partia Demokratike e Ashkanlive të Kosovës,PDAK,13,Kaçanik
7,129,Ujedinjena Zajednica - Adrijana Hodžić,UZ-AH,2,Kaçanik
7,130,Partia e Ashkalinjëve për Integrim,PAI,2,Kaçanik
7,131,Nova Demokratska Stranka,NDS,1,Kaçanik
7,132,Lidhja Demokratike e Kosovës,LDK,1087,Kaçanik
7,133,Naša Inicijativa,NAŠA,13,Kaçanik
7,134,Partia Demokratike e Kosovës,PDK,4647,Kaçanik
7,135,Aleanca për Ardhmërinë e Kosovës,AAK,423,Kaçanik
7,136,Partia Liberale Egjiptiane,PLE,2,Kaçanik
7,137,Jedinstvena Goranska Partija,JGP,4,Kaçanik
7,138,FJALA,FJALA,8,Kaçanik
8,111,Iniciativa e Re Demokratike e Kosovës,IRDK,149,Klinë
8,112,Kosova Demokratik Türk Partisi,KDTP,0,Klinë
8,113,Koalicija VAKAT,VAKAT,16,Klinë
8,114,Yenilikçi Türk Hareket Partisi,YTHP,3,Klinë
8,115,Gi Za Slobodu Pravdu i Opstanak,GI SPO,2,Klinë
8,116,Lëvizja për Bashkëveprim,LpB,7,Klinë
8,117,Partia Rome e Bashkuar e Kosovës,PREBK,30,Klinë
8,118,Srpski Demokratski Savez,SDS,1,Klinë
8,119,Srpska Lista,SL,213,Klinë
8,120,Partia Balliste,PB,3,Klinë
8,121,Nisma Socialdemokrate,NISMA,464,Klinë
8,122,Koalicija Zajeno,KZ,1,Klinë
8,123,Lëvizja Përparimtare e Romëve të Kosovës,LPRK,23,Klinë
8,124,Romani Iniciyativa,RI,3,Klinë
8,125,Socialdemokratska Unija,SDU,11,Klinë
8,126,Kosovaki Nevi Romani Partia,KNRP,6,Klinë
8,127,Lëvizja VETËVENDOSJE!,LV,5566,Klinë
8,128,Partia Demokratike e Ashkanlive të Kosovës,PDAK,12,Klinë
8,129,Ujedinjena Zajednica - Adrijana Hodžić,UZ-AH,1,Klinë
8,130,Partia e Ashkalinjëve për Integrim,PAI,4,Klinë
8,131,Nova Demokratska Stranka,NDS,4,Klinë
8,132,Lidhja Demokratike e Kosovës,LDK,2901,Klinë
8,133,Naša Inicijativa,NAŠA,14,Klinë
8,134,Partia Demokratike e Kosovës,PDK,3754,Klinë
8,135,Aleanca për Ardhmërinë e Kosovës,AAK,3809,Klinë
8,136,Partia Liberale Egjiptiane,PLE,139,Klinë
8,137,Jedinstvena Goranska Partija,JGP,2,Klinë
8,138,FJALA,FJALA,7,Klinë
9,111,Iniciativa e Re Demokratike e Kosovës,IRDK,299,Fushë Kosovë
9,112,Kosova Demokratik Türk Partisi,KDTP,9,Fushë Kosovë
9,113,Koalicija VAKAT,VAKAT,14,Fushë Kosovë
9,114,Yenilikçi Türk Hareket Partisi,YTHP,4,Fushë Kosovë
9,115,Gi Za Slobodu Pravdu i Opstanak,GI SPO,17,Fushë Kosovë
9,116,Lëvizja për Bashkëveprim,LpB,76,Fushë Kosovë
9,117,Partia Rome e Bashkuar e Kosovës,PREBK,24,Fushë Kosovë
9,118,Srpski Demokratski Savez,SDS,7,Fushë Kosovë
9,119,Srpska Lista,SL,237,Fushë Kosovë
9,120,Partia Balliste,PB,3,Fushë Kosovë
9,121,Nisma Socialdemokrate,NISMA,395,Fushë Kosovë
9,122,Koalicija Zajeno,KZ,4,Fushë Kosovë
9,123,Lëvizja Përparimtare e Romëve të Kosovës,LPRK,26,Fushë Kosovë
9,124,Romani Iniciyativa,RI,55,Fushë Kosovë
9,125,Socialdemokratska Unija,SDU,4,Fushë Kosovë
9,126,Kosovaki Nevi Romani Partia,KNRP,11,Fushë Kosovë
9,127,Lëvizja VETËVENDOSJE!,LV,11371,Fushë Kosovë
9,128,Partia Demokratike e Ashkanlive të Kosovës,PDAK,181,Fushë Kosovë
9,129,Ujedinjena Zajednica - Adrijana Hodžić,UZ-AH,5,Fushë Kosovë
9,130,Partia e Ashkalinjëve për Integrim,PAI,331,Fushë Kosovë
9,131,Nova Demokratska Stranka,NDS,10,Fushë Kosovë
9,132,Lidhja Demokratike e Kosovës,LDK,3179,Fushë Kosovë
9,133,Naša Inicijativa,NAŠA,13,Fushë Kosovë
9,134,Partia Demokratike e Kosovës,PDK,2688,Fushë Kosovë
9,135,Aleanca për Ardhmërinë e Kosovës,AAK,463,Fushë Kosovë
9,136,Partia Liberale Egjiptiane,PLE,630,Fushë Kosovë
9,137,Jedinstvena Goranska Partija,JGP,5,Fushë Kosovë
9,138,FJALA,FJALA,32,Fushë Kosovë
